source_file,filepath_in_json,แบบฟอร์ม,จังหวัด,เขตเลือกตั้งที่,อำเภอ_เขต,ตำบล_แขวง_เทศบาล,หมู่ที่,หน่วยเลือกตั้งที่,ผู้มีสิทธิตามบัญชี,ผู้มาแสดงตน,บัตรที่ได้รับจัดสรร,บัตรที่ใช้,บัตรดี,บัตรเสีย,บัตรที่เหลือ,รวมคะแนนทั้งสิ้น,บัตรไม่เลือกพรรคใด,คะแนน_พรรค_1,คะแนน_พรรค_2,คะแนน_พรรค_3,คะแนน_พรรค_4,คะแนน_พรรค_5,คะแนน_พรรค_6,คะแนน_พรรค_7,คะแนน_พรรค_8,คะแนน_พรรค_9,คะแนน_พรรค_10,คะแนน_พรรค_11,คะแนน_พรรค_12,คะแนน_พรรค_13,คะแนน_พรรค_14,คะแนน_พรรค_15,คะแนน_พรรค_16,คะแนน_พรรค_17,คะแนน_พรรค_18,คะแนน_พรรค_19,คะแนน_พรรค_20,คะแนน_พรรค_21,คะแนน_พรรค_22,คะแนน_พรรค_23,คะแนน_พรรค_24,คะแนน_พรรค_25,คะแนน_พรรค_26,คะแนน_พรรค_27,คะแนน_พรรค_28,คะแนน_พรรค_29,คะแนน_พรรค_30,คะแนน_พรรค_31,คะแนน_พรรค_32,คะแนน_พรรค_33,คะแนน_พรรค_34,คะแนน_พรรค_35,คะแนน_พรรค_36,คะแนน_พรรค_37,คะแนน_พรรค_38,คะแนน_พรรค_39,คะแนน_พรรค_40,คะแนน_พรรค_41,คะแนน_พรรค_42,คะแนน_พรรค_43,คะแนน_พรรค_44,คะแนน_พรรค_45,คะแนน_พรรค_46,คะแนน_พรรค_47,คะแนน_พรรค_48,คะแนน_พรรค_49,คะแนน_พรรค_50,คะแนน_พรรค_51,คะแนน_พรรค_52,คะแนน_พรรค_53,คะแนน_พรรค_54,คะแนน_พรรค_55,คะแนน_พรรค_56,คะแนน_พรรค_57,คะแนน_พรรค_67
result\bch\เขตเลือกตั้งที่10\ชนบท\ปอแดง\หน่วยที่10หมู่ที่10.json,เขตเลือกตั้งที่10\ชนบท\ปอแดง\หน่วยที่10หมู่ที่10.pdf,ส.ส. ๕/๑๘ (บช),ขอนแก่น,10,ชนบท,ปอแดง,10,10,428,249,400,249,238,8,151,238,3,2,2,1,0,14,2,0,1,82,1,6,2,0,0,0,3,0,0,0,0,0,0,0,0,0,0,2,0,2,0,2,0,0,1,0,0,78,1,0,1,0,0,0,0,0,34,0,0,1,0,0,0,0,0,0,0,0,0
result\bch\เขตเลือกตั้งที่10\ชนบท\ปอแดง\หน่วยที่1หมู่ที่1.json,เขตเลือกตั้งที่10\ชนบท\ปอแดง\หน่วยที่1หมู่ที่1.pdf,ส.ส. ๕/๑๘ (บช),ขอนแก่น,10,ชนบท,ปอแดง,1,1,528,309,520,309,287,22,211,287,0,5,2,0,0,12,3,0,3,121,0,13,5,0,0,0,0,0,0,0,0,0,0,0,0,0,0,2,0,1,0,0,0,0,2,0,2,60,4,0,0,0,1,0,0,0,39,0,2,9,0,0,0,0,0,0,0,1,0
result\bch\เขตเลือกตั้งที่10\ชนบท\ปอแดง\หน่วยที่2หมู่ที่2.json,เขตเลือกตั้งที่10\ชนบท\ปอแดง\หน่วยที่2หมู่ที่2.pdf,ส.ส. ๕/๑๘ (บช),ขอนแก่น,10,ชนบท,ปอแดง,2,2,828,507,780,507,473,28,273,473,6,9,11,1,0,7,1,1,2,226,0,6,0,3,1,0,2,0,0,0,0,0,0,0,0,0,0,6,0,1,0,0,3,0,0,2,0,97,7,0,0,0,8,0,0,0,76,1,2,0,0,0,0,0,0,0,0,0,0
result\bch\เขตเลือกตั้งที่10\ชนบท\ปอแดง\หน่วยที่3หมู่ที่3.json,เขตเลือกตั้งที่10\ชนบท\ปอแดง\หน่วยที่3หมู่ที่3.pdf,ส.ส. ๕/๑๘ (บช),ขอนแก่น,10,ชนบท,ปอแดง,3,3,281,170,280,170,158,8,110,157,5,4,3,2,0,4,1,0,0,80,1,3,2,0,0,0,0,1,0,0,0,0,0,0,0,0,0,0,2,0,2,0,1,0,0,0,0,32,1,2,0,0,0,0,0,0,15,0,1,0,0,0,0,0,0,0,0,1,0
result\bch\เขตเลือกตั้งที่10\ชนบท\ปอแดง\หน่วยที่4หมู่ที่4.json,เขตเลือกตั้งที่10\ชนบท\ปอแดง\หน่วยที่4หมู่ที่4.pdf,ส.ส. ๕/๑๘ (บช),ขอนแก่น,10,ชนบท,ปอแดง,4,4,304,195,300,195,184,11,105,184,0,63,9,2,0,6,2,0,1,40,0,5,1,1,0,0,0,2,0,0,0,0,0,0,0,0,0,1,1,0,0,0,0,0,0,0,0,30,2,0,1,0,0,0,0,0,17,0,0,0,0,0,0,0,0,0,0,0,0
result\bch\เขตเลือกตั้งที่10\ชนบท\ปอแดง\หน่วยที่5หมู่ที่5.json,เขตเลือกตั้งที่10\ชนบท\ปอแดง\หน่วยที่5หมู่ที่5.pdf,ส.ส. ๕/๑๘ (บช),ขอนแก่น,10,ชนบท,ปอแดง,5,5,583,340,560,340,319,20,220,319,1,7,12,0,0,5,4,0,2,143,1,10,0,1,0,0,0,1,0,0,0,0,0,0,0,0,2,5,0,1,2,2,1,0,1,2,0,60,2,0,0,0,0,0,0,0,51,0,1,2,0,0,0,0,0,0,1,0,0
result\bch\เขตเลือกตั้งที่10\ชนบท\ปอแดง\หน่วยที่6หมู่ที่6.json,เขตเลือกตั้งที่10\ชนบท\ปอแดง\หน่วยที่6หมู่ที่6.pdf,ส.ส. ๕/๑๘ (บช),ขอนแก่น,10,ชนบท,ปอแดง,6,6,298,157,280,157,146,10,123,146,1,2,6,0,1,5,1,0,0,51,1,4,1,0,0,0,1,0,0,0,0,0,0,0,0,0,0,3,0,1,0,1,0,0,0,0,0,30,4,0,1,0,0,0,0,0,32,0,1,0,0,0,0,0,0,0,0,0,0
result\bch\เขตเลือกตั้งที่10\ชนบท\ปอแดง\หน่วยที่7หมู่ที่7.json,เขตเลือกตั้งที่10\ชนบท\ปอแดง\หน่วยที่7หมู่ที่7.pdf,ส.ส. ๕/๑๘ (บช),ขอนแก่น,10,ชนบท,ปอแดง,7,7,247,132,240,132,128,4,108,128,0,3,0,1,1,3,2,0,0,77,0,3,0,0,0,0,0,0,0,0,0,0,0,1,0,0,0,1,1,2,0,0,0,0,0,0,0,7,0,0,0,0,0,0,0,0,26,0,0,0,0,0,0,0,0,0,0,0,0
result\bch\เขตเลือกตั้งที่10\ชนบท\ปอแดง\หน่วยที่8หมู่ที่8.json,เขตเลือกตั้งที่10\ชนบท\ปอแดง\หน่วยที่8หมู่ที่8.pdf,ส.ส. ๕/๑๘ (บช),ขอนแก่น,10,ชนบท,ปอแดง,8,8,363,188,360,188,181,4,172,181,3,8,5,1,0,7,1,1,1,79,1,5,2,1,0,0,0,0,0,0,0,0,0,0,0,0,0,1,0,1,0,0,0,0,1,1,1,28,0,0,0,0,0,0,0,0,34,0,2,0,0,0,0,0,0,0,0,0,0
result\bch\เขตเลือกตั้งที่10\ชนบท\ปอแดง\หน่วยที่9หมู่ที่9.json,เขตเลือกตั้งที่10\ชนบท\ปอแดง\หน่วยที่9หมู่ที่9.pdf,ส.ส. ๕/๑๘ (บช),ขอนแก่น,10,ชนบท,ปอแดง,9,9,222,130,200,130,125,5,70,125,0,1,2,0,0,1,3,1,0,43,0,3,0,0,0,0,1,1,0,0,1,0,0,0,0,0,0,0,0,1,0,1,0,0,1,0,0,34,1,0,0,0,0,0,0,0,30,0,0,0,0,0,0,0,0,0,0,0,0
result\bch\เขตเลือกตั้งที่10\ชนบท\วังแสง\หน่วยที่10หมู่ที่10.json,เขตเลือกตั้งที่10\ชนบท\วังแสง\หน่วยที่10หมู่ที่10.pdf,ส.ส. ๕/๑๘ (บช),ขอนแก่น,10,ชนบท,วังแสง,10,10,550,286,520,286,260,25,234,260,1,7,4,1,0,13,0,0,3,115,2,4,2,1,0,1,0,1,0,0,0,0,0,0,0,0,0,3,1,0,4,1,3,0,3,0,1,46,1,0,0,0,0,0,0,1,40,0,1,1,0,0,0,0,0,0,0,0,0
result\bch\เขตเลือกตั้งที่10\ชนบท\วังแสง\หน่วยที่11หมู่ที่11.json,เขตเลือกตั้งที่10\ชนบท\วังแสง\หน่วยที่11หมู่ที่11.pdf,ส.ส. ๕/๑๘ (บช),ขอนแก่น,10,ชนบท,วังแสง,11,11,475,320,460,320,299,19,140,299,2,11,6,3,0,16,1,2,1,100,0,21,0,0,1,0,0,2,0,1,0,0,0,0,1,0,0,1,0,0,2,2,3,0,3,3,0,65,6,1,2,0,1,0,0,0,41,0,1,1,0,0,0,0,0,0,1,0,0
result\bch\เขตเลือกตั้งที่10\ชนบท\วังแสง\หน่วยที่1หมู่ที่1.json,เขตเลือกตั้งที่10\ชนบท\วังแสง\หน่วยที่1หมู่ที่1.pdf,ส.ส. ๕/๑๘ (บช),ขอนแก่น,10,ชนบท,วังแสง,1,1,485,282,460,282,253,23,178,253,6,13,2,1,1,7,3,0,1,76,1,7,1,1,0,0,1,0,0,0,1,0,0,0,0,0,0,4,0,0,0,0,2,0,1,0,1,69,6,0,1,0,0,3,0,0,47,1,1,1,0,0,0,0,0,0,0,0,0
result\bch\เขตเลือกตั้งที่10\ชนบท\วังแสง\หน่วยที่2หมู่ที่2.json,เขตเลือกตั้งที่10\ชนบท\วังแสง\หน่วยที่2หมู่ที่2.pdf,ส.ส. ๕/๑๘ (บช),ขอนแก่น,10,ชนบท,วังแสง,2,2,539,340,540,340,306,29,200,306,5,19,7,1,0,8,2,0,2,143,2,9,1,2,0,0,0,0,0,1,0,0,0,1,0,0,0,5,0,0,5,0,2,0,1,0,0,43,4,0,0,0,0,0,0,0,46,1,0,0,0,0,0,0,1,0,0,0,0
result\bch\เขตเลือกตั้งที่10\ชนบท\วังแสง\หน่วยที่3หมู่ที่3.json,เขตเลือกตั้งที่10\ชนบท\วังแสง\หน่วยที่3หมู่ที่3.pdf,ส.ส. ๕/๑๘ (บช),ขอนแก่น,10,ชนบท,วังแสง,3,3,780,420,780,420,384,35,320,394,1,13,5,3,0,28,3,1,0,147,1,14,1,2,0,0,1,0,1,1,0,0,1,0,3,0,0,1,0,1,0,1,1,0,1,0,1,86,2,1,0,0,0,0,0,1,56,1,5,1,0,0,0,0,0,0,0,0,0
result\bch\เขตเลือกตั้งที่10\ชนบท\วังแสง\หน่วยที่4หมู่ที่4.json,เขตเลือกตั้งที่10\ชนบท\วังแสง\หน่วยที่4หมู่ที่4.pdf,ส.ส. ๕/๑๘ (บช),ขอนแก่น,10,ชนบท,วังแสง,4,4,608,334,580,334,295,35,246,295,4,14,1,2,1,19,4,0,2,126,0,12,1,2,0,0,1,0,0,0,0,0,0,0,0,0,0,4,0,1,3,3,0,0,1,0,0,52,6,0,1,0,0,0,0,0,38,0,0,0,0,1,0,0,0,0,0,0,0
result\bch\เขตเลือกตั้งที่10\ชนบท\วังแสง\หน่วยที่5หมู่ที่5.json,เขตเลือกตั้งที่10\ชนบท\วังแสง\หน่วยที่5หมู่ที่5.pdf,ส.ส. ๕/๑๘ (บช),ขอนแก่น,10,ชนบท,วังแสง,5,5,253,142,142,142,131,10,98,131,1,7,1,0,0,2,3,0,0,71,0,3,0,0,0,0,0,0,0,0,0,0,0,0,0,0,0,1,0,0,0,1,0,0,0,0,0,21,1,0,0,0,0,0,0,0,20,0,0,0,0,0,0,0,0,0,0,0,0
result\bch\เขตเลือกตั้งที่10\ชนบท\วังแสง\หน่วยที่6หมู่ที่6.json,เขตเลือกตั้งที่10\ชนบท\วังแสง\หน่วยที่6หมู่ที่6.pdf,ส.ส. ๕/๑๘ (บช),ขอนแก่น,10,ชนบท,วังแสง,6,6,610,333,580,333,311,11,247,311,11,10,3,1,0,11,4,1,1,120,2,3,0,1,0,0,1,0,0,0,0,0,0,0,0,0,1,3,0,4,0,3,2,0,1,0,1,71,4,2,0,0,0,0,0,0,59,1,1,0,0,0,0,0,0,0,0,0,0
result\bch\เขตเลือกตั้งที่10\ชนบท\วังแสง\หน่วยที่7หมู่ที่7.json,เขตเลือกตั้งที่10\ชนบท\วังแสง\หน่วยที่7หมู่ที่7.pdf,ส.ส. ๕/๑๘ (บช),ขอนแก่น,10,ชนบท,วังแสง,7,7,722,398,700,398,367,26,302,367,5,9,10,2,5,17,3,0,0,117,1,15,1,1,0,0,0,2,0,0,1,1,0,1,1,0,0,3,0,0,2,0,1,1,4,1,0,75,6,0,0,0,1,0,1,1,78,1,2,1,0,0,0,0,0,1,1,0,0
result\bch\เขตเลือกตั้งที่10\ชนบท\วังแสง\หน่วยที่8หมู่ที่8.json,เขตเลือกตั้งที่10\ชนบท\วังแสง\หน่วยที่8หมู่ที่8.pdf,ส.ส. ๕/๑๘ (บช),ขอนแก่น,10,ชนบท,วังแสง,8,8,591,340,580,340,305,32,240,305,3,13,13,1,0,24,7,0,0,114,4,44,1,0,0,0,1,0,0,1,0,0,0,0,0,0,0,0,1,1,1,1,1,0,3,2,0,52,6,1,0,0,0,0,0,0,11,0,1,0,0,0,0,0,0,0,0,0,1
result\bch\เขตเลือกตั้งที่10\ชนบท\วังแสง\หน่วยที่9หมู่ที่9.json,เขตเลือกตั้งที่10\ชนบท\วังแสง\หน่วยที่9หมู่ที่9.pdf,ส.ส. ๕/๑๘ (บช),ขอนแก่น,10,ชนบท,วังแสง,9,9,347,183,340,183,169,5,157,169,9,5,1,0,0,8,0,0,0,79,0,5,2,1,0,0,1,0,0,0,0,0,0,0,0,0,0,0,0,0,1,0,0,0,0,0,0,41,0,0,0,0,0,0,0,0,25,0,0,0,0,0,0,0,0,0,0,0,0
result\bch\เขตเลือกตั้งที่10\ชนบท\ห้วยแก\หน่วยที่1หมู่ที่1.json,เขตเลือกตั้งที่10\ชนบท\ห้วยแก\หน่วยที่1หมู่ที่1.pdf,ส.ส. ๕/๑๘ (บช),ขอนแก่น,10,ชนบท,ห้วยแก,1,1,823,519,780,519,504,14,261,519,1,12,12,2,1,16,0,0,1,208,2,11,2,3,0,0,2,1,0,1,0,0,0,0,0,0,0,8,0,0,3,0,0,1,4,0,0,129,4,0,0,0,0,0,0,0,75,1,2,1,0,0,0,0,1,0,0,1,0
result\bch\เขตเลือกตั้งที่10\ชนบท\ห้วยแก\หน่วยที่2หมู่ที่2.json,เขตเลือกตั้งที่10\ชนบท\ห้วยแก\หน่วยที่2หมู่ที่2.pdf,ส.ส. ๕/๑๘ (บช),ขอนแก่น,10,ชนบท,ห้วยแก,2,2,687,454,660,454,432,17,206,432,5,10,8,0,0,11,1,0,0,175,2,13,1,2,0,0,0,1,0,0,0,0,0,0,1,0,0,12,1,1,2,2,1,0,2,1,1,88,3,0,0,0,0,0,1,0,87,0,1,4,0,0,0,0,0,0,0,0,0
result\bch\เขตเลือกตั้งที่10\ชนบท\ห้วยแก\หน่วยที่3หมู่ที่3.json,เขตเลือกตั้งที่10\ชนบท\ห้วยแก\หน่วยที่3หมู่ที่3.pdf,ส.ส. ๕/๑๘ (บช),ขอนแก่น,10,ชนบท,ห้วยแก,3,3,520,276,500,276,265,11,224,265,0,11,3,1,0,9,5,0,0,148,0,0,1,0,0,1,7,1,0,0,0,0,0,0,0,0,0,3,0,0,0,0,1,0,0,2,0,40,0,0,0,0,0,0,0,0,31,1,0,0,0,0,0,0,0,0,0,0,0
result\bch\เขตเลือกตั้งที่10\ชนบท\ห้วยแก\หน่วยที่4หมู่ที่4.json,เขตเลือกตั้งที่10\ชนบท\ห้วยแก\หน่วยที่4หมู่ที่4.pdf,ส.ส. ๕/๑๘ (บช),ขอนแก่น,10,ชนบท,ห้วยแก,4,4,809,474,760,474,454,19,286,454,1,8,6,3,0,13,6,0,2,229,2,13,1,3,0,0,2,1,0,0,0,0,0,0,0,0,1,12,0,1,1,0,0,0,2,0,1,60,3,0,0,1,0,2,0,1,74,1,4,1,0,0,0,0,0,0,0,0,0
result\bch\เขตเลือกตั้งที่10\ชนบท\ห้วยแก\หน่วยที่5หมู่ที่5.json,เขตเลือกตั้งที่10\ชนบท\ห้วยแก\หน่วยที่5หมู่ที่5.pdf,ส.ส. ๕/๑๘ (บช),ขอนแก่น,10,ชนบท,ห้วยแก,5,5,292,172,280,172,159,8,108,159,5,5,1,1,0,5,2,0,0,86,0,0,0,0,0,0,0,0,0,0,0,3,0,0,0,0,0,0,0,0,0,0,0,0,0,0,1,19,1,0,0,0,0,0,0,0,33,0,1,1,0,0,0,0,0,0,0,0,0
result\bch\เขตเลือกตั้งที่10\ชนบท\ห้วยแก\หน่วยที่6หมู่ที่6.json,เขตเลือกตั้งที่10\ชนบท\ห้วยแก\หน่วยที่6หมู่ที่6.pdf,ส.ส. ๕/๑๘ (บช),ขอนแก่น,10,ชนบท,ห้วยแก,6,6,610,380,600,380,355,23,220,355,2,13,9,3,0,19,6,0,1,157,2,10,1,3,0,0,0,0,0,0,0,0,0,0,1,0,0,5,2,0,0,0,1,0,2,2,1,60,4,0,0,0,0,0,0,0,53,0,0,0,0,0,0,0,0,0,0,0,0
result\bch\เขตเลือกตั้งที่10\ชนบท\ห้วยแก\หน่วยที่7หมู่ที่7.json,เขตเลือกตั้งที่10\ชนบท\ห้วยแก\หน่วยที่7หมู่ที่7.pdf,ส.ส. ๕/๑๘ (บช),ขอนแก่น,10,ชนบท,ห้วยแก,7,7,400,201,400,201,192,7,199,192,2,9,1,1,0,3,0,0,0,137,0,2,2,0,0,0,0,0,0,0,0,0,0,0,0,0,0,2,0,0,0,0,0,0,0,0,0,9,1,0,0,0,0,1,0,0,24,0,0,0,0,0,0,0,0,0,0,0,0
result\bch\เขตเลือกตั้งที่10\ชนบท\ห้วยแก\หน่วยที่8หมู่ที่8.json,เขตเลือกตั้งที่10\ชนบท\ห้วยแก\หน่วยที่8หมู่ที่8.pdf,ส.ส. ๕/๑๘ (บช),ขอนแก่น,10,ชนบท,ห้วยแก,8,8,591,340,580,340,305,32,240,305,3,13,13,1,0,24,7,0,0,114,4,44,1,0,0,0,1,0,0,1,0,0,0,0,0,0,0,0,1,1,1,1,1,0,3,2,0,52,6,1,0,0,0,0,0,0,11,0,1,0,0,0,0,0,0,0,0,1,0
result\bch\เขตเลือกตั้งที่10\ชนบท\ห้วยแก\หน่วยที่9หมู่ที่9.json,เขตเลือกตั้งที่10\ชนบท\ห้วยแก\หน่วยที่9หมู่ที่9.pdf,ส.ส. ๕/๑๘ (บช),ขอนแก่น,10,ชนบท,ห้วยแก,9,9,257,184,260,184,173,11,76,173,0,7,3,0,0,11,0,0,0,74,2,1,1,1,0,0,0,0,0,0,0,0,0,1,0,0,0,3,0,1,0,1,0,0,0,0,0,49,0,0,0,0,0,0,0,0,16,1,0,1,0,0,0,0,0,0,0,0,0
result\bch\เขตเลือกตั้งที่10\หนองสองห้อง\คึมชาด\หน่วยที่10หมู่ที่10.json,เขตเลือกตั้งที่10\หนองสองห้อง\คึมชาด\หน่วยที่10หมู่ที่10.pdf,ส.ส. ๕/๑๘ (บช),ขอนแก่น,10,หนองสองห้อง,คึมชาด,10,10,346,235,340,235,226,9,105,226,0,3,4,3,0,6,2,0,1,87,1,2,1,1,0,0,1,1,0,0,0,1,0,0,0,0,1,2,0,0,0,1,0,1,0,1,3,47,0,0,0,0,1,0,0,1,49,1,2,1,0,0,0,0,0,1,0,0,0
result\bch\เขตเลือกตั้งที่10\หนองสองห้อง\คึมชาด\หน่วยที่1หมู่ที่1.json,เขตเลือกตั้งที่10\หนองสองห้อง\คึมชาด\หน่วยที่1หมู่ที่1.pdf,ส.ส. ๕/๑๘ (บช),ขอนแก่น,10,หนองสองห้อง,คึมชาด,1,1,412,229,400,229,219,6,171,219,4,5,7,0,0,1,0,0,2,122,0,4,3,2,0,1,1,0,0,1,0,0,0,0,1,0,0,2,0,0,0,0,0,0,0,0,0,36,3,0,0,0,0,0,0,0,28,0,0,0,0,0,0,0,0,0,0,0,0
result\bch\เขตเลือกตั้งที่10\หนองสองห้อง\คึมชาด\หน่วยที่2หมู่ที่2.json,เขตเลือกตั้งที่10\หนองสองห้อง\คึมชาด\หน่วยที่2หมู่ที่2.pdf,ส.ส. ๕/๑๘ (บช),ขอนแก่น,10,หนองสองห้อง,คึมชาด,2,2,385,274,400,274,260,8,126,260,6,5,3,1,1,4,0,0,1,113,0,9,2,0,0,0,1,1,0,0,0,1,1,0,0,0,1,2,0,0,1,0,1,0,0,1,0,46,2,1,0,0,0,1,0,0,56,1,0,3,0,0,0,1,0,0,0,0,0
result\bch\เขตเลือกตั้งที่10\หนองสองห้อง\คึมชาด\หน่วยที่3หมู่ที่3.json,เขตเลือกตั้งที่10\หนองสองห้อง\คึมชาด\หน่วยที่3หมู่ที่3.pdf,ส.ส. ๕/๑๘ (บช),ขอนแก่น,10,หนองสองห้อง,คึมชาด,3,3,631,363,600,363,343,20,237,343,0,7,10,1,0,13,2,0,1,132,3,5,3,1,0,1,0,0,0,0,0,0,0,0,0,0,1,0,0,1,3,2,0,0,1,1,1,79,3,0,0,0,1,0,0,0,69,0,1,1,0,0,0,0,0,0,0,0,0
result\bch\เขตเลือกตั้งที่10\หนองสองห้อง\คึมชาด\หน่วยที่4หมู่ที่4.json,เขตเลือกตั้งที่10\หนองสองห้อง\คึมชาด\หน่วยที่4หมู่ที่4.pdf,ส.ส. ๕/๑๘ (บช),ขอนแก่น,10,หนองสองห้อง,คึมชาด,4,4,588,361,580,361,346,14,219,361,1,8,3,3,0,10,3,1,0,142,1,10,11,0,0,0,2,0,0,0,1,0,0,0,0,0,0,4,1,0,1,2,2,0,0,0,0,55,2,1,0,1,0,1,0,0,73,1,2,0,0,1,0,0,0,4,0,0,0
result\bch\เขตเลือกตั้งที่10\หนองสองห้อง\คึมชาด\หน่วยที่5หมู่ที่5.json,เขตเลือกตั้งที่10\หนองสองห้อง\คึมชาด\หน่วยที่5หมู่ที่5.pdf,ส.ส. ๕/๑๘ (บช),ขอนแก่น,10,หนองสองห้อง,คึมชาด,5,5,654,361,620,361,354,3,259,354,4,10,3,32,31,11,15,0,0,14,0,10,2,1,0,0,0,0,0,0,0,0,0,0,0,0,1,3,0,0,1,0,1,1,2,0,0,87,2,0,1,0,0,0,0,0,123,0,2,0,0,0,0,0,0,0,0,1,0
result\bch\เขตเลือกตั้งที่10\หนองสองห้อง\คึมชาด\หน่วยที่6หมู่ที่6.json,เขตเลือกตั้งที่10\หนองสองห้อง\คึมชาด\หน่วยที่6หมู่ที่6.pdf,ส.ส. ๕/๑๘ (บช),ขอนแก่น,10,หนองสองห้อง,คึมชาด,6,6,668,421,640,421,394,25,219,394,2,9,9,1,1,20,4,1,2,174,0,6,2,8,2,0,0,0,0,0,1,0,1,1,0,0,0,4,0,1,1,1,0,0,0,0,1,70,5,0,0,0,0,0,0,0,64,0,0,4,0,0,0,1,0,0,0,0,0
result\bch\เขตเลือกตั้งที่10\หนองสองห้อง\คึมชาด\หน่วยที่7หมู่ที่7.json,เขตเลือกตั้งที่10\หนองสองห้อง\คึมชาด\หน่วยที่7หมู่ที่7.pdf,ส.ส. ๕/๑๘ (บช),ขอนแก่น,10,หนองสองห้อง,คึมชาด,7,7,615,355,580,355,330,24,225,330,1,6,10,2,1,7,7,0,3,120,3,10,1,0,1,0,0,0,0,0,0,0,0,0,1,0,0,4,2,0,0,0,1,0,0,1,0,54,2,1,0,0,0,1,0,0,89,0,2,0,0,0,0,0,0,0,1,0,0
result\bch\เขตเลือกตั้งที่10\หนองสองห้อง\คึมชาด\หน่วยที่8หมู่ที่8.json,เขตเลือกตั้งที่10\หนองสองห้อง\คึมชาด\หน่วยที่8หมู่ที่8.pdf,ส.ส. ๕/๑๘ (บช),ขอนแก่น,10,หนองสองห้อง,คึมชาด,8,8,371,220,360,220,213,7,140,213,0,9,3,2,0,4,0,1,1,92,3,15,0,0,0,0,0,0,0,0,0,0,0,0,0,0,1,0,1,0,0,0,1,0,0,0,0,17,0,1,1,1,0,0,0,0,60,0,0,0,0,0,0,0,0,0,0,0,0
result\bch\เขตเลือกตั้งที่10\หนองสองห้อง\คึมชาด\หน่วยที่9หมู่ที่9.json,เขตเลือกตั้งที่10\หนองสองห้อง\คึมชาด\หน่วยที่9หมู่ที่9.pdf,ส.ส. ๕/๑๘ (บช),ขอนแก่น,10,หนองสองห้อง,คึมชาด,9,9,664,414,680,414,381,33,266,381,0,9,4,7,0,18,2,0,2,124,0,16,4,1,0,0,1,1,0,0,0,0,0,1,0,0,0,5,0,1,1,1,0,0,0,1,1,80,5,3,0,3,0,0,0,0,85,0,3,0,0,0,0,0,0,0,1,1,0
result\bch\เขตเลือกตั้งที่10\หนองสองห้อง\ดงเค็ง\หน่วยที่10หมู่ที่10.json,เขตเลือกตั้งที่10\หนองสองห้อง\ดงเค็ง\หน่วยที่10หมู่ที่10.pdf,ส.ส. ๕/๑๘ (บช),ขอนแก่น,10,หนองสองห้อง,ดงเค็ง,10,10,220,134,220,134,125,7,86,125,2,5,3,0,1,2,1,0,0,53,0,4,0,1,0,0,0,0,0,0,2,0,0,0,0,0,0,0,6,0,0,1,0,1,0,0,0,27,0,0,0,0,0,0,0,0,18,0,0,0,0,0,0,0,0,0,0,0,0
result\bch\เขตเลือกตั้งที่10\หนองสองห้อง\ดงเค็ง\หน่วยที่11หมู่ที่11.json,เขตเลือกตั้งที่10\หนองสองห้อง\ดงเค็ง\หน่วยที่11หมู่ที่11.pdf,ส.ส. ๕/๑๘ (บช),ขอนแก่น,10,หนองสองห้อง,ดงเค็ง,11,11,323,189,300,189,179,4,111,179,6,1,1,1,0,2,1,0,0,72,1,7,1,1,0,0,0,0,0,0,0,0,0,0,0,0,1,4,0,20,0,6,2,0,0,0,1,40,0,0,0,0,0,0,0,0,16,1,0,0,0,0,0,0,0,0,0,0,0
result\bch\เขตเลือกตั้งที่10\หนองสองห้อง\ดงเค็ง\หน่วยที่12หมู่ที่12.json,เขตเลือกตั้งที่10\หนองสองห้อง\ดงเค็ง\หน่วยที่12หมู่ที่12.pdf,ส.ส. ๕/๑๘ (บช),ขอนแก่น,10,หนองสองห้อง,ดงเค็ง,12,12,208,100,220,100,96,4,120,96,0,1,3,2,0,3,0,0,0,42,0,8,0,0,0,0,0,0,0,0,0,0,0,0,0,0,0,2,0,0,1,0,1,0,2,0,0,16,3,0,0,0,0,0,0,0,11,0,1,0,0,0,0,0,0,0,0,0,0
result\bch\เขตเลือกตั้งที่10\หนองสองห้อง\ดงเค็ง\หน่วยที่13หมู่ที่13.json,เขตเลือกตั้งที่10\หนองสองห้อง\ดงเค็ง\หน่วยที่13หมู่ที่13.pdf,ส.ส. ๕/๑๘ (บช),ขอนแก่น,10,หนองสองห้อง,ดงเค็ง,13,13,547,337,520,337,319,6,183,319,12,5,4,1,0,6,6,0,0,122,1,11,0,3,0,0,2,0,0,0,0,1,0,0,0,0,1,3,1,0,3,2,0,0,0,0,2,65,3,0,0,0,0,0,0,0,74,0,0,1,0,1,0,0,0,1,0,0,0
result\bch\เขตเลือกตั้งที่10\หนองสองห้อง\ดงเค็ง\หน่วยที่1หมู่ที่1.json,เขตเลือกตั้งที่10\หนองสองห้อง\ดงเค็ง\หน่วยที่1หมู่ที่1.pdf,ส.ส. ๕/๑๘ (บช),ขอนแก่น,10,หนองสองห้อง,ดงเค็ง,1,1,464,245,245,245,227,13,255,227,5,5,4,0,1,10,3,0,1,88,2,19,2,1,0,1,2,0,0,0,0,0,0,0,0,0,0,1,0,0,0,0,0,0,0,0,0,0,48,0,0,0,1,0,0,0,37,0,1,0,0,0,0,0,0,0,0,0,0
result\bch\เขตเลือกตั้งที่10\หนองสองห้อง\ดงเค็ง\หน่วยที่2หมู่ที่2.json,เขตเลือกตั้งที่10\หนองสองห้อง\ดงเค็ง\หน่วยที่2หมู่ที่2.pdf,ส.ส. ๕/๑๘ (บช),ขอนแก่น,10,หนองสองห้อง,ดงเค็ง,2,2,538,291,500,291,273,12,209,273,6,5,4,1,0,7,5,0,1,97,2,8,2,3,0,0,1,0,0,0,0,0,0,0,0,0,0,1,0,0,0,0,0,0,4,0,0,66,3,0,0,0,0,0,0,0,63,0,0,0,0,0,0,0,0,0,0,0,0
result\bch\เขตเลือกตั้งที่10\หนองสองห้อง\ดงเค็ง\หน่วยที่3หมู่ที่3.json,เขตเลือกตั้งที่10\หนองสองห้อง\ดงเค็ง\หน่วยที่3หมู่ที่3.pdf,ส.ส. ๕/๑๘ (บช),ขอนแก่น,10,หนองสองห้อง,ดงเค็ง,3,3,533,275,520,275,259,14,245,259,2,8,5,2,1,10,1,0,1,120,0,8,1,0,0,0,0,1,0,0,0,0,0,0,0,0,1,0,0,0,2,0,2,2,1,0,0,32,1,0,3,0,0,0,0,0,55,0,2,0,0,0,0,0,0,0,0,0,0
result\bch\เขตเลือกตั้งที่10\หนองสองห้อง\ดงเค็ง\หน่วยที่4หมู่ที่4.json,เขตเลือกตั้งที่10\หนองสองห้อง\ดงเค็ง\หน่วยที่4หมู่ที่4.pdf,ส.ส. ๕/๑๘ (บช),ขอนแก่น,10,หนองสองห้อง,ดงเค็ง,4,4,186,97,180,97,92,5,83,92,0,2,0,1,0,2,2,0,0,57,0,1,0,0,0,0,0,0,0,1,0,0,0,0,0,0,0,0,0,0,0,0,0,0,0,0,0,14,0,0,0,0,0,0,0,0,12,0,0,0,0,0,0,0,0,0,0,0,0
result\bch\เขตเลือกตั้งที่10\หนองสองห้อง\ดงเค็ง\หน่วยที่5หมู่ที่5.json,เขตเลือกตั้งที่10\หนองสองห้อง\ดงเค็ง\หน่วยที่5หมู่ที่5.pdf,ส.ส. ๕/๑๘ (บช),ขอนแก่น,10,หนองสองห้อง,ดงเค็ง,5,5,529,272,272,272,257,11,248,257,4,6,5,1,0,11,0,1,2,98,2,6,0,1,0,0,1,0,0,0,0,0,0,0,0,0,0,1,0,0,0,0,1,0,2,0,1,69,4,1,1,0,1,1,0,1,36,1,1,2,0,0,0,0,0,0,0,0,0
result\bch\เขตเลือกตั้งที่10\หนองสองห้อง\ดงเค็ง\หน่วยที่6หมู่ที่2.json,เขตเลือกตั้งที่10\หนองสองห้อง\ดงเค็ง\หน่วยที่6หมู่ที่2.pdf,ส.ส. ๕/๑๘ (บช),ขอนแก่น,10,หนองสองห้อง,ดงเค็ง,2,6,392,209,360,209,196,13,151,196,0,7,6,1,0,4,0,0,1,79,0,10,2,0,1,0,0,0,0,0,0,0,0,0,0,0,1,0,0,1,2,0,0,0,0,0,0,40,2,0,0,0,0,0,0,0,39,0,0,0,0,0,0,0,0,0,0,0,0
result\bch\เขตเลือกตั้งที่10\หนองสองห้อง\ดงเค็ง\หน่วยที่7หมู่ที่7.json,เขตเลือกตั้งที่10\หนองสองห้อง\ดงเค็ง\หน่วยที่7หมู่ที่7.pdf,ส.ส. ๕/๑๘ (บช),ขอนแก่น,10,หนองสองห้อง,ดงเค็ง,7,7,701,408,660,408,377,25,252,377,6,6,5,1,0,13,5,0,0,183,0,4,0,0,0,0,3,0,0,0,0,0,0,0,0,0,1,3,0,0,0,0,0,0,1,0,3,66,2,0,0,0,0,6,0,0,72,1,2,0,0,0,0,0,0,0,0,0,0
result\bch\เขตเลือกตั้งที่10\หนองสองห้อง\ดงเค็ง\หน่วยที่8หมู่ที่8.json,เขตเลือกตั้งที่10\หนองสองห้อง\ดงเค็ง\หน่วยที่8หมู่ที่8.pdf,ส.ส. ๕/๑๘ (บช),ขอนแก่น,10,หนองสองห้อง,ดงเค็ง,8,8,482,270,460,270,251,15,140,253,4,9,5,2,0,12,4,0,4,55,0,13,0,1,0,0,0,0,0,0,0,0,0,0,0,0,0,0,0,0,1,1,1,1,0,1,0,54,1,0,0,0,1,0,0,0,84,0,0,0,0,0,0,0,0,0,0,1,0
result\bch\เขตเลือกตั้งที่10\หนองสองห้อง\ดงเค็ง\หน่วยที่9หมู่ที่1.json,เขตเลือกตั้งที่10\หนองสองห้อง\ดงเค็ง\หน่วยที่9หมู่ที่1.pdf,ส.ส. ๕/๑๘ (บช),ขอนแก่น,10,หนองสองห้อง,ดงเค็ง,1,9,269,165,280,165,157,8,115,157,0,3,2,0,0,8,1,0,0,74,0,2,2,1,0,1,3,0,0,0,0,0,0,0,0,0,0,0,1,0,0,0,1,0,0,0,0,22,1,1,0,0,0,0,0,0,33,0,1,0,0,0,0,0,0,0,0,0,0
result\bch\เขตเลือกตั้งที่10\หนองสองห้อง\ดอนดั่ง\หน่วยที่10หมู่ที่10.json,เขตเลือกตั้งที่10\หนองสองห้อง\ดอนดั่ง\หน่วยที่10หมู่ที่10.pdf,ส.ส. ๕/๑๘ (บช),ขอนแก่น,10,หนองสองห้อง,ดอนดั่ง,10,10,98,76,100,76,74,0,24,74,2,1,1,0,0,2,3,0,1,24,2,1,1,1,0,0,0,0,0,0,0,0,0,0,0,0,0,1,0,0,0,0,0,0,1,0,0,16,0,0,0,0,0,0,0,0,14,0,2,3,0,0,0,0,0,0,0,0,0
result\bch\เขตเลือกตั้งที่10\หนองสองห้อง\ดอนดั่ง\หน่วยที่1หมู่ที่1.json,เขตเลือกตั้งที่10\หนองสองห้อง\ดอนดั่ง\หน่วยที่1หมู่ที่1.pdf,ส.ส. ๕/๑๘ (บช),ขอนแก่น,10,หนองสองห้อง,ดอนดั่ง,1,1,407,196,196,196,182,12,184,182,2,2,1,3,0,4,3,0,1,50,1,3,1,1,1,0,0,0,0,0,0,1,0,0,0,0,0,5,0,0,0,0,0,0,1,0,0,51,1,0,0,1,1,1,0,1,45,0,2,0,0,0,0,0,0,0,0,1,0
result\bch\เขตเลือกตั้งที่10\หนองสองห้อง\ดอนดั่ง\หน่วยที่2หมู่ที่2.json,เขตเลือกตั้งที่10\หนองสองห้อง\ดอนดั่ง\หน่วยที่2หมู่ที่2.pdf,ส.ส. ๕/๑๘ (บช),ขอนแก่น,10,หนองสองห้อง,ดอนดั่ง,2,2,478,282,460,282,269,12,178,269,1,5,4,1,0,6,0,0,0,126,0,4,0,1,1,0,2,1,0,0,0,0,0,0,0,0,0,0,0,0,0,0,0,0,2,1,1,45,1,0,0,0,0,0,1,0,64,0,3,0,0,0,0,0,0,0,0,0,0
result\bch\เขตเลือกตั้งที่10\หนองสองห้อง\ดอนดั่ง\หน่วยที่3หมู่ที่3.json,เขตเลือกตั้งที่10\หนองสองห้อง\ดอนดั่ง\หน่วยที่3หมู่ที่3.pdf,ส.ส. ๕/๑๘ (บช),ขอนแก่น,10,หนองสองห้อง,ดอนดั่ง,3,3,315,160,300,160,151,9,140,151,0,4,1,1,0,3,5,0,2,65,0,2,0,1,1,0,0,0,0,0,0,0,0,0,0,0,0,1,0,0,0,1,1,0,0,0,0,25,1,1,0,0,0,0,0,0,35,0,0,0,0,0,0,0,0,0,0,0,1
result\bch\เขตเลือกตั้งที่10\หนองสองห้อง\ดอนดั่ง\หน่วยที่4หมู่ที่4.json,เขตเลือกตั้งที่10\หนองสองห้อง\ดอนดั่ง\หน่วยที่4หมู่ที่4.pdf,ส.ส. ๕/๑๘ (บช),ขอนแก่น,10,หนองสองห้อง,ดอนดั่ง,4,4,624,398,620,398,353,42,222,353,3,3,9,4,1,13,3,1,4,100,1,5,2,3,0,1,0,3,1,0,0,0,0,0,1,0,0,3,0,1,2,2,0,1,0,0,0,86,1,0,0,0,0,3,0,0,90,3,4,1,0,0,0,0,0,0,0,0,1
result\bch\เขตเลือกตั้งที่10\หนองสองห้อง\ดอนดั่ง\หน่วยที่5หมู่ที่5.json,เขตเลือกตั้งที่10\หนองสองห้อง\ดอนดั่ง\หน่วยที่5หมู่ที่5.pdf,ส.ส. ๕/๑๘ (บช),ขอนแก่น,10,หนองสองห้อง,ดอนดั่ง,5,5,258,187,260,187,174,9,73,174,4,0,0,1,0,5,1,0,1,59,1,8,2,2,0,0,1,1,0,0,0,0,0,0,0,0,1,3,0,0,1,1,1,0,0,0,1,36,0,0,0,0,0,0,0,0,44,0,3,0,0,0,0,0,0,1,0,0,0
result\bch\เขตเลือกตั้งที่10\หนองสองห้อง\ดอนดั่ง\หน่วยที่6หมู่ที่6.json,เขตเลือกตั้งที่10\หนองสองห้อง\ดอนดั่ง\หน่วยที่6หมู่ที่6.pdf,ส.ส. ๕/๑๘ (บช),ขอนแก่น,10,หนองสองห้อง,ดอนดั่ง,6,6,325,203,320,203,190,11,117,190,2,2,3,1,1,3,4,0,1,78,1,5,1,0,0,0,0,0,0,0,0,0,0,1,0,0,0,3,0,0,0,0,0,0,0,2,0,48,0,1,0,0,0,0,0,0,33,0,2,0,0,0,0,0,0,0,0,0,0
result\bch\เขตเลือกตั้งที่10\หนองสองห้อง\ดอนดั่ง\หน่วยที่7หมู่ที่7.json,เขตเลือกตั้งที่10\หนองสองห้อง\ดอนดั่ง\หน่วยที่7หมู่ที่7.pdf,ส.ส. ๕/๑๘ (บช),ขอนแก่น,10,หนองสองห้อง,ดอนดั่ง,7,7,483,296,460,296,269,23,164,269,4,5,3,1,1,17,1,0,2,86,1,6,2,3,0,0,0,0,0,0,1,0,0,0,0,0,0,2,0,1,0,0,0,0,1,0,1,66,4,0,0,0,1,0,0,0,60,1,1,2,0,0,0,0,0,0,0,0,0
result\bch\เขตเลือกตั้งที่10\หนองสองห้อง\ดอนดั่ง\หน่วยที่8หมู่ที่8.json,เขตเลือกตั้งที่10\หนองสองห้อง\ดอนดั่ง\หน่วยที่8หมู่ที่8.pdf,ส.ส. ๕/๑๘ (บช),ขอนแก่น,10,หนองสองห้อง,ดอนดั่ง,8,8,344,208,360,208,198,10,152,198,0,2,2,1,0,5,0,0,1,90,1,3,0,1,0,0,0,0,0,0,0,0,0,0,0,0,0,3,1,0,0,1,0,0,1,0,0,31,4,0,0,0,0,1,0,1,46,0,3,0,0,0,0,0,0,0,0,0,0
result\bch\เขตเลือกตั้งที่10\หนองสองห้อง\ดอนดั่ง\หน่วยที่9หมู่ที่9.json,เขตเลือกตั้งที่10\หนองสองห้อง\ดอนดั่ง\หน่วยที่9หมู่ที่9.pdf,ส.ส. ๕/๑๘ (บช),ขอนแก่น,10,หนองสองห้อง,ดอนดั่ง,9,9,277,170,280,170,158,12,110,158,0,2,4,1,0,4,0,0,1,68,1,11,3,0,0,1,0,0,0,0,0,0,1,0,0,0,0,0,0,0,0,0,0,1,2,0,1,27,3,1,0,0,0,0,0,0,25,0,0,0,0,1,0,0,0,0,0,0,0
result\bch\เขตเลือกตั้งที่10\หนองสองห้อง\ดอนดู่\หน่วยที่10หมู่ที่10.json,เขตเลือกตั้งที่10\หนองสองห้อง\ดอนดู่\หน่วยที่10หมู่ที่10.pdf,ส.ส. ๕/๑๘ (บช),ขอนแก่น,10,หนองสองห้อง,ดอนดู่,10,10,212,118,117,1,117,1,82,117,0,2,6,0,0,9,1,0,0,47,0,3,0,0,0,0,0,0,0,1,0,0,0,0,1,0,0,3,0,0,0,0,0,0,0,0,0,23,1,0,0,0,1,0,0,0,13,0,3,3,0,0,0,0,0,0,0,0,0
result\bch\เขตเลือกตั้งที่10\หนองสองห้อง\ดอนดู่\หน่วยที่11หมู่ที่11.json,เขตเลือกตั้งที่10\หนองสองห้อง\ดอนดู่\หน่วยที่11หมู่ที่11.pdf,ส.ส. ๕/๑๘ (บช),ขอนแก่น,10,หนองสองห้อง,ดอนดู่,11,11,263,148,260,148,136,12,112,136,0,4,3,0,0,8,0,1,0,63,0,1,1,0,0,0,0,0,0,0,0,0,0,0,0,0,0,2,1,0,1,2,0,0,1,0,0,30,2,0,0,0,0,0,0,0,16,0,0,0,0,0,0,0,0,0,0,0,0
result\bch\เขตเลือกตั้งที่10\หนองสองห้อง\ดอนดู่\หน่วยที่12หมู่ที่12.json,เขตเลือกตั้งที่10\หนองสองห้อง\ดอนดู่\หน่วยที่12หมู่ที่12.pdf,ส.ส. ๕/๑๘ (บช),ขอนแก่น,10,หนองสองห้อง,ดอนดู่,12,12,456,267,440,267,248,19,173,248,0,6,3,1,1,16,1,1,3,63,0,2,0,2,0,0,0,0,0,0,0,0,0,1,0,0,0,1,0,0,2,1,0,2,0,0,2,80,1,1,0,1,0,1,0,0,56,0,0,0,0,0,0,0,0,0,0,0,0
result\bch\เขตเลือกตั้งที่10\หนองสองห้อง\ดอนดู่\หน่วยที่1หมู่ที่1.json,เขตเลือกตั้งที่10\หนองสองห้อง\ดอนดู่\หน่วยที่1หมู่ที่1.pdf,ส.ส. ๕/๑๘ (บช),ขอนแก่น,10,หนองสองห้อง,ดอนดู่,1,1,798,437,760,437,417,18,323,417,2,9,5,0,0,23,1,0,1,170,0,7,1,0,0,1,1,1,0,0,0,0,0,0,0,1,0,3,0,0,0,2,0,0,1,1,1,111,7,1,0,0,0,0,0,0,60,0,3,6,0,0,0,0,0,0,0,0,0
result\bch\เขตเลือกตั้งที่10\หนองสองห้อง\ดอนดู่\หน่วยที่2หมู่ที่2.json,เขตเลือกตั้งที่10\หนองสองห้อง\ดอนดู่\หน่วยที่2หมู่ที่2.pdf,ส.ส. ๕/๑๘ (บช),ขอนแก่น,10,หนองสองห้อง,ดอนดู่,2,2,843,472,820,472,453,15,348,453,4,11,9,2,0,17,3,1,1,254,2,13,0,2,0,0,0,0,0,0,0,0,0,0,0,0,1,1,0,0,1,0,0,0,0,1,0,51,5,1,0,0,0,0,0,0,73,1,0,1,0,0,0,0,0,1,1,0,0
result\bch\เขตเลือกตั้งที่10\หนองสองห้อง\ดอนดู่\หน่วยที่3หมู่ที่3.json,เขตเลือกตั้งที่10\หนองสองห้อง\ดอนดู่\หน่วยที่3หมู่ที่3.pdf,ส.ส. ๕/๑๘ (บช),ขอนแก่น,10,หนองสองห้อง,ดอนดู่,3,3,717,358,680,358,336,20,322,336,2,3,9,0,0,10,1,2,0,155,3,11,3,1,0,0,2,1,0,0,0,0,0,1,0,0,0,1,1,0,0,1,0,1,3,2,1,74,2,1,0,0,0,0,0,0,47,0,0,0,0,0,0,0,0,0,0,0,0
result\bch\เขตเลือกตั้งที่10\หนองสองห้อง\ดอนดู่\หน่วยที่4หมู่ที่4.json,เขตเลือกตั้งที่10\หนองสองห้อง\ดอนดู่\หน่วยที่4หมู่ที่4.pdf,ส.ส. ๕/๑๘ (บช),ขอนแก่น,10,หนองสองห้อง,ดอนดู่,4,4,637,398,620,398,375,16,222,375,7,9,12,3,0,10,5,1,1,156,0,19,1,1,0,0,1,1,0,0,0,0,0,1,0,0,0,2,0,1,1,0,1,0,1,0,0,85,2,0,0,0,0,0,0,0,57,0,1,1,0,0,0,0,0,1,1,0,0
result\bch\เขตเลือกตั้งที่10\หนองสองห้อง\ดอนดู่\หน่วยที่5หมู่ที่5.json,เขตเลือกตั้งที่10\หนองสองห้อง\ดอนดู่\หน่วยที่5หมู่ที่5.pdf,ส.ส. ๕/๑๘ (บช),ขอนแก่น,10,หนองสองห้อง,ดอนดู่,5,5,431,260,410,260,244,15,150,244,1,6,7,0,0,14,1,2,1,85,0,1,1,1,0,0,0,1,0,0,1,0,0,0,0,0,0,0,0,0,3,1,0,0,2,0,0,71,3,0,0,0,0,1,1,0,37,0,3,0,0,1,0,0,0,0,0,0,0
result\bch\เขตเลือกตั้งที่10\หนองสองห้อง\ดอนดู่\หน่วยที่6หมู่ที่6.json,เขตเลือกตั้งที่10\หนองสองห้อง\ดอนดู่\หน่วยที่6หมู่ที่6.pdf,ส.ส. ๕/๑๘ (บช),ขอนแก่น,10,หนองสองห้อง,ดอนดู่,6,6,759,438,740,438,415,20,302,415,3,8,10,5,2,13,5,0,1,139,1,9,1,1,1,0,1,0,0,0,0,0,1,0,0,0,5,3,1,1,0,1,1,1,4,1,0,121,4,0,0,0,2,2,0,0,70,0,0,0,0,0,0,0,0,0,0,0,0
result\bch\เขตเลือกตั้งที่10\หนองสองห้อง\ดอนดู่\หน่วยที่7หมู่ที่7.json,เขตเลือกตั้งที่10\หนองสองห้อง\ดอนดู่\หน่วยที่7หมู่ที่7.pdf,ส.ส. ๕/๑๘ (บช),ขอนแก่น,10,หนองสองห้อง,ดอนดู่,7,7,375,209,380,209,201,0,171,201,0,7,4,0,0,0,1,0,0,101,1,3,1,0,0,0,1,1,0,0,0,0,0,1,0,0,0,1,0,0,1,1,0,0,0,0,0,35,1,0,0,0,0,0,0,0,41,0,0,0,0,0,0,0,0,0,0,0,0
result\bch\เขตเลือกตั้งที่10\หนองสองห้อง\ดอนดู่\หน่วยที่8หมู่ที่8.json,เขตเลือกตั้งที่10\หนองสองห้อง\ดอนดู่\หน่วยที่8หมู่ที่8.pdf,ส.ส. ๕/๑๘ (บช),ขอนแก่น,10,หนองสองห้อง,ดอนดู่,8,8,574,345,560,346,334,12,214,333,0,7,3,0,0,20,5,0,1,155,0,7,0,0,0,0,0,0,0,0,0,0,1,0,0,0,0,3,0,2,0,1,0,1,5,1,0,66,3,1,0,0,0,0,0,1,47,0,3,1,0,0,0,0,0,0,0,0,0
result\bch\เขตเลือกตั้งที่10\หนองสองห้อง\ดอนดู่\หน่วยที่9หมู่ที่9.json,เขตเลือกตั้งที่10\หนองสองห้อง\ดอนดู่\หน่วยที่9หมู่ที่9.pdf,ส.ส. ๕/๑๘ (บช),ขอนแก่น,10,หนองสองห้อง,ดอนดู่,9,9,717,348,680,348,311,27,332,311,10,8,4,2,1,16,3,0,3,134,0,10,1,0,0,0,1,0,0,0,0,0,0,2,0,0,0,0,0,1,1,1,2,0,0,2,0,65,5,0,1,0,0,1,0,0,43,0,3,0,0,0,0,0,0,0,1,0,0
result\bch\เขตเลือกตั้งที่10\หนองสองห้อง\ตะกั่วป่า\หน่วยที่10หมู่ที่10.json,เขตเลือกตั้งที่10\หนองสองห้อง\ตะกั่วป่า\หน่วยที่10หมู่ที่10.pdf,ส.ส. ๕/๑๘ (บช),ขอนแก่น,10,หนองสองห้อง,ตะกั่วป่า,10,10,164,114,160,114,113,1,46,113,0,4,4,1,0,0,0,0,0,41,0,8,0,2,0,0,1,0,0,1,0,0,0,0,0,0,0,1,0,0,0,0,0,0,2,0,0,27,3,0,0,0,0,0,0,0,14,1,3,0,0,0,0,0,0,0,0,0,0
result\bch\เขตเลือกตั้งที่10\หนองสองห้อง\ตะกั่วป่า\หน่วยที่1หมู่ที่1.json,เขตเลือกตั้งที่10\หนองสองห้อง\ตะกั่วป่า\หน่วยที่1หมู่ที่1.pdf,ส.ส. ๕/๑๘ (บช),ขอนแก่น,10,หนองสองห้อง,ตะกั่วป่า,1,1,672,398,640,398,387,9,242,387,2,6,5,0,0,11,1,0,4,176,1,15,5,0,0,1,1,0,0,0,0,0,0,0,0,0,1,4,0,0,0,1,0,1,0,3,1,80,3,0,2,0,0,1,0,0,63,0,1,0,0,0,0,0,0,0,0,0,0
result\bch\เขตเลือกตั้งที่10\หนองสองห้อง\ตะกั่วป่า\หน่วยที่2หมู่ที่2.json,เขตเลือกตั้งที่10\หนองสองห้อง\ตะกั่วป่า\หน่วยที่2หมู่ที่2.pdf,ส.ส. ๕/๑๘ (บช),ขอนแก่น,10,หนองสองห้อง,ตะกั่วป่า,2,2,367,214,214,214,202,12,146,202,0,3,5,0,0,7,0,0,1,102,0,5,0,0,0,0,0,0,0,0,0,1,0,0,0,0,0,3,0,0,2,0,0,0,0,0,0,45,2,0,0,0,0,0,0,0,24,0,2,0,0,0,0,0,0,0,0,0,0
result\bch\เขตเลือกตั้งที่10\หนองสองห้อง\ตะกั่วป่า\หน่วยที่3หมู่ที่3.json,เขตเลือกตั้งที่10\หนองสองห้อง\ตะกั่วป่า\หน่วยที่3หมู่ที่3.pdf,ส.ส. ๕/๑๘ (บช),ขอนแก่น,10,หนองสองห้อง,ตะกั่วป่า,3,3,746,433,433,433,409,16,267,409,8,11,9,0,0,18,0,2,1,148,0,16,0,1,0,1,2,0,0,0,0,0,0,1,0,0,0,8,1,3,3,4,0,1,0,3,2,115,2,0,0,0,0,1,0,0,55,1,0,0,0,0,0,0,0,0,0,0,0
result\bch\เขตเลือกตั้งที่10\หนองสองห้อง\ตะกั่วป่า\หน่วยที่4หมู่ที่4.json,เขตเลือกตั้งที่10\หนองสองห้อง\ตะกั่วป่า\หน่วยที่4หมู่ที่4.pdf,ส.ส. ๕/๑๘ (บช),ขอนแก่น,10,หนองสองห้อง,ตะกั่วป่า,4,4,189,134,134,134,126,8,46,126,0,4,3,1,0,4,0,1,0,78,1,0,1,0,0,0,0,0,0,0,1,0,0,0,0,0,0,1,0,1,0,0,0,0,0,0,0,14,0,1,0,0,0,0,0,0,14,0,1,0,0,0,0,0,0,0,0,0,0
result\bch\เขตเลือกตั้งที่10\หนองสองห้อง\ตะกั่วป่า\หน่วยที่5หมู่ที่5.json,เขตเลือกตั้งที่10\หนองสองห้อง\ตะกั่วป่า\หน่วยที่5หมู่ที่5.pdf,ส.ส. ๕/๑๘ (บช),ขอนแก่น,10,หนองสองห้อง,ตะกั่วป่า,5,5,824,534,800,534,475,51,266,475,8,9,7,5,0,16,8,1,0,148,2,28,5,4,0,1,1,0,0,0,0,0,0,0,0,1,0,4,1,2,1,2,0,0,0,1,3,117,3,1,0,0,0,0,0,1,96,0,6,1,0,0,0,0,0,0,0,0,0
result\bch\เขตเลือกตั้งที่10\หนองสองห้อง\ตะกั่วป่า\หน่วยที่6หมู่ที่6.json,เขตเลือกตั้งที่10\หนองสองห้อง\ตะกั่วป่า\หน่วยที่6หมู่ที่6.pdf,ส.ส. ๕/๑๘ (บช),ขอนแก่น,10,หนองสองห้อง,ตะกั่วป่า,6,6,493,291,291,291,278,13,159,278,0,15,3,1,1,8,2,0,1,113,2,8,0,1,0,0,2,0,0,0,0,0,0,1,0,0,0,5,0,1,2,1,0,1,0,0,0,63,3,0,0,0,0,0,0,0,44,0,0,0,0,0,0,0,0,0,0,0,0
result\bch\เขตเลือกตั้งที่10\หนองสองห้อง\ตะกั่วป่า\หน่วยที่7หมู่ที่7.json,เขตเลือกตั้งที่10\หนองสองห้อง\ตะกั่วป่า\หน่วยที่7หมู่ที่7.pdf,ส.ส. ๕/๑๘ (บช),ขอนแก่น,10,หนองสองห้อง,ตะกั่วป่า,7,7,437,259,520,259,245,14,261,245,0,6,5,1,0,6,2,0,0,100,1,12,3,1,0,0,1,1,0,0,0,0,0,0,0,0,0,3,0,1,0,2,1,0,1,0,0,66,0,0,0,0,0,0,1,0,29,0,0,2,0,0,0,0,0,0,0,0,0
result\bch\เขตเลือกตั้งที่10\หนองสองห้อง\ตะกั่วป่า\หน่วยที่8หมู่ที่8.json,เขตเลือกตั้งที่10\หนองสองห้อง\ตะกั่วป่า\หน่วยที่8หมู่ที่8.pdf,ส.ส. ๕/๑๘ (บช),ขอนแก่น,10,หนองสองห้อง,ตะกั่วป่า,8,8,634,391,620,391,361,25,229,361,5,15,7,5,0,12,2,0,0,143,0,6,0,1,2,0,0,2,0,0,0,0,0,1,0,0,0,4,0,2,2,1,2,0,2,0,1,84,4,1,0,0,0,0,0,1,58,0,3,0,0,0,0,0,0,0,0,0,0
result\bch\เขตเลือกตั้งที่10\หนองสองห้อง\ตะกั่วป่า\หน่วยที่9หมู่ที่9.json,เขตเลือกตั้งที่10\หนองสองห้อง\ตะกั่วป่า\หน่วยที่9หมู่ที่9.pdf,ส.ส. ๕/๑๘ (บช),ขอนแก่น,10,หนองสองห้อง,ตะกั่วป่า,9,9,203,143,220,143,135,7,77,135,1,4,3,2,1,8,1,0,0,57,0,10,0,1,0,0,1,1,0,0,0,0,0,0,0,0,0,0,0,0,2,0,0,0,1,0,0,14,0,0,1,0,0,0,0,1,26,0,0,0,0,0,0,0,0,1,0,0,0
result\bch\เขตเลือกตั้งที่10\หนองสองห้อง\วังหิน\หน่วยที่1หมู่ที่1.json,เขตเลือกตั้งที่10\หนองสองห้อง\วังหิน\หน่วยที่1หมู่ที่1.pdf,ส.ส. ๕/๑๘ (บช),ขอนแก่น,10,หนองสองห้อง,วังหิน,1,1,413,293,400,293,269,21,107,269,3,9,8,1,0,14,5,0,2,105,0,5,1,1,0,0,0,0,0,1,0,0,0,0,0,1,0,3,0,0,3,1,1,0,0,2,0,62,2,0,1,0,0,0,0,0,35,0,4,0,0,0,0,0,0,0,2,0,0
result\bch\เขตเลือกตั้งที่10\หนองสองห้อง\วังหิน\หน่วยที่2หมู่ที่2.json,เขตเลือกตั้งที่10\หนองสองห้อง\วังหิน\หน่วยที่2หมู่ที่2.pdf,ส.ส. ๕/๑๘ (บช),ขอนแก่น,10,หนองสองห้อง,วังหิน,2,2,534,369,520,369,339,12,151,339,18,12,12,1,0,20,1,1,1,136,0,8,1,2,0,0,0,0,0,0,0,0,0,0,0,0,1,3,0,0,0,2,1,0,0,1,5,70,3,0,0,0,1,0,0,0,56,0,1,0,0,0,0,0,0,0,0,0,0
result\bch\เขตเลือกตั้งที่10\หนองสองห้อง\วังหิน\หน่วยที่3หมู่ที่3.json,เขตเลือกตั้งที่10\หนองสองห้อง\วังหิน\หน่วยที่3หมู่ที่3.pdf,ส.ส. ๕/๑๘ (บช),ขอนแก่น,10,หนองสองห้อง,วังหิน,3,3,585,420,600,420,402,14,180,405,4,12,10,1,0,17,1,1,2,224,0,4,0,0,0,0,2,0,0,0,0,0,0,0,0,1,0,1,1,2,2,0,1,0,1,0,0,75,2,0,0,0,0,0,0,0,38,1,2,0,0,0,0,0,0,1,0,0,0
result\bch\เขตเลือกตั้งที่10\หนองสองห้อง\วังหิน\หน่วยที่4หมู่ที่4.json,เขตเลือกตั้งที่10\หนองสองห้อง\วังหิน\หน่วยที่4หมู่ที่4.pdf,ส.ส. ๕/๑๘ (บช),ขอนแก่น,10,หนองสองห้อง,วังหิน,4,4,417,238,400,238,226,10,162,226,2,11,4,1,0,11,3,0,1,123,1,10,1,0,0,1,2,1,0,0,0,0,0,0,0,0,0,0,0,0,1,0,0,0,2,0,2,21,3,0,0,0,1,0,0,0,26,0,0,0,0,0,0,0,0,0,0,0,0
result\bch\เขตเลือกตั้งที่10\หนองสองห้อง\วังหิน\หน่วยที่5หมู่ที่5.json,เขตเลือกตั้งที่10\หนองสองห้อง\วังหิน\หน่วยที่5หมู่ที่5.pdf,ส.ส. ๕/๑๘ (บช),ขอนแก่น,10,หนองสองห้อง,วังหิน,5,5,445,285,440,285,261,12,155,261,12,10,11,0,1,10,2,2,3,105,1,6,1,1,0,0,0,0,0,0,0,0,0,0,0,0,0,4,2,0,2,0,0,1,1,0,0,47,2,0,0,0,1,0,0,0,44,0,2,0,0,1,0,1,0,0,0,0,0
result\bch\เขตเลือกตั้งที่10\หนองสองห้อง\วังหิน\หน่วยที่6หมู่ที่6.json,เขตเลือกตั้งที่10\หนองสองห้อง\วังหิน\หน่วยที่6หมู่ที่6.pdf,ส.ส. ๕/๑๘ (บช),ขอนแก่น,10,หนองสองห้อง,วังหิน,6,6,622,445,600,445,424,14,155,424,7,12,8,2,2,12,5,0,0,217,1,15,1,2,1,0,0,0,0,0,0,0,0,0,0,0,0,6,0,0,2,1,1,0,0,1,0,50,11,1,0,0,1,1,0,0,64,1,1,1,0,1,0,0,0,0,1,2,0
result\bch\เขตเลือกตั้งที่10\หนองสองห้อง\วังหิน\หน่วยที่7หมู่ที่7.json,เขตเลือกตั้งที่10\หนองสองห้อง\วังหิน\หน่วยที่7หมู่ที่7.pdf,ส.ส. ๕/๑๘ (บช),ขอนแก่น,10,หนองสองห้อง,วังหิน,7,7,472,315,440,315,296,17,125,295,2,12,4,0,0,11,3,0,1,73,4,13,2,1,0,0,0,0,0,0,0,0,0,0,0,0,0,9,1,0,0,0,1,0,2,2,1,94,0,0,0,0,1,1,0,0,56,0,3,1,0,0,0,0,0,0,0,0,0
result\bch\เขตเลือกตั้งที่10\หนองสองห้อง\วังหิน\หน่วยที่8หมู่ที่9.json,เขตเลือกตั้งที่10\หนองสองห้อง\วังหิน\หน่วยที่8หมู่ที่9.pdf,ส.ส. ๕/๑๘ (บช),ขอนแก่น,10,หนองสองห้อง,วังหิน,9,8,279,172,300,172,162,10,128,162,0,7,1,1,1,1,0,0,0,30,1,2,0,0,1,2,0,0,0,0,0,0,0,0,0,0,0,0,0,0,1,0,0,0,0,1,0,19,3,0,0,0,0,0,0,0,91,0,0,0,0,0,0,0,0,0,0,0,0
result\bch\เขตเลือกตั้งที่10\หนองสองห้อง\สำโรง\หน่วยที่1หมู่ที่1.json,เขตเลือกตั้งที่10\หนองสองห้อง\สำโรง\หน่วยที่1หมู่ที่1.pdf,ส.ส. ๕/๑๘ (บช),ขอนแก่น,10,หนองสองห้อง,สำโรง,1,1,608,378,580,378,351,23,202,351,4,10,6,0,1,14,5,1,3,157,1,4,2,0,2,0,2,0,0,0,0,0,0,0,0,1,0,8,0,0,4,1,0,0,0,1,0,69,2,0,0,0,0,0,0,1,53,1,0,0,0,0,0,0,0,0,0,2,0
result\bch\เขตเลือกตั้งที่10\หนองสองห้อง\สำโรง\หน่วยที่2หมู่ที่2.json,เขตเลือกตั้งที่10\หนองสองห้อง\สำโรง\หน่วยที่2หมู่ที่2.pdf,ส.ส. ๕/๑๘ (บช),ขอนแก่น,10,หนองสองห้อง,สำโรง,2,2,544,304,520,304,285,18,216,285,1,9,10,1,1,11,5,0,3,110,1,9,2,0,0,1,0,0,0,0,1,0,0,0,0,1,0,2,0,1,1,1,5,1,0,1,0,64,0,0,0,0,0,2,0,1,39,0,0,1,0,0,0,0,0,0,0,1,0
result\bch\เขตเลือกตั้งที่10\หนองสองห้อง\สำโรง\หน่วยที่3หมู่ที่3.json,เขตเลือกตั้งที่10\หนองสองห้อง\สำโรง\หน่วยที่3หมู่ที่3.pdf,ส.ส. ๕/๑๘ (บช),ขอนแก่น,10,หนองสองห้อง,สำโรง,3,3,521,303,540,303,282,9,237,282,12,12,4,4,3,13,1,0,1,107,1,19,4,1,0,0,0,0,1,0,1,0,0,0,0,0,0,3,0,0,4,2,0,1,0,2,0,42,2,0,0,0,0,1,0,0,49,0,1,0,0,1,0,0,0,0,0,2,0
result\bch\เขตเลือกตั้งที่10\หนองสองห้อง\สำโรง\หน่วยที่4หมู่ที่4.json,เขตเลือกตั้งที่10\หนองสองห้อง\สำโรง\หน่วยที่4หมู่ที่4.pdf,ส.ส. ๕/๑๘ (บช),ขอนแก่น,10,หนองสองห้อง,สำโรง,4,4,285,177,280,177,161,15,103,161,1,7,3,0,0,6,2,0,2,66,0,9,1,1,0,0,1,1,0,1,0,0,0,0,0,0,0,3,0,0,1,0,0,0,0,0,0,29,2,0,0,1,0,0,0,0,22,1,2,0,0,0,0,0,0,0,0,0,0
result\bch\เขตเลือกตั้งที่10\หนองสองห้อง\สำโรง\หน่วยที่5หมู่ที่5.json,เขตเลือกตั้งที่10\หนองสองห้อง\สำโรง\หน่วยที่5หมู่ที่5.pdf,ส.ส. ๕/๑๘ (บช),ขอนแก่น,10,หนองสองห้อง,สำโรง,5,5,411,262,400,262,251,7,138,251,4,8,7,2,2,9,4,0,3,102,2,8,1,1,0,0,1,0,0,0,0,0,0,0,0,0,0,4,0,2,1,2,1,0,0,1,0,44,2,0,0,0,0,0,0,0,42,0,2,0,0,0,0,0,0,0,0,0,0
result\bch\เขตเลือกตั้งที่10\หนองสองห้อง\สำโรง\หน่วยที่6หมู่ที่6.json,เขตเลือกตั้งที่10\หนองสองห้อง\สำโรง\หน่วยที่6หมู่ที่6.pdf,ส.ส. ๕/๑๘ (บช),ขอนแก่น,10,หนองสองห้อง,สำโรง,6,6,551,342,520,342,324,18,178,324,0,9,2,2,0,11,5,2,1,166,1,7,0,4,1,0,0,1,0,0,0,0,0,0,0,0,0,4,1,3,1,1,0,0,1,2,1,55,0,0,0,0,1,0,0,0,40,0,2,0,0,0,0,0,0,0,0,0,0
result\bch\เขตเลือกตั้งที่10\หนองสองห้อง\สำโรง\หน่วยที่7หมู่ที่7.json,เขตเลือกตั้งที่10\หนองสองห้อง\สำโรง\หน่วยที่7หมู่ที่7.pdf,ส.ส. ๕/๑๘ (บช),ขอนแก่น,10,หนองสองห้อง,สำโรง,7,7,592,339,580,339,317,16,241,317,6,13,5,2,1,13,5,0,1,100,2,6,1,1,0,1,1,1,0,0,0,0,0,0,0,0,1,7,1,0,1,0,1,1,3,0,1,46,5,0,0,0,0,1,0,0,94,0,1,0,0,0,0,0,1,0,0,0,0
result\bch\เขตเลือกตั้งที่10\หนองสองห้อง\สำโรง\หน่วยที่8หมู่ที่8.json,เขตเลือกตั้งที่10\หนองสองห้อง\สำโรง\หน่วยที่8หมู่ที่8.pdf,ส.ส. ๕/๑๘ (บช),ขอนแก่น,10,หนองสองห้อง,สำโรง,8,8,614,404,600,404,377,19,196,377,8,13,8,6,1,12,2,0,0,183,1,13,3,1,0,0,0,1,0,0,0,0,0,0,0,0,1,2,1,0,1,0,0,0,0,0,0,42,2,0,0,0,1,1,0,0,80,1,1,0,0,0,0,0,0,0,0,0,0
result\bch\เขตเลือกตั้งที่10\หนองสองห้อง\สำโรง\หน่วยที่9หมู่ที่9.json,เขตเลือกตั้งที่10\หนองสองห้อง\สำโรง\หน่วยที่9หมู่ที่9.pdf,ส.ส. ๕/๑๘ (บช),ขอนแก่น,10,หนองสองห้อง,สำโรง,9,9,417,229,420,229,213,11,191,213,5,9,4,1,2,4,0,0,0,94,1,3,3,0,0,0,1,0,0,0,0,0,0,0,0,0,0,2,0,0,1,0,2,0,0,0,1,34,1,0,0,0,0,0,0,0,49,0,1,0,0,0,0,0,0,0,0,0,0
result\bch\เขตเลือกตั้งที่10\หนองสองห้อง\หนองสองห้อง\หน่วยที่10หมู่ที่7.json,เขตเลือกตั้งที่10\หนองสองห้อง\หนองสองห้อง\หน่วยที่10หมู่ที่7.pdf,ส.ส. ๕/๑๘ (บช),ขอนแก่น,10,หนองสองห้อง,หนองสองห้อง,7,10,360,181,340,181,169,11,159,169,1,3,1,1,0,5,4,0,1,75,0,4,0,1,0,0,1,1,0,0,0,0,0,0,0,0,0,0,0,1,0,0,0,1,1,1,0,21,2,0,0,0,0,0,0,0,43,1,0,0,0,0,0,0,0,1,0,0,0
result\bch\เขตเลือกตั้งที่10\หนองสองห้อง\หนองสองห้อง\หน่วยที่11หมู่ที่8.json,เขตเลือกตั้งที่10\หนองสองห้อง\หนองสองห้อง\หน่วยที่11หมู่ที่8.pdf,ส.ส. ๕/๑๘ (บช),ขอนแก่น,10,หนองสองห้อง,หนองสองห้อง,8,11,854,448,800,448,418,26,352,418,4,10,7,1,1,31,3,1,1,105,0,8,0,1,0,0,5,1,0,0,0,0,0,1,0,0,0,5,0,0,2,0,0,0,4,1,0,122,3,0,0,0,6,0,0,1,86,3,2,3,0,0,0,1,1,0,1,1,0
result\bch\เขตเลือกตั้งที่10\หนองสองห้อง\หนองสองห้อง\หน่วยที่12หมู่ที่9.json,เขตเลือกตั้งที่10\หนองสองห้อง\หนองสองห้อง\หน่วยที่12หมู่ที่9.pdf,ส.ส. ๕/๑๘ (บช),ขอนแก่น,10,หนองสองห้อง,หนองสองห้อง,9,12,356,200,340,200,182,15,140,182,3,2,4,1,0,8,3,0,2,60,1,2,3,0,0,0,0,0,0,0,0,0,1,0,0,0,1,2,1,0,1,0,0,0,0,0,0,42,1,0,0,0,1,0,0,0,45,0,0,1,0,0,0,0,0,0,0,0,0
result\bch\เขตเลือกตั้งที่10\หนองสองห้อง\หนองสองห้อง\หน่วยที่13หมู่ที่10.json,เขตเลือกตั้งที่10\หนองสองห้อง\หนองสองห้อง\หน่วยที่13หมู่ที่10.pdf,ส.ส. ๕/๑๘ (บช),ขอนแก่น,10,หนองสองห้อง,หนองสองห้อง,10,13,351,210,340,210,198,12,130,198,0,4,2,1,0,7,1,0,3,77,1,9,2,1,0,0,1,0,0,0,0,0,0,0,0,0,0,1,0,0,0,2,0,0,1,0,0,44,0,0,0,0,0,1,0,0,37,2,0,0,0,0,0,0,1,0,0,0,0
result\bch\เขตเลือกตั้งที่10\หนองสองห้อง\หนองสองห้อง\หน่วยที่14หมู่ที่11.json,เขตเลือกตั้งที่10\หนองสองห้อง\หนองสองห้อง\หน่วยที่14หมู่ที่11.pdf,ส.ส. ๕/๑๘ (บช),ขอนแก่น,10,หนองสองห้อง,หนองสองห้อง,11,14,439,257,420,257,246,8,163,246,3,5,1,0,1,8,0,0,0,58,0,8,2,0,0,0,0,2,0,1,0,0,0,0,0,0,0,5,0,1,2,0,0,0,2,0,0,106,0,0,0,0,0,0,0,0,43,0,0,0,0,0,0,0,1,0,0,0,0
result\bch\เขตเลือกตั้งที่10\หนองสองห้อง\หนองสองห้อง\หน่วยที่15หมู่ที่12.json,เขตเลือกตั้งที่10\หนองสองห้อง\หนองสองห้อง\หน่วยที่15หมู่ที่12.pdf,ส.ส. ๕/๑๘ (บช),ขอนแก่น,10,หนองสองห้อง,หนองสองห้อง,12,15,491,283,460,283,263,15,177,263,5,3,2,0,0,10,2,0,0,106,1,9,1,1,0,0,0,1,0,0,0,1,0,0,0,0,0,2,0,0,0,1,0,0,0,0,2,68,3,0,0,1,2,0,0,0,43,0,4,0,0,0,0,0,0,0,0,0,0
result\bch\เขตเลือกตั้งที่10\หนองสองห้อง\หนองสองห้อง\หน่วยที่16หมู่ที่13.json,เขตเลือกตั้งที่10\หนองสองห้อง\หนองสองห้อง\หน่วยที่16หมู่ที่13.pdf,ส.ส. ๕/๑๘ (บช),ขอนแก่น,10,หนองสองห้อง,หนองสองห้อง,13,16,366,164,164,164,151,10,196,151,3,4,5,0,0,13,1,1,0,57,0,6,0,0,0,1,0,0,0,0,0,0,0,1,0,0,0,0,0,0,0,4,0,0,0,0,0,1,33,3,0,0,0,0,0,0,21,0,0,0,0,0,0,0,0,0,0,0,0
result\bch\เขตเลือกตั้งที่10\หนองสองห้อง\หนองสองห้อง\หน่วยที่17หมู่ที่14.json,เขตเลือกตั้งที่10\หนองสองห้อง\หนองสองห้อง\หน่วยที่17หมู่ที่14.pdf,ส.ส. ๕/๑๘ (บช),ขอนแก่น,10,หนองสองห้อง,หนองสองห้อง,14,17,351,201,340,201,185,16,139,185,0,5,2,0,0,6,2,0,1,74,0,3,0,0,0,0,0,0,0,0,0,0,0,0,0,0,0,0,0,0,3,0,0,0,0,0,0,70,1,0,0,0,0,0,0,0,17,0,1,0,0,0,0,0,0,0,0,0,0
result\bch\เขตเลือกตั้งที่10\หนองสองห้อง\หนองสองห้อง\หน่วยที่18หมู่ที่15.json,เขตเลือกตั้งที่10\หนองสองห้อง\หนองสองห้อง\หน่วยที่18หมู่ที่15.pdf,ส.ส. ๕/๑๘ (บช),ขอนแก่น,10,หนองสองห้อง,หนองสองห้อง,15,18,86,45,100,45,41,4,55,41,0,2,1,0,0,2,2,0,0,21,0,3,0,0,0,0,2,0,0,0,0,0,0,0,0,0,0,0,0,0,0,0,0,0,0,0,0,5,0,0,0,0,0,0,0,0,3,0,0,0,0,0,0,0,0,0,0,0,0
result\bch\เขตเลือกตั้งที่10\หนองสองห้อง\หนองสองห้อง\หน่วยที่1หมู่ที่1.json,เขตเลือกตั้งที่10\หนองสองห้อง\หนองสองห้อง\หน่วยที่1หมู่ที่1.pdf,ส.ส. ๕/๑๘ (บช),ขอนแก่น,10,หนองสองห้อง,หนองสองห้อง,1,1,711,463,680,463,430,24,217,430,9,3,9,2,0,16,6,0,2,146,2,13,2,0,0,0,1,1,0,1,0,1,0,2,0,0,0,14,0,3,0,1,0,1,1,1,0,108,1,0,0,1,0,1,0,0,87,0,2,2,0,0,0,0,0,0,0,0,0
result\bch\เขตเลือกตั้งที่10\หนองสองห้อง\หนองสองห้อง\หน่วยที่2หมู่ที่2.json,เขตเลือกตั้งที่10\หนองสองห้อง\หนองสองห้อง\หน่วยที่2หมู่ที่2.pdf,ส.ส. ๕/๑๘ (บช),ขอนแก่น,10,หนองสองห้อง,หนองสองห้อง,2,2,699,492,660,492,451,31,168,451,10,8,5,1,0,13,3,1,6,161,0,10,1,1,1,0,2,0,0,0,0,0,0,0,0,0,0,13,0,0,0,2,0,0,0,1,1,139,1,0,0,0,2,0,0,1,70,1,6,0,0,0,0,0,0,0,1,0,0
result\bch\เขตเลือกตั้งที่10\หนองสองห้อง\หนองสองห้อง\หน่วยที่3หมู่ที่3.json,เขตเลือกตั้งที่10\หนองสองห้อง\หนองสองห้อง\หน่วยที่3หมู่ที่3.pdf,ส.ส. ๕/๑๘ (บช),ขอนแก่น,10,หนองสองห้อง,หนองสองห้อง,3,3,711,472,660,472,450,14,188,450,8,1,3,1,0,6,7,0,0,130,1,7,1,4,0,0,0,0,0,2,0,0,0,0,0,0,0,17,0,3,0,0,2,0,0,0,1,134,2,0,0,0,1,2,3,0,118,0,2,2,0,0,0,0,0,0,0,0,0
result\bch\เขตเลือกตั้งที่10\หนองสองห้อง\หนองสองห้อง\หน่วยที่4หมู่ที่4.json,เขตเลือกตั้งที่10\หนองสองห้อง\หนองสองห้อง\หน่วยที่4หมู่ที่4.pdf,ส.ส. ๕/๑๘ (บช),ขอนแก่น,10,หนองสองห้อง,หนองสองห้อง,4,4,475,309,460,309,287,14,151,287,8,4,2,1,0,6,1,0,1,105,1,8,3,1,0,0,0,0,0,0,0,0,0,0,0,0,0,5,0,4,0,0,1,0,0,0,0,83,3,0,0,0,0,0,1,0,55,0,2,0,0,0,0,0,0,0,0,0,0
result\bch\เขตเลือกตั้งที่10\หนองสองห้อง\หนองสองห้อง\หน่วยที่5หมู่ที่16.json,เขตเลือกตั้งที่10\หนองสองห้อง\หนองสองห้อง\หน่วยที่5หมู่ที่16.pdf,ส.ส. ๕/๑๘ (บช),ขอนแก่น,10,หนองสองห้อง,หนองสองห้อง,16,5,935,588,900,588,564,18,312,564,6,8,6,0,0,15,2,0,3,142,3,13,3,2,0,0,0,0,0,1,1,0,0,0,0,0,0,11,0,4,0,0,4,0,2,1,1,165,1,0,0,0,0,0,0,0,166,2,4,3,0,1,0,0,0,0,0,0,0
result\bch\เขตเลือกตั้งที่10\หนองสองห้อง\หนองสองห้อง\หน่วยที่6หมู่ที่17.json,เขตเลือกตั้งที่10\หนองสองห้อง\หนองสองห้อง\หน่วยที่6หมู่ที่17.pdf,ส.ส. ๕/๑๘ (บช),ขอนแก่น,10,หนองสองห้อง,หนองสองห้อง,17,6,700,438,680,438,407,27,242,407,4,7,4,1,0,9,5,0,3,100,1,13,4,2,0,1,0,0,0,0,0,0,0,0,0,0,0,6,1,2,1,1,0,0,3,0,0,156,1,0,0,0,1,1,0,0,81,0,1,2,0,0,0,0,0,0,0,0,0
result\bch\เขตเลือกตั้งที่10\หนองสองห้อง\หนองสองห้อง\หน่วยที่7หมู่ที่18.json,เขตเลือกตั้งที่10\หนองสองห้อง\หนองสองห้อง\หน่วยที่7หมู่ที่18.pdf,ส.ส. ๕/๑๘ (บช),ขอนแก่น,10,หนองสองห้อง,หนองสองห้อง,18,7,900,645,920,645,570,68,275,570,7,10,3,2,0,16,7,1,1,185,0,27,3,1,0,0,0,1,0,0,0,0,0,0,2,0,0,9,0,4,1,0,0,1,1,0,1,163,0,1,0,0,1,0,0,1,123,0,5,0,0,0,0,0,0,0,0,0,0
result\bch\เขตเลือกตั้งที่10\หนองสองห้อง\หนองสองห้อง\หน่วยที่8หมู่ที่5.json,เขตเลือกตั้งที่10\หนองสองห้อง\หนองสองห้อง\หน่วยที่8หมู่ที่5.pdf,ส.ส. ๕/๑๘ (บช),ขอนแก่น,10,หนองสองห้อง,หนองสองห้อง,5,8,416,225,400,225,208,17,175,208,0,5,6,3,1,6,9,0,1,99,0,5,0,1,0,0,1,0,0,0,0,0,0,0,0,0,0,0,0,0,0,0,2,0,0,0,0,19,3,0,0,1,0,1,0,0,45,0,0,0,0,0,0,0,0,0,0,0,0
result\bch\เขตเลือกตั้งที่10\หนองสองห้อง\หนองสองห้อง\หน่วยที่9หมู่ที่6.json,เขตเลือกตั้งที่10\หนองสองห้อง\หนองสองห้อง\หน่วยที่9หมู่ที่6.pdf,ส.ส. ๕/๑๘ (บช),ขอนแก่น,10,หนองสองห้อง,หนองสองห้อง,6,9,714,411,680,411,379,30,269,379,2,8,5,3,0,7,8,0,1,161,0,6,1,0,0,0,0,0,1,0,0,0,0,0,0,0,0,2,0,0,1,1,0,0,1,2,2,109,6,0,0,0,1,0,0,1,49,0,0,2,0,1,0,0,0,0,0,0,0
result\bch\เขตเลือกตั้งที่10\หนองสองห้อง\หนองเม็ก\หน่วยที่10หมู่ที่8.json,เขตเลือกตั้งที่10\หนองสองห้อง\หนองเม็ก\หน่วยที่10หมู่ที่8.pdf,ส.ส. ๕/๑๘ (บช),ขอนแก่น,10,หนองสองห้อง,หนองเม็ก,8,10,669,431,640,431,398,30,209,398,3,12,6,4,0,14,5,2,3,152,1,5,2,4,0,0,1,0,0,0,1,0,0,0,0,0,0,3,1,0,0,0,0,0,1,0,3,71,4,0,0,0,1,1,0,0,95,1,1,2,0,0,0,1,1,0,0,0,0
result\bch\เขตเลือกตั้งที่10\หนองสองห้อง\หนองเม็ก\หน่วยที่11หมู่ที่9.json,เขตเลือกตั้งที่10\หนองสองห้อง\หนองเม็ก\หน่วยที่11หมู่ที่9.pdf,ส.ส. ๕/๑๘ (บช),ขอนแก่น,10,หนองสองห้อง,หนองเม็ก,9,11,276,217,280,217,208,3,63,208,6,7,2,0,0,9,3,0,0,77,1,3,0,2,0,0,0,0,0,2,1,0,0,0,0,0,0,6,0,1,0,1,0,0,0,1,0,47,1,0,0,0,0,1,0,0,42,0,1,0,0,0,0,0,0,0,0,0,0
result\bch\เขตเลือกตั้งที่10\หนองสองห้อง\หนองเม็ก\หน่วยที่12หมู่ที่10.json,เขตเลือกตั้งที่10\หนองสองห้อง\หนองเม็ก\หน่วยที่12หมู่ที่10.pdf,ส.ส. ๕/๑๘ (บช),ขอนแก่น,10,หนองสองห้อง,หนองเม็ก,10,12,381,236,360,236,228,8,124,228,0,3,4,2,0,11,7,0,15,75,0,3,1,0,0,0,1,1,2,0,0,2,0,1,3,0,0,2,1,0,1,2,0,0,0,3,0,85,0,0,0,0,0,0,0,0,0,1,2,0,0,0,0,0,0,0,0,0,0
result\bch\เขตเลือกตั้งที่10\หนองสองห้อง\หนองเม็ก\หน่วยที่13หมู่ที่11.json,เขตเลือกตั้งที่10\หนองสองห้อง\หนองเม็ก\หน่วยที่13หมู่ที่11.pdf,ส.ส. ๕/๑๘ (บช),ขอนแก่น,10,หนองสองห้อง,หนองเม็ก,11,13,294,159,280,159,154,5,121,154,0,4,3,1,0,2,1,0,2,86,0,0,0,1,0,0,0,1,0,0,0,1,0,0,0,0,0,2,0,0,0,0,0,0,1,1,0,13,2,0,0,0,0,0,0,0,30,0,2,1,0,0,0,0,0,0,0,0,0
result\bch\เขตเลือกตั้งที่10\หนองสองห้อง\หนองเม็ก\หน่วยที่14หมู่ที่12.json,เขตเลือกตั้งที่10\หนองสองห้อง\หนองเม็ก\หน่วยที่14หมู่ที่12.pdf,ส.ส. ๕/๑๘ (บช),ขอนแก่น,10,หนองสองห้อง,หนองเม็ก,12,14,435,264,420,264,251,10,156,251,3,12,5,1,1,7,3,0,0,114,0,15,6,0,1,0,0,0,0,0,0,0,0,0,0,1,0,3,0,2,0,0,0,0,0,1,0,38,4,0,0,0,0,0,0,0,36,0,1,0,0,0,0,0,0,0,0,0,0
result\bch\เขตเลือกตั้งที่10\หนองสองห้อง\หนองเม็ก\หน่วยที่15หมู่ที่12.json,เขตเลือกตั้งที่10\หนองสองห้อง\หนองเม็ก\หน่วยที่15หมู่ที่12.pdf,ส.ส. ๕/๑๘ (บช),ขอนแก่น,10,หนองสองห้อง,หนองเม็ก,12,15,191,112,200,112,105,6,88,105,1,4,2,0,0,11,0,2,0,43,0,2,0,1,0,0,0,0,1,0,1,0,0,0,0,0,0,0,0,0,0,0,0,0,0,0,1,14,1,0,0,0,0,0,0,1,14,0,6,0,0,0,0,1,0,0,0,0,0
result\bch\เขตเลือกตั้งที่10\หนองสองห้อง\หนองเม็ก\หน่วยที่16หมู่ที่14.json,เขตเลือกตั้งที่10\หนองสองห้อง\หนองเม็ก\หน่วยที่16หมู่ที่14.pdf,ส.ส. ๕/๑๘ (บช),ขอนแก่น,10,หนองสองห้อง,หนองเม็ก,14,16,188,112,180,112,99,11,68,99,2,3,0,0,0,5,3,0,1,32,0,3,1,3,0,0,0,0,0,0,0,0,0,0,0,0,0,0,0,0,0,0,0,0,1,0,0,23,1,0,0,0,0,0,0,0,22,1,0,0,0,0,0,0,0,0,0,0,0
result\bch\เขตเลือกตั้งที่10\หนองสองห้อง\หนองเม็ก\หน่วยที่17หมู่ที่15.json,เขตเลือกตั้งที่10\หนองสองห้อง\หนองเม็ก\หน่วยที่17หมู่ที่15.pdf,ส.ส. ๕/๑๘ (บช),ขอนแก่น,10,หนองสองห้อง,หนองเม็ก,15,17,437,308,440,308,294,6,132,308,8,4,3,1,0,9,10,0,2,119,2,22,3,0,0,0,1,0,0,0,0,0,0,0,0,0,0,3,0,1,0,0,0,0,2,1,0,59,2,1,1,0,0,0,0,1,44,1,0,2,0,0,0,0,0,0,0,0,0
result\bch\เขตเลือกตั้งที่10\หนองสองห้อง\หนองเม็ก\หน่วยที่1หมู่ที่1.json,เขตเลือกตั้งที่10\หนองสองห้อง\หนองเม็ก\หน่วยที่1หมู่ที่2.pdf,ส.ส. ๕/๑๘ (บช),ขอนแก่น,10,หนองสองห้อง,หนองเม็ก,2,1,418,298,400,298,270,20,202,270,8,2,7,0,0,16,5,0,1,93,1,13,1,0,0,0,1,0,0,0,0,1,0,0,0,0,0,3,0,1,0,0,0,0,2,0,0,63,1,1,1,0,1,1,0,1,50,0,2,1,0,0,0,0,1,0,0,0,0
result\bch\เขตเลือกตั้งที่10\หนองสองห้อง\หนองเม็ก\หน่วยที่2หมู่ที่1.json,เขตเลือกตั้งที่10\หนองสองห้อง\หนองเม็ก\หน่วยที่2หมู่ที่1.pdf,ส.ส. ๕/๑๘ (บช),ขอนแก่น,10,หนองสองห้อง,หนองเม็ก,1,2,427,296,420,296,268,24,124,268,4,2,4,0,0,5,1,0,0,108,0,18,2,2,0,0,0,0,0,0,0,0,0,0,0,0,0,9,0,0,1,0,1,0,1,0,0,55,2,0,0,0,0,0,0,1,53,1,1,0,0,0,0,0,0,0,1,0,0
result\bch\เขตเลือกตั้งที่10\หนองสองห้อง\หนองเม็ก\หน่วยที่3หมู่ที่2.json,เขตเลือกตั้งที่10\หนองสองห้อง\หนองเม็ก\หน่วยที่3หมู่ที่2.pdf,ส.ส. ๕/๑๘ (บช),ขอนแก่น,10,หนองสองห้อง,หนองเม็ก,2,3,352,230,340,230,218,11,110,218,1,8,7,0,0,3,3,0,2,104,3,5,0,2,0,0,4,0,0,0,0,0,0,0,0,0,0,3,1,1,0,0,0,0,1,0,0,19,1,0,0,0,0,0,0,0,50,0,0,1,0,0,0,0,0,0,0,0,0
result\bch\เขตเลือกตั้งที่10\หนองสองห้อง\หนองเม็ก\หน่วยที่4หมู่ที่3.json,เขตเลือกตั้งที่10\หนองสองห้อง\หนองเม็ก\หน่วยที่4หมู่ที่3.pdf,ส.ส. ๕/๑๘ (บช),ขอนแก่น,10,หนองสองห้อง,หนองเม็ก,3,4,290,179,300,179,175,4,121,175,0,3,3,0,0,2,1,0,1,63,0,0,1,2,0,0,0,0,0,0,0,0,0,0,0,0,0,1,1,0,0,1,0,0,1,1,0,67,1,0,0,0,0,0,0,0,23,0,3,0,0,0,0,0,0,0,0,0,0
result\bch\เขตเลือกตั้งที่10\หนองสองห้อง\หนองเม็ก\หน่วยที่5หมู่ที่4.json,เขตเลือกตั้งที่10\หนองสองห้อง\หนองเม็ก\หน่วยที่5หมู่ที่4.pdf,ส.ส. ๕/๑๘ (บช),ขอนแก่น,10,หนองสองห้อง,หนองเม็ก,4,5,537,304,520,304,277,25,216,277,2,7,2,1,0,14,3,1,1,104,1,6,1,1,0,0,0,1,0,0,0,0,0,0,0,0,0,3,0,0,1,1,0,0,1,1,0,74,2,0,0,0,0,0,0,0,47,2,0,0,0,1,0,0,0,0,0,1,0
result\bch\เขตเลือกตั้งที่10\หนองสองห้อง\หนองเม็ก\หน่วยที่6หมู่ที่4.json,เขตเลือกตั้งที่10\หนองสองห้อง\หนองเม็ก\หน่วยที่6หมู่ที่4.pdf,ส.ส. ๕/๑๘ (บช),ขอนแก่น,10,หนองสองห้อง,หนองเม็ก,4,6,539,352,520,352,336,16,168,336,0,11,3,2,0,7,5,0,1,134,0,9,4,2,0,0,1,0,0,0,0,0,0,0,0,0,0,3,0,1,1,1,2,0,0,0,1,78,4,0,0,0,0,0,1,1,60,0,3,0,0,0,0,0,0,1,0,0,0
result\bch\เขตเลือกตั้งที่10\หนองสองห้อง\หนองเม็ก\หน่วยที่7หมู่ที่5.json,เขตเลือกตั้งที่10\หนองสองห้อง\หนองเม็ก\หน่วยที่7หมู่ที่5.pdf,ส.ส. ๕/๑๘ (บช),ขอนแก่น,10,หนองสองห้อง,หนองเม็ก,5,7,482,298,480,298,282,16,182,298,0,5,10,3,0,3,2,0,2,136,2,2,0,0,0,1,0,0,0,0,0,0,1,0,1,0,0,1,0,3,0,0,0,1,1,1,0,22,1,0,0,0,0,0,0,0,82,1,0,1,0,0,0,0,0,0,0,0,0
result\bch\เขตเลือกตั้งที่10\หนองสองห้อง\หนองเม็ก\หน่วยที่8หมู่ที่6.json,เขตเลือกตั้งที่10\หนองสองห้อง\หนองเม็ก\หน่วยที่8หมู่ที่6.pdf,ส.ส. ๕/๑๘ (บช),ขอนแก่น,10,หนองสองห้อง,หนองเม็ก,6,8,258,175,210,175,166,9,35,166,0,1,2,0,0,8,0,0,4,86,0,1,0,0,0,1,1,0,0,0,0,0,0,0,0,0,0,0,0,0,0,1,0,0,0,0,0,29,0,1,0,0,0,0,0,0,31,0,0,0,0,0,0,0,0,0,0,0,0
result\bch\เขตเลือกตั้งที่10\หนองสองห้อง\หนองเม็ก\หน่วยที่9หมู่ที่7.json,เขตเลือกตั้งที่10\หนองสองห้อง\หนองเม็ก\หน่วยที่9หมู่ที่7.pdf,ส.ส. ๕/๑๘ (บช),ขอนแก่น,10,หนองสองห้อง,หนองเม็ก,7,9,303,188,300,188,176,4,112,176,8,6,6,1,2,6,1,1,1,64,0,3,2,0,0,0,0,1,0,1,0,0,0,0,0,0,0,8,0,0,0,2,2,0,2,0,0,22,2,1,0,0,0,1,0,0,39,0,2,0,0,0,0,0,0,0,0,0,0
result\bch\เขตเลือกตั้งที่10\หนองสองห้อง\หนองไผ่ล้อม\หน่วยที่1หมู่ที่1.json,เขตเลือกตั้งที่10\หนองสองห้อง\หนองไผ่ล้อม\หน่วยที่1หมู่ที่1.pdf,ส.ส. ๕/๑๘ (บช),ขอนแก่น,10,หนองสองห้อง,หนองไผ่ล้อม,1,1,421,269,400,269,255,11,131,255,3,10,5,2,0,9,2,0,0,90,1,5,2,0,0,0,1,0,0,0,0,0,0,0,0,0,0,0,0,1,1,0,2,0,0,0,0,74,3,0,0,1,0,0,0,1,41,1,2,1,0,0,0,0,0,0,0,0,0
result\bch\เขตเลือกตั้งที่10\หนองสองห้อง\หนองไผ่ล้อม\หน่วยที่2หมู่ที่2.json,เขตเลือกตั้งที่10\หนองสองห้อง\หนองไผ่ล้อม\หน่วยที่2หมู่ที่2.pdf,ส.ส. ๕/๑๘ (บช),ขอนแก่น,10,หนองสองห้อง,หนองไผ่ล้อม,2,2,396,239,380,239,222,15,141,222,2,5,4,1,0,4,2,0,3,93,2,4,2,1,0,0,0,0,0,0,0,0,1,1,0,0,0,3,0,2,1,1,0,0,1,0,1,54,3,0,1,0,0,0,0,0,31,0,1,0,0,0,0,0,0,0,0,0,0
result\bch\เขตเลือกตั้งที่10\หนองสองห้อง\หนองไผ่ล้อม\หน่วยที่3หมู่ที่3.json,เขตเลือกตั้งที่10\หนองสองห้อง\หนองไผ่ล้อม\หน่วยที่3หมู่ที่3.pdf,ส.ส. ๕/๑๘ (บช),ขอนแก่น,10,หนองสองห้อง,หนองไผ่ล้อม,3,3,459,271,440,271,253,18,169,253,0,4,4,2,0,10,4,0,1,84,3,6,2,4,0,1,1,1,0,0,1,0,0,0,1,0,0,2,1,1,0,0,1,1,0,0,1,59,4,0,0,0,1,0,0,0,51,1,0,1,0,0,0,0,0,0,0,0,0
result\bch\เขตเลือกตั้งที่10\หนองสองห้อง\หนองไผ่ล้อม\หน่วยที่4หมู่ที่4.json,เขตเลือกตั้งที่10\หนองสองห้อง\หนองไผ่ล้อม\หน่วยที่4หมู่ที่4.pdf,ส.ส. ๕/๑๘ (บช),ขอนแก่น,10,หนองสองห้อง,หนองไผ่ล้อม,4,4,723,449,700,449,423,24,251,423,2,8,14,3,1,18,8,0,4,148,3,15,2,4,0,0,1,0,0,2,0,0,0,0,0,0,1,6,0,4,0,0,0,0,1,3,2,102,3,1,0,0,1,3,0,0,62,1,0,0,0,1,0,1,0,0,0,0,0
result\bch\เขตเลือกตั้งที่10\หนองสองห้อง\หนองไผ่ล้อม\หน่วยที่5หมู่ที่5.json,เขตเลือกตั้งที่10\หนองสองห้อง\หนองไผ่ล้อม\หน่วยที่5หมู่ที่5.pdf,ส.ส. ๕/๑๘ (บช),ขอนแก่น,10,หนองสองห้อง,หนองไผ่ล้อม,5,5,312,0,300,201,190,9,99,190,2,3,5,0,0,8,4,0,0,65,1,8,4,0,0,0,0,0,0,0,0,0,1,0,0,0,0,3,0,0,0,0,1,0,0,0,0,49,0,1,0,0,1,0,0,0,36,0,0,0,0,0,0,0,0,0,0,0,0
result\bch\เขตเลือกตั้งที่10\หนองสองห้อง\หนองไผ่ล้อม\หน่วยที่6หมู่ที่6.json,เขตเลือกตั้งที่10\หนองสองห้อง\หนองไผ่ล้อม\หน่วยที่6หมู่ที่6.pdf,ส.ส. ๕/๑๘ (บช),ขอนแก่น,10,หนองสองห้อง,หนองไผ่ล้อม,6,6,213,132,200,132,126,5,68,127,1,4,1,0,0,5,1,0,0,61,1,1,0,0,0,0,0,0,0,0,0,0,0,0,0,0,0,1,0,0,0,0,0,0,2,0,1,32,1,0,0,0,0,0,0,0,13,0,2,0,0,0,0,0,0,0,0,0,0
result\bch\เขตเลือกตั้งที่10\หนองสองห้อง\หนองไผ่ล้อม\หน่วยที่7หมู่ที่7.json,เขตเลือกตั้งที่10\หนองสองห้อง\หนองไผ่ล้อม\หน่วยที่7หมู่ที่7.pdf,ส.ส. ๕/๑๘ (บช),ขอนแก่น,10,หนองสองห้อง,หนองไผ่ล้อม,7,7,244,140,240,140,135,2,100,135,3,0,2,0,0,1,0,0,1,60,1,4,0,1,0,0,1,0,0,0,0,0,0,0,0,0,0,2,1,0,0,0,0,0,1,0,0,31,1,0,1,0,1,0,0,1,23,1,0,1,0,0,0,0,0,0,0,0,0
result\bch\เขตเลือกตั้งที่10\หนองสองห้อง\หนองไผ่ล้อม\หน่วยที่8หมู่ที่8.json,เขตเลือกตั้งที่10\หนองสองห้อง\หนองไผ่ล้อม\หน่วยที่8หมู่ที่8.pdf,ส.ส. ๕/๑๘ (บช),ขอนแก่น,10,หนองสองห้อง,หนองไผ่ล้อม,8,8,468,301,460,301,284,12,159,284,5,6,1,1,1,10,5,0,4,105,1,11,2,0,0,0,1,1,0,0,0,0,0,0,1,0,0,3,0,3,0,0,0,0,1,1,0,73,3,0,0,0,3,0,0,1,46,0,0,0,0,0,0,0,0,0,0,0,0
result\bch\เขตเลือกตั้งที่10\หนองสองห้อง\หนองไผ่ล้อม\หน่วยที่9หมู่ที่9.json,เขตเลือกตั้งที่10\หนองสองห้อง\หนองไผ่ล้อม\หน่วยที่9หมู่ที่1.pdf,ส.ส. ๕/๑๘ (บช),ขอนแก่น,10,หนองสองห้อง,หนองไผ่ล้อม,1,9,413,246,246,246,232,12,134,232,2,1,3,0,0,3,1,0,2,88,0,8,2,1,0,0,0,1,0,0,0,0,0,0,0,0,0,7,0,0,0,1,0,2,2,1,0,68,0,0,0,0,0,0,0,0,39,0,1,0,0,1,0,0,0,0,0,0,0
result\bch\เขตเลือกตั้งที่10\หนองสองห้อง\หันโจด\หน่วยที่10หมู่ที่10.json,เขตเลือกตั้งที่10\หนองสองห้อง\หันโจด\หน่วยที่10หมู่ที่10.pdf,ส.ส. ๕/๑๘ (บช),ขอนแก่น,10,หนองสองห้อง,หันโจด,10,10,116,74,116,74,70,4,42,70,0,0,0,0,0,1,1,0,1,48,0,0,0,0,0,0,0,0,0,0,0,0,0,0,0,0,0,1,0,0,0,0,0,0,0,0,0,9,0,0,0,0,0,0,0,0,9,0,0,0,0,0,0,0,0,0,0,0,0
result\bch\เขตเลือกตั้งที่10\หนองสองห้อง\หันโจด\หน่วยที่11หมู่ที่11.json,เขตเลือกตั้งที่10\หนองสองห้อง\หันโจด\หน่วยที่11หมู่ที่11.pdf,ส.ส. ๕/๑๘ (บช),ขอนแก่น,10,หนองสองห้อง,หันโจด,11,11,179,127,180,127,124,1,53,124,2,5,2,0,0,2,2,0,0,63,0,1,0,2,0,0,0,0,0,0,0,0,0,0,0,0,0,1,0,0,0,0,0,1,1,0,0,14,1,0,0,0,0,0,0,1,25,1,1,0,0,1,0,0,0,0,0,0,0
result\bch\เขตเลือกตั้งที่10\หนองสองห้อง\หันโจด\หน่วยที่12หมู่ที่12.json,เขตเลือกตั้งที่10\หนองสองห้อง\หันโจด\หน่วยที่12หมู่ที่12.pdf,ส.ส. ๕/๑๘ (บช),ขอนแก่น,10,หนองสองห้อง,หันโจด,12,12,175,111,160,111,105,4,49,105,2,4,0,0,1,5,1,0,1,38,0,1,0,1,0,0,0,0,0,0,0,0,0,0,0,0,0,1,0,1,0,0,0,0,1,0,0,26,0,1,0,0,0,0,0,0,20,0,3,0,0,0,0,0,0,0,0,0,0
result\bch\เขตเลือกตั้งที่10\หนองสองห้อง\หันโจด\หน่วยที่1หมู่ที่1.json,เขตเลือกตั้งที่10\หนองสองห้อง\หันโจด\หน่วยที่1หมู่ที่1.pdf,ส.ส. ๕/๑๘ (บช),ขอนแก่น,10,หนองสองห้อง,หันโจด,1,1,298,186,281,186,173,12,95,173,1,3,5,0,0,5,1,1,0,90,2,4,0,0,0,0,1,0,0,0,0,0,0,0,0,0,0,2,0,0,0,1,0,0,0,0,0,21,1,0,0,1,0,1,0,0,32,0,1,0,0,0,1,0,0,0,0,0,0
result\bch\เขตเลือกตั้งที่10\หนองสองห้อง\หันโจด\หน่วยที่2หมู่ที่2.json,เขตเลือกตั้งที่10\หนองสองห้อง\หันโจด\หน่วยที่2หมู่ที่2.pdf,ส.ส. ๕/๑๘ (บช),ขอนแก่น,10,หนองสองห้อง,หันโจด,2,2,433,272,415,272,258,12,143,258,2,11,3,1,1,9,5,0,3,86,1,9,0,0,1,0,1,0,0,1,0,0,0,0,0,1,0,4,0,0,0,0,0,0,1,0,1,68,1,0,1,0,0,0,0,1,45,0,0,2,0,0,0,0,1,0,0,0,0
result\bch\เขตเลือกตั้งที่10\หนองสองห้อง\หันโจด\หน่วยที่3หมู่ที่3.json,เขตเลือกตั้งที่10\หนองสองห้อง\หันโจด\หน่วยที่3หมู่ที่3.pdf,ส.ส. ๕/๑๘ (บช),ขอนแก่น,10,หนองสองห้อง,หันโจด,3,3,378,196,300,196,184,11,104,184,1,2,2,0,0,3,1,0,1,0,0,3,0,0,0,0,0,0,0,0,0,0,0,0,0,1,0,6,0,11,0,97,0,0,0,1,0,52,2,0,0,0,0,0,0,0,0,0,1,1,0,0,0,0,0,0,0,0,0
result\bch\เขตเลือกตั้งที่10\หนองสองห้อง\หันโจด\หน่วยที่4หมู่ที่4.json,เขตเลือกตั้งที่10\หนองสองห้อง\หันโจด\หน่วยที่4หมู่ที่4.pdf,ส.ส. ๕/๑๘ (บช),ขอนแก่น,10,หนองสองห้อง,หันโจด,4,4,285,172,285,172,167,9,598,157,6,3,2,0,0,8,3,1,2,93,1,7,0,1,0,0,1,0,0,0,0,0,0,0,0,0,0,4,0,0,0,0,0,0,0,0,0,7,2,0,0,0,0,0,0,0,30,0,1,1,0,0,0,0,0,0,0,0,0
result\bch\เขตเลือกตั้งที่10\หนองสองห้อง\หันโจด\หน่วยที่5หมู่ที่5.json,เขตเลือกตั้งที่10\หนองสองห้อง\หันโจด\หน่วยที่5หมู่ที่5.pdf,ส.ส. ๕/๑๘ (บช),ขอนแก่น,10,หนองสองห้อง,หันโจด,5,5,240,150,240,150,145,4,90,145,1,2,23,0,0,1,0,0,0,66,1,2,2,2,0,0,0,0,0,0,0,0,0,1,0,0,0,0,0,0,0,2,0,0,1,0,0,27,1,0,0,0,0,0,0,0,12,1,1,0,0,0,0,0,0,0,0,0,0
result\bch\เขตเลือกตั้งที่10\หนองสองห้อง\หันโจด\หน่วยที่6หมู่ที่6.json,เขตเลือกตั้งที่10\หนองสองห้อง\หันโจด\หน่วยที่6หมู่ที่6.pdf,ส.ส. ๕/๑๘ (บช),ขอนแก่น,10,หนองสองห้อง,หันโจด,6,6,428,228,400,228,218,9,172,218,1,4,3,2,0,9,0,0,1,91,2,3,2,2,0,0,0,1,0,0,0,1,0,0,0,0,0,1,0,0,0,1,1,1,1,0,1,46,0,0,0,0,0,0,0,0,42,0,1,2,0,0,0,0,0,0,0,0,0
result\bch\เขตเลือกตั้งที่10\หนองสองห้อง\หันโจด\หน่วยที่7หมู่ที่7.json,เขตเลือกตั้งที่10\หนองสองห้อง\หันโจด\หน่วยที่7หมู่ที่7.pdf,ส.ส. ๕/๑๘ (บช),ขอนแก่น,10,หนองสองห้อง,หันโจด,7,7,547,310,520,310,299,10,210,299,1,2,5,2,1,8,4,0,2,113,1,9,0,0,1,1,0,1,0,0,0,0,0,0,0,0,0,1,1,0,0,3,0,0,0,3,1,93,4,0,0,0,1,1,0,0,40,0,1,0,0,0,0,0,0,0,0,0,0
result\bch\เขตเลือกตั้งที่10\หนองสองห้อง\หันโจด\หน่วยที่8หมู่ที่8.json,เขตเลือกตั้งที่10\หนองสองห้อง\หันโจด\หน่วยที่8หมู่ที่8.pdf,ส.ส. ๕/๑๘ (บช),ขอนแก่น,10,หนองสองห้อง,หันโจด,8,8,180,131,180,131,123,7,49,123,1,1,3,0,0,2,0,0,0,82,1,0,0,0,0,0,0,0,0,0,0,0,0,1,0,0,0,1,0,1,0,1,0,0,0,0,0,14,1,0,0,0,0,0,0,0,15,0,0,0,0,0,0,0,0,0,0,0,0
result\bch\เขตเลือกตั้งที่10\หนองสองห้อง\หันโจด\หน่วยที่9หมู่ที่9.json,เขตเลือกตั้งที่10\หนองสองห้อง\หันโจด\หน่วยที่9หมู่ที่9.pdf,ส.ส. ๕/๑๘ (บช),ขอนแก่น,10,หนองสองห้อง,หันโจด,9,9,166,126,126,126,123,2,54,123,1,4,1,0,0,1,1,0,0,70,0,2,1,1,0,0,0,0,0,0,0,0,0,0,0,0,0,1,0,0,0,1,0,0,0,1,2,17,1,0,0,0,0,0,0,0,18,0,1,0,0,0,0,0,0,0,0,0,0
result\bch\เขตเลือกตั้งที่10\หนองสองห้อง\โนนธาตุ\หน่วยที่10หมู่ที่10.json,เขตเลือกตั้งที่10\หนองสองห้อง\โนนธาตุ\หน่วยที่10หมู่ที่10.pdf,ส.ส. ๕/๑๘ (บช),ขอนแก่น,10,หนองสองห้อง,โนนธาตุ,10,10,537,337,520,337,313,18,183,313,6,10,4,0,0,5,2,0,0,160,0,7,0,1,0,0,2,0,0,0,0,1,0,0,1,0,0,0,0,0,1,1,1,0,0,0,1,54,2,0,0,0,0,0,0,0,56,1,3,0,0,0,0,0,0,0,0,0,0
result\bch\เขตเลือกตั้งที่10\หนองสองห้อง\โนนธาตุ\หน่วยที่11หมู่ที่11.json,เขตเลือกตั้งที่10\หนองสองห้อง\โนนธาตุ\หน่วยที่11หมู่ที่11.pdf,ส.ส. ๕/๑๘ (บช),ขอนแก่น,10,หนองสองห้อง,โนนธาตุ,11,11,219,121,300,121,117,4,179,117,0,3,2,2,0,2,2,0,0,43,1,2,1,1,0,0,0,0,0,0,0,0,0,0,0,0,0,0,0,0,2,1,0,0,0,1,0,28,4,0,0,0,0,0,0,0,22,0,0,0,0,0,0,0,0,0,0,0,0
result\bch\เขตเลือกตั้งที่10\หนองสองห้อง\โนนธาตุ\หน่วยที่1หมู่ที่1.json,เขตเลือกตั้งที่10\หนองสองห้อง\โนนธาตุ\หน่วยที่1หมู่ที่1.pdf,ส.ส. ๕/๑๘ (บช),ขอนแก่น,10,หนองสองห้อง,โนนธาตุ,1,1,263,150,260,150,143,7,110,150,0,3,1,0,0,6,1,0,1,82,1,3,2,0,0,0,1,0,0,0,0,0,0,0,0,0,0,0,0,0,0,2,0,0,0,0,0,16,2,0,0,0,0,0,0,0,22,0,0,0,0,0,0,0,0,0,0,0,0
result\bch\เขตเลือกตั้งที่10\หนองสองห้อง\โนนธาตุ\หน่วยที่2หมู่ที่2.json,เขตเลือกตั้งที่10\หนองสองห้อง\โนนธาตุ\หน่วยที่2หมู่ที่2.pdf,ส.ส. ๕/๑๘ (บช),ขอนแก่น,10,หนองสองห้อง,โนนธาตุ,2,2,340,185,320,185,171,9,135,171,5,5,5,2,1,5,1,0,0,77,0,4,2,1,0,0,0,0,0,0,0,0,0,0,0,0,1,0,0,1,0,2,0,0,2,1,0,28,1,0,0,0,1,0,0,0,28,1,1,1,0,0,0,0,0,0,0,0,0
result\bch\เขตเลือกตั้งที่10\หนองสองห้อง\โนนธาตุ\หน่วยที่3หมู่ที่3.json,เขตเลือกตั้งที่10\หนองสองห้อง\โนนธาตุ\หน่วยที่3หมู่ที่3.pdf,ส.ส. ๕/๑๘ (บช),ขอนแก่น,10,หนองสองห้อง,โนนธาตุ,3,3,359,179,360,179,172,6,181,172,1,1,1,1,0,4,3,0,0,105,0,4,0,0,0,0,0,0,0,0,0,0,0,0,0,0,0,1,0,0,0,0,0,0,0,1,0,20,1,0,0,0,0,0,0,0,28,1,1,0,0,0,0,0,0,0,0,0,0
result\bch\เขตเลือกตั้งที่10\หนองสองห้อง\โนนธาตุ\หน่วยที่4หมู่ที่4.json,เขตเลือกตั้งที่10\หนองสองห้อง\โนนธาตุ\หน่วยที่4หมู่ที่4.pdf,ส.ส. ๕/๑๘ (บช),ขอนแก่น,10,หนองสองห้อง,โนนธาตุ,4,4,571,362,540,362,346,10,178,346,6,9,9,2,0,12,1,1,1,155,0,7,0,1,0,0,1,0,0,0,0,0,0,0,0,1,0,1,0,0,0,2,0,1,2,0,0,90,2,0,0,0,0,0,0,0,44,0,4,0,0,0,0,0,0,0,0,0,0
result\bch\เขตเลือกตั้งที่10\หนองสองห้อง\โนนธาตุ\หน่วยที่5หมู่ที่5.json,เขตเลือกตั้งที่10\หนองสองห้อง\โนนธาตุ\หน่วยที่5หมู่ที่5.pdf,ส.ส. ๕/๑๘ (บช),ขอนแก่น,10,หนองสองห้อง,โนนธาตุ,5,5,605,333,620,333,315,18,287,315,0,5,5,1,0,7,5,0,0,120,1,4,1,3,0,0,1,1,0,0,0,0,0,0,0,0,0,4,0,0,0,0,2,0,0,0,1,69,2,0,0,0,1,1,0,0,77,2,1,1,0,0,0,0,0,0,0,0,0
result\bch\เขตเลือกตั้งที่10\หนองสองห้อง\โนนธาตุ\หน่วยที่6หมู่ที่6.json,เขตเลือกตั้งที่10\หนองสองห้อง\โนนธาตุ\หน่วยที่6หมู่ที่6.pdf,ส.ส. ๕/๑๘ (บช),ขอนแก่น,10,หนองสองห้อง,โนนธาตุ,6,6,627,370,600,370,358,11,230,358,1,10,5,0,1,22,3,0,0,183,3,6,3,1,0,0,0,0,0,1,0,0,0,0,0,0,0,2,1,1,0,2,0,0,1,0,0,47,2,1,0,0,0,0,0,0,59,0,3,0,0,0,0,0,0,0,0,1,0
result\bch\เขตเลือกตั้งที่10\หนองสองห้อง\โนนธาตุ\หน่วยที่7หมู่ที่7.json,เขตเลือกตั้งที่10\หนองสองห้อง\โนนธาตุ\หน่วยที่7หมู่ที่7.pdf,ส.ส. ๕/๑๘ (บช),ขอนแก่น,10,หนองสองห้อง,โนนธาตุ,7,7,229,139,220,139,133,5,81,133,1,5,4,1,0,7,0,0,1,61,1,10,0,2,0,0,1,0,0,0,0,0,0,0,0,0,0,0,0,0,0,0,0,0,1,0,0,18,0,0,0,0,0,0,0,0,21,0,0,0,0,0,0,0,0,0,0,0,0
result\bch\เขตเลือกตั้งที่10\หนองสองห้อง\โนนธาตุ\หน่วยที่8หมู่ที่8.json,เขตเลือกตั้งที่10\หนองสองห้อง\โนนธาตุ\หน่วยที่8หมู่ที่8.pdf,ส.ส. ๕/๑๘ (บช),ขอนแก่น,10,หนองสองห้อง,โนนธาตุ,8,8,339,194,320,194,186,8,126,186,0,4,1,0,1,6,3,4,1,95,2,5,0,0,0,0,0,0,0,0,0,0,0,0,0,0,0,1,1,1,1,1,0,0,0,0,0,39,1,0,0,0,0,0,0,0,19,0,0,0,0,0,0,0,0,0,0,0,0
result\bch\เขตเลือกตั้งที่10\หนองสองห้อง\โนนธาตุ\หน่วยที่9หมู่ที่9.json,เขตเลือกตั้งที่10\หนองสองห้อง\โนนธาตุ\หน่วยที่9หมู่ที่9.pdf,ส.ส. ๕/๑๘ (บช),ขอนแก่น,10,หนองสองห้อง,โนนธาตุ,9,9,373,229,400,229,213,16,171,213,0,11,3,3,1,5,2,1,0,104,0,1,0,0,1,0,0,1,0,1,0,0,0,0,0,0,0,1,0,2,0,1,0,0,0,1,0,32,4,1,0,0,0,0,0,0,34,1,1,0,0,0,0,0,0,1,0,0,0
result\bch\เขตเลือกตั้งที่10\หนองสองห้อง\ในนอกนอกราช\กนค_ชุด10_เขต10.json,เขตเลือกตั้งที่10\หนองสองห้อง\ในนอกนอกราช\กนค_ชุด10_เขต10.pdf,ส.ส. ๕/๑๘ (บช),ขอนแก่น,10,หนองสองห้อง,ในนอกนอกราช,,,0,0,11,11,11,0,0,11,0,0,0,0,0,0,0,0,0,3,0,4,0,0,0,0,0,0,0,0,0,0,0,0,0,0,0,0,0,0,0,0,0,0,0,0,0,0,0,0,0,0,0,0,0,0,4,0,0,0,0,0,0,0,0,0,0,0,0
result\bch\เขตเลือกตั้งที่10\หนองสองห้อง\ในนอกนอกราช\กนค_ชุด1_เขต10.json,เขตเลือกตั้งที่10\หนองสองห้อง\ในนอกนอกราช\กนค_ชุด1_เขต10.pdf,ส.ส. ๕/๑๘ (บช),ขอนแก่น,10,หนองสองห้อง,ในนอกนอกราช,,,0,0,800,800,777,5,0,777,18,0,2,1,0,4,10,2,1,127,0,12,2,1,0,0,0,0,0,0,0,1,0,0,0,0,0,9,0,0,1,0,0,1,0,0,0,80,1,0,0,0,1,1,0,0,515,0,2,3,0,0,0,0,0,0,0,0,0
result\bch\เขตเลือกตั้งที่10\หนองสองห้อง\ในนอกนอกราช\กนค_ชุด2_เขต10.json,เขตเลือกตั้งที่10\หนองสองห้อง\ในนอกนอกราช\กนค_ชุด2_เขต10.pdf,ส.ส. ๕/๑๗ (บช),ขอนแก่น,10,หนองสองห้อง,ในนอกนอกราช,,,0,0,800,800,778,9,0,778,13,2,3,4,0,3,7,0,1,132,1,10,2,4,0,0,1,1,0,0,0,0,0,0,0,0,0,13,1,0,0,0,0,0,0,0,1,75,0,0,0,1,0,0,0,0,508,1,5,1,0,1,0,0,0,0,0,0,0
result\bch\เขตเลือกตั้งที่10\หนองสองห้อง\ในนอกนอกราช\กนค_ชุด3_เขต10.json,เขตเลือกตั้งที่10\หนองสองห้อง\ในนอกนอกราช\กนค_ชุด3_เขต10.pdf,ส.ส. ๕/๑๘ (บช),ขอนแก่น,10,หนองสองห้อง,ในนอกนอกราช,,,0,0,800,800,769,13,0,769,18,1,0,0,0,6,8,0,3,132,1,15,5,6,0,1,0,1,0,0,0,0,0,0,0,0,0,11,2,1,0,0,0,0,1,2,0,84,0,1,0,0,1,2,0,1,477,1,3,1,0,0,1,0,0,0,1,0,0
result\bch\เขตเลือกตั้งที่10\หนองสองห้อง\ในนอกนอกราช\กนค_ชุด4_เขต10.json,เขตเลือกตั้งที่10\หนองสองห้อง\ในนอกนอกราช\กนค_ชุด4_เขต10.pdf,ส.ส. ๕/๑๘ (บช),ขอนแก่น,10,หนองสองห้อง,ในนอกนอกราช,,,0,0,800,800,762,17,0,762,21,5,1,1,1,6,9,0,2,126,1,14,1,1,1,0,0,1,0,0,0,0,0,0,0,1,0,13,1,3,0,1,1,1,1,0,1,84,0,0,0,0,0,1,0,0,473,3,4,4,0,0,0,0,0,0,0,0,0
result\bch\เขตเลือกตั้งที่10\หนองสองห้อง\ในนอกนอกราช\กนค_ชุด5_เขต10.json,เขตเลือกตั้งที่10\หนองสองห้อง\ในนอกนอกราช\กนค_ชุด5_เขต10.pdf,ส.ส. ๕/๑๘ (บช),ขอนแก่น,10,หนองสองห้อง,ในนอกนอกราช,,,0,0,800,800,777,8,0,777,15,4,3,1,1,3,9,0,1,149,2,18,6,3,0,1,3,1,0,0,0,0,0,0,0,0,0,8,0,1,0,0,1,0,0,0,0,98,2,1,0,0,2,2,0,0,451,2,3,1,0,0,0,0,0,0,0,0,0
result\bch\เขตเลือกตั้งที่10\หนองสองห้อง\ในนอกนอกราช\กนค_ชุด6_เขต10.json,เขตเลือกตั้งที่10\หนองสองห้อง\ในนอกนอกราช\กนค_ชุด6_เขต10.pdf,ส.ส. ๕/๑๗ (บช),ขอนแก่น,10,หนองสองห้อง,ในนอกนอกราช,,,0,0,800,800,775,3,14,775,18,3,6,1,0,2,5,2,1,131,2,11,4,4,0,0,0,0,0,1,1,2,0,0,0,0,0,11,5,0,1,0,0,0,0,0,0,90,0,0,0,0,1,2,0,0,482,0,4,0,0,0,1,0,0,1,0,0,0
result\bch\เขตเลือกตั้งที่10\หนองสองห้อง\ในนอกนอกราช\กนค_ชุด7_เขต10.json,เขตเลือกตั้งที่10\หนองสองห้อง\ในนอกนอกราช\กนค_ชุด7_เขต10.pdf,ส.ส. ๕/๑๘ (บช),ขอนแก่น,10,หนองสองห้อง,ในนอกนอกราช,,,0,0,573,573,556,3,0,556,14,0,3,2,0,1,5,0,0,105,1,0,2,1,0,0,0,1,0,1,1,2,0,0,0,0,0,6,1,2,0,0,0,0,0,0,0,59,1,0,0,0,0,0,0,0,345,1,4,1,0,0,0,0,0,0,0,0,0
result\bch\เขตเลือกตั้งที่10\หนองสองห้อง\ในนอกนอกราช\กนค_ชุด8_เขต10.json,เขตเลือกตั้งที่10\หนองสองห้อง\ในนอกนอกราช\กนค_ชุด8_เขต10.pdf,ส.ส. ๕/๑๘ (บช),ขอนแก่น,10,หนองสองห้อง,ในนอกนอกราช,,,0,0,501,501,480,5,0,480,16,3,1,1,0,0,8,0,0,96,1,6,3,1,0,0,0,0,0,1,0,2,0,0,0,0,0,2,0,0,0,0,0,0,0,0,0,55,0,0,0,0,3,0,0,1,291,1,3,1,0,0,0,0,0,0,0,0,0
result\bch\เขตเลือกตั้งที่10\หนองสองห้อง\ในนอกนอกราช\กนค_ชุด9_เขต10.json,เขตเลือกตั้งที่10\หนองสองห้อง\ในนอกนอกราช\กนค_ชุด9_เขต10.pdf,ส.ส. ๕/๑๘ (บช),ขอนแก่น,10,หนองสองห้อง,ในนอกนอกราช,,,0,0,263,262,254,1,1,251,7,2,1,0,0,0,1,0,0,38,1,7,0,1,0,0,0,0,0,0,0,0,0,0,0,0,0,4,0,0,0,0,0,0,0,0,2,42,0,0,0,0,0,0,0,0,154,0,0,1,0,0,0,0,0,0,0,0,0
result\bch\เขตเลือกตั้งที่10\เปือยน้อย\ขามป้อม\หน่วยที่10หมู่ที่10.json,เขตเลือกตั้งที่10\เปือยน้อย\ขามป้อม\หน่วยที่10หมู่ที่10.pdf,ส.ส. ๕/๑๘ (บช),ขอนแก่น,10,เปือยน้อย,ขามป้อม,10,10,211,141,200,141,130,11,59,130,0,4,2,1,0,6,2,0,1,34,0,9,2,0,0,0,0,1,0,0,0,0,1,0,0,0,0,1,0,0,0,3,1,1,0,0,0,23,0,0,0,0,0,1,0,0,31,0,5,0,0,0,0,0,0,0,1,0,0
result\bch\เขตเลือกตั้งที่10\เปือยน้อย\ขามป้อม\หน่วยที่1หมู่ที่1.json,เขตเลือกตั้งที่10\เปือยน้อย\ขามป้อม\หน่วยที่1หมู่ที่1.pdf,ส.ส. ๕/๑๘ (บช),ขอนแก่น,10,เปือยน้อย,ขามป้อม,1,1,482,280,480,280,266,14,200,266,0,6,4,0,0,6,1,0,0,95,0,8,4,1,0,0,1,0,1,1,0,0,0,0,0,1,0,2,0,2,2,1,0,1,0,0,1,35,0,1,0,0,0,0,0,1,90,1,0,0,0,0,0,0,0,0,0,0,0
result\bch\เขตเลือกตั้งที่10\เปือยน้อย\ขามป้อม\หน่วยที่2หมู่ที่2.json,เขตเลือกตั้งที่10\เปือยน้อย\ขามป้อม\หน่วยที่2หมู่ที่2.pdf,ส.ส. ๕/๑๘ (บช),ขอนแก่น,10,เปือยน้อย,ขามป้อม,2,2,589,322,580,322,302,20,258,302,0,21,5,0,1,13,4,1,1,99,4,3,4,3,0,1,0,2,1,0,1,0,0,0,0,0,0,9,0,2,3,2,2,2,2,0,0,66,7,1,1,0,0,2,0,0,37,1,0,1,0,0,0,0,0,0,0,0,0
result\bch\เขตเลือกตั้งที่10\เปือยน้อย\ขามป้อม\หน่วยที่3หมู่ที่3.json,เขตเลือกตั้งที่10\เปือยน้อย\ขามป้อม\หน่วยที่3หมู่ที่3.pdf,ส.ส. ๕/๑๘ (บช),ขอนแก่น,10,เปือยน้อย,ขามป้อม,3,3,461,269,460,269,260,4,191,260,5,15,2,3,0,20,4,0,0,101,0,7,2,1,0,0,0,0,0,1,0,0,0,0,0,0,0,5,0,3,1,1,0,0,3,1,0,38,1,1,0,0,0,0,0,0,47,0,1,0,0,1,0,0,0,0,1,0,0
result\bch\เขตเลือกตั้งที่10\เปือยน้อย\ขามป้อม\หน่วยที่4หมู่ที่4.json,เขตเลือกตั้งที่10\เปือยน้อย\ขามป้อม\หน่วยที่4หมู่ที่4.pdf,ส.ส. ๕/๑๘ (บช),ขอนแก่น,10,เปือยน้อย,ขามป้อม,4,4,741,442,740,442,404,33,298,404,5,13,8,3,0,22,1,0,2,125,2,14,5,4,0,0,0,1,0,1,0,0,0,0,1,0,1,12,0,0,0,1,1,1,2,1,1,71,8,2,0,0,2,1,0,0,92,2,4,0,0,0,0,0,0,0,0,0,0
result\bch\เขตเลือกตั้งที่10\เปือยน้อย\ขามป้อม\หน่วยที่5หมู่ที่5.json,เขตเลือกตั้งที่10\เปือยน้อย\ขามป้อม\หน่วยที่5หมู่ที่5.pdf,ส.ส. ๕/๑๘ (บช),ขอนแก่น,10,เปือยน้อย,ขามป้อม,5,5,345,233,340,233,219,14,107,219,0,5,3,0,1,13,2,0,1,87,0,4,3,0,0,1,0,0,0,0,0,0,0,0,0,0,1,3,1,1,0,1,0,0,0,0,1,58,0,0,1,0,0,0,0,0,27,1,4,0,0,0,0,0,0,0,0,0,0
result\bch\เขตเลือกตั้งที่10\เปือยน้อย\ขามป้อม\หน่วยที่6หมู่ที่6.json,เขตเลือกตั้งที่10\เปือยน้อย\ขามป้อม\หน่วยที่6หมู่ที่6.pdf,ส.ส. ๕/๑๘ (บช),ขอนแก่น,10,เปือยน้อย,ขามป้อม,6,6,562,328,560,328,310,17,232,310,1,6,7,4,1,10,1,1,2,142,1,9,2,2,0,1,1,0,0,0,0,0,0,0,0,0,0,13,1,0,1,1,1,0,2,0,0,46,1,0,0,1,2,0,0,0,45,0,5,0,0,0,0,0,0,0,1,0,0
result\bch\เขตเลือกตั้งที่10\เปือยน้อย\ขามป้อม\หน่วยที่7หมู่ที่7.json,เขตเลือกตั้งที่10\เปือยน้อย\ขามป้อม\หน่วยที่7หมู่ที่7.pdf,ส.ส. ๕/๑๘ (บช),ขอนแก่น,10,เปือยน้อย,ขามป้อม,7,7,520,285,520,285,265,14,235,265,6,7,4,4,0,19,1,1,1,70,3,13,1,2,0,1,0,1,0,1,0,0,0,0,0,0,0,5,1,0,0,0,1,0,1,2,0,67,2,0,2,0,1,0,0,0,44,0,8,2,0,0,0,0,0,0,0,0,0
result\bch\เขตเลือกตั้งที่10\เปือยน้อย\ขามป้อม\หน่วยที่8หมู่ที่8.json,เขตเลือกตั้งที่10\เปือยน้อย\ขามป้อม\หน่วยที่8หมู่ที่8.pdf,ส.ส. ๕/๑๘ (บช),ขอนแก่น,10,เปือยน้อย,ขามป้อม,8,8,227,115,220,115,110,4,105,110,1,5,3,0,0,3,1,0,0,53,0,4,0,0,1,0,0,0,0,0,0,0,0,0,0,0,0,10,1,0,0,0,0,0,0,0,0,12,0,0,0,0,1,1,0,0,15,0,0,0,0,0,0,0,0,0,0,0,0
result\bch\เขตเลือกตั้งที่10\เปือยน้อย\ขามป้อม\หน่วยที่9หมู่ที่9.json,เขตเลือกตั้งที่10\เปือยน้อย\ขามป้อม\หน่วยที่9หมู่ที่9.pdf,ส.ส. ๕/๑๘ (บช),ขอนแก่น,10,เปือยน้อย,ขามป้อม,9,9,414,232,400,232,211,17,168,211,4,4,4,1,0,4,1,0,1,75,0,18,2,1,0,0,0,1,0,1,0,0,0,0,0,0,0,5,0,0,0,2,1,0,0,0,0,52,2,0,2,0,1,0,0,0,31,0,1,1,0,0,0,0,0,0,0,0,0
result\bch\เขตเลือกตั้งที่10\เปือยน้อย\วังม่วง\หน่วยที่1หมู่ที่1.json,เขตเลือกตั้งที่10\เปือยน้อย\วังม่วง\หน่วยที่1หมู่ที่1.pdf,ส.ส. ๕/๑๘ (บช),ขอนแก่น,10,เปือยน้อย,วังม่วง,1,1,838,526,820,526,484,41,294,484,1,5,11,2,2,23,6,0,3,105,0,15,3,4,0,0,0,1,1,1,0,0,0,0,0,0,0,42,1,2,2,1,0,1,0,4,5,119,3,0,0,0,2,1,0,0,111,2,3,3,0,0,0,0,0,0,0,0,0
result\bch\เขตเลือกตั้งที่10\เปือยน้อย\วังม่วง\หน่วยที่2หมู่ที่2.json,เขตเลือกตั้งที่10\เปือยน้อย\วังม่วง\หน่วยที่2หมู่ที่2.pdf,ส.ส. ๕/๑๘ (บช),ขอนแก่น,10,เปือยน้อย,วังม่วง,2,2,822,550,800,550,499,50,250,529,1,19,8,2,1,29,3,0,1,136,1,36,3,6,3,0,1,1,0,0,2,0,0,0,1,0,0,35,0,3,1,0,0,1,1,0,1,75,0,0,0,0,0,1,0,3,120,0,4,0,0,0,0,0,1,0,0,0,0
result\bch\เขตเลือกตั้งที่10\เปือยน้อย\วังม่วง\หน่วยที่3หมู่ที่3.json,เขตเลือกตั้งที่10\เปือยน้อย\วังม่วง\หน่วยที่3หมู่ที่3.pdf,ส.ส. ๕/๑๘ (บช),ขอนแก่น,10,เปือยน้อย,วังม่วง,3,3,521,344,500,344,321,22,156,321,1,4,5,5,0,13,4,0,2,114,1,5,2,4,0,0,1,1,0,1,1,0,0,0,0,0,1,6,0,0,0,0,1,0,2,2,1,51,4,0,0,0,0,0,0,3,86,0,0,1,0,0,0,0,0,0,0,0,0
result\bch\เขตเลือกตั้งที่10\เปือยน้อย\วังม่วง\หน่วยที่4หมู่ที่4.json,เขตเลือกตั้งที่10\เปือยน้อย\วังม่วง\หน่วยที่4หมู่ที่4.pdf,ส.ส. ๕/๑๘ (บช),ขอนแก่น,10,เปือยน้อย,วังม่วง,4,4,677,473,680,473,448,25,207,448,0,11,5,0,1,20,0,0,0,1,151,2,6,1,1,0,1,0,3,0,0,0,1,0,2,0,0,1,21,0,2,2,1,2,0,3,0,0,109,3,0,0,1,1,2,0,0,89,3,1,0,1,0,0,0,0,0,0,0
result\bch\เขตเลือกตั้งที่10\เปือยน้อย\วังม่วง\หน่วยที่5หมู่ที่5.json,เขตเลือกตั้งที่10\เปือยน้อย\วังม่วง\หน่วยที่5หมู่ที่5.pdf,ส.ส. ๕/๑๘ (บช),ขอนแก่น,10,เปือยน้อย,วังม่วง,5,5,355,202,340,202,194,8,138,194,0,7,3,1,0,9,1,0,0,99,0,9,0,0,0,1,0,0,0,0,0,0,0,0,0,0,0,5,0,0,2,1,0,0,1,0,1,34,1,0,0,0,0,0,0,0,19,0,0,0,0,0,0,0,0,0,0,0,0
result\bch\เขตเลือกตั้งที่10\เปือยน้อย\วังม่วง\หน่วยที่6หมู่ที่6.json,เขตเลือกตั้งที่10\เปือยน้อย\วังม่วง\หน่วยที่6หมู่ที่6.pdf,ส.ส. ๕/๑๘ (บช),ขอนแก่น,10,เปือยน้อย,วังม่วง,6,6,552,324,540,324,304,15,216,304,5,11,5,3,0,8,0,1,1,0,141,3,3,0,2,0,2,1,0,0,0,0,0,0,1,0,0,3,0,0,0,0,0,0,3,0,1,28,3,0,0,0,1,1,0,0,81,1,0,0,0,0,0,0,0,0,0,0,0
result\bch\เขตเลือกตั้งที่10\เปือยน้อย\วังม่วง\หน่วยที่7หมู่ที่7.json,เขตเลือกตั้งที่10\เปือยน้อย\วังม่วง\หน่วยที่7หมู่ที่7.pdf,ส.ส. ๕/๑๘ (บช),ขอนแก่น,10,เปือยน้อย,วังม่วง,7,7,1041,659,1040,659,611,48,381,611,0,18,16,4,3,22,10,0,5,186,1,28,4,0,1,0,1,3,0,1,1,0,0,0,0,0,1,24,1,0,0,0,2,0,2,2,0,137,2,0,1,0,0,2,0,1,129,1,0,0,0,1,0,0,0,0,1,0,0
result\bch\เขตเลือกตั้งที่10\เปือยน้อย\วังม่วง\หน่วยที่8หมู่ที่8.json,เขตเลือกตั้งที่10\เปือยน้อย\วังม่วง\หน่วยที่8หมู่ที่8.pdf,ส.ส. ๕/๑๘ (บช),ขอนแก่น,10,เปือยน้อย,วังม่วง,8,8,506,308,500,308,286,17,192,286,5,9,2,1,1,15,3,0,0,111,1,14,2,4,0,0,0,0,0,0,0,1,0,0,0,0,1,8,0,0,1,2,2,0,2,0,0,31,4,0,0,0,0,0,0,0,68,1,1,1,0,0,0,0,0,0,0,0,0
result\bch\เขตเลือกตั้งที่10\เปือยน้อย\สระแก้ว\หน่วยที่1หมู่ที่1.json,เขตเลือกตั้งที่10\เปือยน้อย\สระแก้ว\หน่วยที่1หมู่ที่1.pdf,ส.ส. ๕/๑๘ (บช),ขอนแก่น,10,เปือยน้อย,สระแก้ว,1,1,524,315,500,314,298,14,186,299,2,11,4,2,1,13,2,0,1,166,1,2,2,0,0,0,0,0,0,0,0,0,0,0,0,0,0,1,0,1,2,0,1,0,0,0,0,39,5,0,0,0,0,0,0,1,43,0,0,0,0,0,0,0,0,0,0,0,0
result\bch\เขตเลือกตั้งที่10\เปือยน้อย\สระแก้ว\หน่วยที่2หมู่ที่2.json,เขตเลือกตั้งที่10\เปือยน้อย\สระแก้ว\หน่วยที่2หมู่ที่2.pdf,ส.ส. ๕/๑๘ (บช),ขอนแก่น,10,เปือยน้อย,สระแก้ว,2,2,530,348,520,348,325,22,172,325,1,13,7,2,0,8,5,0,1,148,0,9,1,0,0,0,0,0,0,0,0,0,0,0,0,0,0,4,0,1,1,1,1,0,2,0,0,52,4,0,0,0,2,2,0,1,55,2,3,0,0,0,0,0,0,0,0,0,0
result\bch\เขตเลือกตั้งที่10\เปือยน้อย\สระแก้ว\หน่วยที่3หมู่ที่3.json,เขตเลือกตั้งที่10\เปือยน้อย\สระแก้ว\หน่วยที่3หมู่ที่3.pdf,ส.ส. ๕/๑๘ (บช),ขอนแก่น,10,เปือยน้อย,สระแก้ว,3,3,243,143,240,143,133,9,97,133,1,3,3,2,1,1,4,0,3,65,0,6,0,1,0,0,0,0,0,1,0,1,0,0,0,0,0,3,0,0,0,0,0,0,0,0,0,18,3,0,0,0,0,1,0,0,16,1,0,0,0,0,0,0,0,0,0,0,0
result\bch\เขตเลือกตั้งที่10\เปือยน้อย\สระแก้ว\หน่วยที่5หมู่ที่5.json,เขตเลือกตั้งที่10\เปือยน้อย\สระแก้ว\หน่วยที่5หมู่ที่5.pdf,ส.ส. ๕/๑๘ (บช),ขอนแก่น,10,เปือยน้อย,สระแก้ว,5,5,315,198,300,198,182,12,102,182,4,5,1,0,0,2,0,0,0,74,0,2,0,1,0,0,0,1,0,0,0,0,0,0,0,0,0,4,0,1,0,0,0,0,1,0,0,41,2,0,0,0,0,0,0,0,44,0,0,1,0,1,0,0,1,0,0,0,0
result\bch\เขตเลือกตั้งที่10\เปือยน้อย\สระแก้ว\หน่วยที่6หมู่ที่6.json,เขตเลือกตั้งที่10\เปือยน้อย\สระแก้ว\หน่วยที่6หมู่ที่6.pdf,ส.ส. ๕/๑๘ (บช),ขอนแก่น,10,เปือยน้อย,สระแก้ว,6,6,331,187,320,187,177,9,133,177,1,1,2,1,0,5,0,0,0,81,1,6,1,0,0,0,0,0,0,0,0,0,0,0,0,0,0,0,0,0,0,0,0,0,0,0,0,42,0,1,0,0,0,1,0,0,35,0,0,0,0,0,0,0,0,0,0,0,0
result\bch\เขตเลือกตั้งที่10\เปือยน้อย\สระแก้ว\หน่วยที่7หมู่ที่7.json,เขตเลือกตั้งที่10\เปือยน้อย\สระแก้ว\หน่วยที่7หมู่ที่7.pdf,ส.ส. ๕/๑๘ (บช),ขอนแก่น,10,เปือยน้อย,สระแก้ว,7,7,744,553,770,553,512,33,217,512,8,24,4,5,2,23,3,0,2,160,0,14,0,1,0,0,0,0,0,0,0,0,0,0,2,0,0,11,1,2,2,172,0,3,2,0,1,53,1,1,1,0,0,0,0,1,18,0,1,1,0,0,0,0,1,0,0,0,0
result\bch\เขตเลือกตั้งที่10\เปือยน้อย\สระแก้ว\หน่วยที่9หมู่ที่4.json,เขตเลือกตั้งที่10\เปือยน้อย\สระแก้ว\หน่วยที่9หมู่ที่4.pdf,ส.ส. ๕/๑๘ (บช),ขอนแก่น,10,เปือยน้อย,สระแก้ว,4,9,317,201,300,201,185,10,99,185,6,2,2,2,0,5,1,0,0,104,1,9,1,1,0,1,0,1,0,0,0,0,0,0,0,0,0,3,0,0,1,0,0,0,0,0,0,25,4,0,0,0,0,0,0,0,19,0,1,0,0,0,0,0,1,0,0,1,0
result\bch\เขตเลือกตั้งที่10\เปือยน้อย\เปือยน้อย\หน่วยที่1หมู่ที่1.json,เขตเลือกตั้งที่10\เปือยน้อย\เปือยน้อย\หน่วยที่1หมู่ที่1.pdf,ส.ส. ๕/๑๘ (บช),ขอนแก่น,10,เปือยน้อย,เปือยน้อย,1,1,665,466,660,466,422,40,194,422,4,4,7,2,1,15,1,0,2,155,1,15,4,5,0,0,0,0,0,0,0,0,0,0,1,0,0,10,1,4,0,0,3,0,2,0,1,72,2,1,0,0,0,0,0,0,111,0,2,0,0,0,0,0,0,0,0,0,0
result\bch\เขตเลือกตั้งที่10\เปือยน้อย\เปือยน้อย\หน่วยที่2หมู่ที่2.json,เขตเลือกตั้งที่10\เปือยน้อย\เปือยน้อย\หน่วยที่2หมู่ที่2.pdf,ส.ส. ๕/๑๘ (บช),ขอนแก่น,10,เปือยน้อย,เปือยน้อย,2,2,471,280,460,280,260,15,180,260,5,9,7,4,0,1,0,0,1,143,0,4,2,0,0,0,0,1,0,0,0,0,0,0,0,0,0,4,0,0,0,0,0,0,0,0,0,28,6,0,0,0,3,1,0,1,43,0,0,1,0,0,0,0,1,0,0,0,0
result\bch\เขตเลือกตั้งที่10\เปือยน้อย\เปือยน้อย\หน่วยที่3หมู่ที่3.json,เขตเลือกตั้งที่10\เปือยน้อย\เปือยน้อย\หน่วยที่3หมู่ที่3.pdf,ส.ส. ๕/๑๘ (บช),ขอนแก่น,10,เปือยน้อย,เปือยน้อย,3,3,627,411,620,411,385,24,209,385,2,9,9,3,0,13,2,0,1,114,1,17,3,0,0,0,1,0,0,0,0,0,0,0,1,0,0,13,0,0,0,1,2,0,1,0,0,99,0,0,0,0,2,1,0,0,88,0,2,1,0,0,1,0,0,0,0,0,0
result\bch\เขตเลือกตั้งที่10\เปือยน้อย\เปือยน้อย\หน่วยที่4หมู่ที่4.json,เขตเลือกตั้งที่10\เปือยน้อย\เปือยน้อย\หน่วยที่4หมู่ที่4.pdf,ส.ส. ๕/๑๘ (บช),ขอนแก่น,10,เปือยน้อย,เปือยน้อย,4,4,603,370,600,370,339,27,230,339,4,8,2,7,0,10,4,1,0,149,1,2,2,1,1,0,1,1,0,0,0,0,0,0,0,1,0,6,0,0,0,0,0,0,0,0,0,85,0,0,0,0,1,0,0,0,54,0,1,1,0,0,0,0,0,0,0,0,0
result\bch\เขตเลือกตั้งที่10\เปือยน้อย\เปือยน้อย\หน่วยที่5หมู่ที่5.json,เขตเลือกตั้งที่10\เปือยน้อย\เปือยน้อย\หน่วยที่5หมู่ที่5.pdf,ส.ส. ๕/๑๘ (บช),ขอนแก่น,10,เปือยน้อย,เปือยน้อย,5,5,261,159,240,159,152,5,81,152,2,3,1,0,0,2,1,0,0,84,0,6,0,0,0,1,1,0,0,0,0,0,0,0,0,0,0,6,0,1,0,0,1,0,0,0,0,14,2,1,0,0,0,0,0,0,27,0,1,0,0,0,0,0,0,0,0,0,0
result\bch\เขตเลือกตั้งที่10\เปือยน้อย\เปือยน้อย\หน่วยที่6หมู่ที่0.json,เขตเลือกตั้งที่10\เปือยน้อย\เปือยน้อย\หน่วยที่6หมู่ที่0.pdf,ส.ส. ๕/๑๘ (บช),ขอนแก่น,10,เปือยน้อย,เปือยน้อย,0,6,274,162,260,162,152,9,98,152,1,2,8,1,0,10,0,1,2,57,0,3,1,1,0,0,0,0,0,0,0,0,0,0,0,0,0,2,0,0,0,0,0,0,0,0,0,40,2,0,0,1,0,0,0,0,21,0,0,0,0,0,0,0,0,0,0,0,0
result\bch\เขตเลือกตั้งที่10\เปือยน้อย\เปือยน้อย\หน่วยที่7หมู่ที่7.json,เขตเลือกตั้งที่10\เปือยน้อย\เปือยน้อย\หน่วยที่7หมู่ที่7.pdf,ส.ส. ๕/๑๘ (บช),ขอนแก่น,10,เปือยน้อย,เปือยน้อย,7,7,575,362,362,362,339,18,198,339,5,6,7,0,1,10,8,1,0,138,0,13,4,4,0,1,1,0,1,0,0,0,0,1,0,0,0,5,1,1,0,1,4,0,1,0,0,47,1,0,0,0,0,0,0,0,80,0,1,0,0,0,1,0,0,0,0,0,0
result\bch\เขตเลือกตั้งที่10\โคกโพธิ์ไชย\ซับสมบูรณ์\หน่วยที่10หมู่ที่10.json,เขตเลือกตั้งที่10\โคกโพธิ์ไชย\ซับสมบูรณ์\หน่วยที่10หมู่ที่10.pdf,ส.ส. ๕/๑๘ (บช),ขอนแก่น,10,โคกโพธิ์ไชย,ซับสมบูรณ์,10,10,258,173,280,173,161,9,107,161,3,6,4,1,0,7,2,0,2,58,1,16,3,0,0,0,0,0,0,0,0,0,0,0,0,0,0,8,0,1,0,1,1,0,0,1,1,18,1,0,0,0,0,0,0,1,24,0,3,1,0,0,0,0,0,0,0,0,0
result\bch\เขตเลือกตั้งที่10\โคกโพธิ์ไชย\ซับสมบูรณ์\หน่วยที่11หมู่ที่11.json,เขตเลือกตั้งที่10\โคกโพธิ์ไชย\ซับสมบูรณ์\หน่วยที่11หมู่ที่11.pdf,ส.ส. ๕/๑๘ (บช),ขอนแก่น,10,โคกโพธิ์ไชย,ซับสมบูรณ์,11,11,509,278,520,278,263,12,242,263,3,13,5,3,0,4,3,0,0,127,0,4,0,1,0,0,2,1,1,0,0,0,1,0,0,0,0,3,0,1,0,0,1,0,0,0,0,36,3,0,0,0,0,0,0,0,53,0,0,1,0,0,0,0,0,0,0,0,0
result\bch\เขตเลือกตั้งที่10\โคกโพธิ์ไชย\ซับสมบูรณ์\หน่วยที่1หมู่ที่1.json,เขตเลือกตั้งที่10\โคกโพธิ์ไชย\ซับสมบูรณ์\หน่วยที่1หมู่ที่1.pdf,ส.ส. ๕/๑๘ (บช),ขอนแก่น,10,โคกโพธิ์ไชย,ซับสมบูรณ์,1,1,529,348,540,348,335,10,192,335,3,2,4,0,0,32,1,0,2,243,3,2,0,0,1,0,1,1,0,0,0,0,0,0,0,0,0,2,0,0,0,1,0,0,0,0,1,28,2,0,0,0,0,0,0,0,9,0,0,0,0,0,0,0,0,0,0,0,0
result\bch\เขตเลือกตั้งที่10\โคกโพธิ์ไชย\ซับสมบูรณ์\หน่วยที่2หมู่ที่2.json,เขตเลือกตั้งที่10\โคกโพธิ์ไชย\ซับสมบูรณ์\หน่วยที่2หมู่ที่2.pdf,ส.ส. ๕/๑๘ (บช),ขอนแก่น,10,โคกโพธิ์ไชย,ซับสมบูรณ์,2,2,604,367,620,367,338,28,253,338,1,7,3,1,0,9,2,0,0,147,0,10,2,1,0,0,2,2,0,1,0,1,0,0,1,0,0,5,0,0,2,2,0,0,1,0,0,81,2,0,1,0,1,0,0,0,51,1,1,0,0,0,0,0,0,0,0,1,0
result\bch\เขตเลือกตั้งที่10\โคกโพธิ์ไชย\ซับสมบูรณ์\หน่วยที่3หมู่ที่3.json,เขตเลือกตั้งที่10\โคกโพธิ์ไชย\ซับสมบูรณ์\หน่วยที่3หมู่ที่3.pdf,ส.ส. ๕/๑๘ (บช),ขอนแก่น,10,โคกโพธิ์ไชย,ซับสมบูรณ์,3,3,726,398,740,398,371,23,342,371,4,29,8,3,2,20,3,1,2,141,0,4,4,1,0,0,1,1,0,1,0,0,0,0,0,0,0,4,0,0,0,1,2,0,0,0,1,75,2,0,0,0,2,1,0,2,60,0,0,0,0,0,0,0,0,0,0,0,0
result\bch\เขตเลือกตั้งที่10\โคกโพธิ์ไชย\ซับสมบูรณ์\หน่วยที่4หมู่ที่4.json,เขตเลือกตั้งที่10\โคกโพธิ์ไชย\ซับสมบูรณ์\หน่วยที่4หมู่ที่4.pdf,ส.ส. ๕/๑๘ (บช),ขอนแก่น,10,โคกโพธิ์ไชย,ซับสมบูรณ์,4,4,516,307,520,307,287,19,213,287,1,5,2,1,1,10,1,1,2,152,1,11,1,1,2,0,0,2,0,0,0,0,0,0,0,0,0,2,0,0,0,1,0,0,0,2,1,62,1,0,0,0,1,0,0,0,15,0,5,2,0,1,0,0,0,0,0,1,0
result\bch\เขตเลือกตั้งที่10\โคกโพธิ์ไชย\ซับสมบูรณ์\หน่วยที่5หมู่ที่5.json,เขตเลือกตั้งที่10\โคกโพธิ์ไชย\ซับสมบูรณ์\หน่วยที่5หมู่ที่5.pdf,ส.ส. ๕/๑๘ (บช),ขอนแก่น,10,โคกโพธิ์ไชย,ซับสมบูรณ์,5,5,748,442,760,442,408,32,318,408,2,11,4,5,0,29,10,1,2,153,0,13,0,1,0,0,0,0,0,1,1,0,0,0,0,1,0,8,0,0,0,1,0,0,2,1,1,111,2,0,0,1,0,2,0,0,44,0,3,0,0,0,0,0,0,0,0,0,0
result\bch\เขตเลือกตั้งที่10\โคกโพธิ์ไชย\ซับสมบูรณ์\หน่วยที่6หมู่ที่6.json,เขตเลือกตั้งที่10\โคกโพธิ์ไชย\ซับสมบูรณ์\หน่วยที่6หมู่ที่6.pdf,ส.ส. ๕/๑๘ (บช),ขอนแก่น,10,โคกโพธิ์ไชย,ซับสมบูรณ์,6,6,277,159,280,159,145,13,121,145,1,3,4,0,0,10,1,1,1,72,0,6,0,0,0,0,0,0,0,0,0,0,0,0,0,0,0,2,0,1,0,0,0,0,0,0,0,17,2,0,0,0,0,0,1,0,23,0,0,0,0,0,0,0,0,0,0,1,0
result\bch\เขตเลือกตั้งที่10\โคกโพธิ์ไชย\ซับสมบูรณ์\หน่วยที่7หมู่ที่7.json,เขตเลือกตั้งที่10\โคกโพธิ์ไชย\ซับสมบูรณ์\หน่วยที่7หมู่ที่7.pdf,ส.ส. ๕/๑๘ (บช),ขอนแก่น,10,โคกโพธิ์ไชย,ซับสมบูรณ์,7,7,416,231,420,231,214,12,189,214,5,10,3,3,0,10,4,0,1,101,3,5,0,2,0,0,0,0,0,0,0,0,0,0,0,0,0,2,1,0,4,0,3,0,0,0,0,26,1,1,1,0,0,0,0,1,30,0,0,2,0,0,0,0,0,0,0,0,0
result\bch\เขตเลือกตั้งที่10\โคกโพธิ์ไชย\ซับสมบูรณ์\หน่วยที่8หมู่ที่8.json,เขตเลือกตั้งที่10\โคกโพธิ์ไชย\ซับสมบูรณ์\หน่วยที่8หมู่ที่8.pdf,ส.ส. ๕/๑๘ (บช),ขอนแก่น,10,โคกโพธิ์ไชย,ซับสมบูรณ์,8,8,240,172,260,172,156,16,88,156,0,2,2,1,1,5,0,0,0,83,0,2,0,0,0,0,0,0,0,0,0,0,0,0,0,0,0,1,0,1,0,1,0,0,1,0,0,24,4,0,0,0,0,0,0,0,23,0,3,2,0,0,0,0,0,0,0,0,0
result\bch\เขตเลือกตั้งที่10\โคกโพธิ์ไชย\ซับสมบูรณ์\หน่วยที่9หมู่ที่9.json,เขตเลือกตั้งที่10\โคกโพธิ์ไชย\ซับสมบูรณ์\หน่วยที่9หมู่ที่9.pdf,ส.ส. ๕/๑๘ (บช),ขอนแก่น,10,โคกโพธิ์ไชย,ซับสมบูรณ์,9,9,489,293,500,293,272,18,207,272,3,5,2,1,0,1,1,0,1,186,0,3,1,0,0,0,0,0,0,1,0,0,0,0,0,0,1,2,0,2,0,0,1,0,0,0,1,14,1,0,0,0,0,1,0,0,45,1,1,0,0,0,0,0,0,0,0,0,0
result\bch\เขตเลือกตั้งที่10\โคกโพธิ์ไชย\นาแพง\หน่วยที่1หมู่ที่1.json,เขตเลือกตั้งที่10\โคกโพธิ์ไชย\นาแพง\หน่วยที่1หมู่ที่1.pdf,ส.ส. ๕/๑๘ (บช),ขอนแก่น,10,โคกโพธิ์ไชย,นาแพง,1,1,462,271,480,271,251,17,209,251,3,11,5,2,1,1,0,0,2,148,0,14,1,0,0,0,0,0,0,0,0,0,0,0,0,1,0,0,0,0,0,1,2,0,0,0,0,23,2,1,0,0,1,0,0,0,35,0,0,0,0,0,0,0,0,0,0,0,0
result\bch\เขตเลือกตั้งที่10\โคกโพธิ์ไชย\นาแพง\หน่วยที่2หมู่ที่2.json,เขตเลือกตั้งที่10\โคกโพธิ์ไชย\นาแพง\หน่วยที่2หมู่ที่2.pdf,ส.ส. ๕/๑๘ (บช),ขอนแก่น,10,โคกโพธิ์ไชย,นาแพง,2,2,715,423,,,,,,399,,0,0,0,0,0,0,0,0,0,0,8,1,2,0,0,0,0,0,0,1,0,0,0,0,0,0,12,0,1,1,0,2,0,3,0,0,52,9,0,2,0,1,0,0,0,58,1,0,1,0,0,0,0,0,0,0,0,0
result\bch\เขตเลือกตั้งที่10\โคกโพธิ์ไชย\นาแพง\หน่วยที่3หมู่ที่3.json,เขตเลือกตั้งที่10\โคกโพธิ์ไชย\นาแพง\หน่วยที่3หมู่ที่3.pdf,ส.ส. ๕/๑๘ (บช),ขอนแก่น,10,โคกโพธิ์ไชย,นาแพง,3,3,343,205,360,205,189,14,155,189,2,14,5,1,1,8,1,0,2,102,1,2,0,0,0,0,0,0,0,0,0,0,0,0,0,0,0,1,0,0,2,0,0,0,0,0,0,20,0,1,0,0,0,0,0,0,28,0,0,0,0,0,0,0,0,0,0,0,0
result\bch\เขตเลือกตั้งที่10\โคกโพธิ์ไชย\นาแพง\หน่วยที่4หมู่ที่4.json,เขตเลือกตั้งที่10\โคกโพธิ์ไชย\นาแพง\หน่วยที่4หมู่ที่4.pdf,ส.ส. ๕/๑๘ (บช),ขอนแก่น,10,โคกโพธิ์ไชย,นาแพง,4,4,429,293,440,293,276,13,147,276,4,22,5,3,0,8,4,0,6,102,0,14,3,0,0,1,2,1,0,0,0,0,0,0,0,0,0,5,1,0,0,0,1,1,0,1,0,32,0,0,0,0,0,1,0,1,58,0,2,1,0,0,0,0,0,0,0,1,0
result\bch\เขตเลือกตั้งที่10\โคกโพธิ์ไชย\นาแพง\หน่วยที่5หมู่ที่5.json,เขตเลือกตั้งที่10\โคกโพธิ์ไชย\นาแพง\หน่วยที่5หมู่ที่5.pdf,ส.ส. ๕/๑๘ (บช),ขอนแก่น,10,โคกโพธิ์ไชย,นาแพง,5,5,499,346,520,346,310,33,174,310,3,18,5,3,0,10,2,0,23,107,2,12,4,0,1,0,2,0,1,1,0,0,0,0,1,0,0,1,0,3,1,0,0,0,0,0,0,38,1,0,0,0,0,0,0,0,72,0,1,0,0,0,0,0,0,0,0,1,0
result\bch\เขตเลือกตั้งที่10\โคกโพธิ์ไชย\นาแพง\หน่วยที่6หมู่ที่6.json,เขตเลือกตั้งที่10\โคกโพธิ์ไชย\นาแพง\หน่วยที่6หมู่ที่6.pdf,ส.ส. ๕/๑๘ (บช),ขอนแก่น,10,โคกโพธิ์ไชย,นาแพง,6,6,416,299,440,299,274,24,141,274,1,7,6,1,0,3,0,0,4,132,0,1,3,1,0,1,1,0,0,0,0,0,0,0,2,0,0,0,0,0,1,1,0,0,0,1,0,43,3,0,0,0,1,1,1,1,54,1,1,1,1,0,0,1,0,0,0,0,0
result\bch\เขตเลือกตั้งที่10\โคกโพธิ์ไชย\นาแพง\หน่วยที่7หมู่ที่7.json,เขตเลือกตั้งที่10\โคกโพธิ์ไชย\นาแพง\หน่วยที่7หมู่ที่7.pdf,ส.ส. ๕/๑๘ (บช),ขอนแก่น,10,โคกโพธิ์ไชย,นาแพง,7,7,374,253,400,253,233,18,147,233,2,8,1,1,0,6,5,0,2,147,0,5,1,1,0,0,0,0,0,0,0,0,0,1,0,0,0,0,0,0,1,0,0,0,0,0,0,15,3,0,0,0,0,0,0,0,36,0,0,0,0,0,0,0,0,0,0,0,0
result\bch\เขตเลือกตั้งที่10\โคกโพธิ์ไชย\นาแพง\หน่วยที่8หมู่ที่9.json,เขตเลือกตั้งที่10\โคกโพธิ์ไชย\นาแพง\หน่วยที่8หมู่ที่9.pdf,ส.ส. ๕/๑๘ (บช),ขอนแก่น,10,โคกโพธิ์ไชย,นาแพง,9,8,594,316,590,316,299,10,274,299,7,15,4,0,0,9,0,0,0,159,0,6,1,0,0,0,0,1,0,0,0,0,0,0,0,1,0,5,0,0,0,0,0,0,3,0,0,89,2,0,0,0,0,0,0,0,1,1,1,0,0,0,0,0,0,1,0,0,0
result\bch\เขตเลือกตั้งที่10\โคกโพธิ์ไชย\บ้านโคก\หน่วยที่1หมู่ที่1.json,เขตเลือกตั้งที่10\โคกโพธิ์ไชย\บ้านโคก\หน่วยที่1หมู่ที่1.pdf,ส.ส. ๕/๑๘ (บช),ขอนแก่น,10,โคกโพธิ์ไชย,บ้านโคก,1,1,542,353,560,353,325,24,207,325,4,22,4,1,1,21,4,2,1,116,1,3,3,4,0,1,3,0,0,0,0,0,0,0,0,0,0,3,1,3,1,1,3,0,1,0,0,53,0,0,0,0,1,0,0,1,68,0,2,0,0,0,0,0,0,0,0,0,0
result\bch\เขตเลือกตั้งที่10\โคกโพธิ์ไชย\บ้านโคก\หน่วยที่1หมู่ที่4.json,เขตเลือกตั้งที่10\โคกโพธิ์ไชย\บ้านโคก\หน่วยที่1หมู่ที่4.pdf,ส.ส. ๕/๑๘ (บช),ขอนแก่น,10,โคกโพธิ์ไชย,บ้านโคก,4,1,673,426,680,426,398,14,254,398,14,15,9,3,0,11,4,0,1,185,1,7,1,1,1,0,0,1,0,1,0,0,0,0,0,1,0,3,1,0,1,0,0,1,2,0,0,70,2,0,0,0,1,0,0,0,68,0,1,3,0,1,0,0,0,1,1,0,0
result\bch\เขตเลือกตั้งที่10\โคกโพธิ์ไชย\บ้านโคก\หน่วยที่2หมู่ที่2.json,เขตเลือกตั้งที่10\โคกโพธิ์ไชย\บ้านโคก\หน่วยที่2หมู่ที่2.pdf,ส.ส. ๕/๑๘ (บช),ขอนแก่น,10,โคกโพธิ์ไชย,บ้านโคก,2,2,782,506,800,506,475,20,294,475,11,16,5,4,0,31,1,1,6,169,2,12,4,2,0,0,1,0,0,0,0,0,0,0,0,0,0,12,0,6,0,1,3,2,1,1,0,72,4,1,0,0,0,1,0,0,111,1,1,3,0,0,0,0,0,1,0,0,0
result\bch\เขตเลือกตั้งที่10\โคกโพธิ์ไชย\บ้านโคก\หน่วยที่2หมู่ที่5.json,เขตเลือกตั้งที่10\โคกโพธิ์ไชย\บ้านโคก\หน่วยที่2หมู่ที่5.pdf,ส.ส. ๕/๑๘ (บช),ขอนแก่น,10,โคกโพธิ์ไชย,บ้านโคก,5,2,367,221,400,221,196,22,179,196,3,7,5,1,0,10,1,0,0,94,0,7,4,0,0,0,0,0,0,0,0,0,0,0,0,0,0,2,0,0,0,0,0,0,0,2,0,29,2,0,0,0,0,0,0,0,31,0,0,0,0,0,0,0,0,1,0,0,0
result\bch\เขตเลือกตั้งที่10\โคกโพธิ์ไชย\บ้านโคก\หน่วยที่3หมู่ที่2.json,เขตเลือกตั้งที่10\โคกโพธิ์ไชย\บ้านโคก\หน่วยที่3หมู่ที่2.pdf,ส.ส. ๕/๑๘ (บช),ขอนแก่น,10,โคกโพธิ์ไชย,บ้านโคก,2,3,264,169,280,169,155,13,111,155,1,11,5,0,0,7,0,0,0,81,1,1,0,1,0,0,2,0,0,0,0,0,0,0,0,0,0,2,0,0,2,0,1,1,0,2,0,8,0,1,0,0,0,0,0,0,27,0,2,0,0,0,0,0,0,0,0,0,0
result\bch\เขตเลือกตั้งที่10\โคกโพธิ์ไชย\บ้านโคก\หน่วยที่3หมู่ที่3.json,เขตเลือกตั้งที่10\โคกโพธิ์ไชย\บ้านโคก\หน่วยที่3หมู่ที่3.pdf,ส.ส. ๕/๑๘ (บช),ขอนแก่น,10,โคกโพธิ์ไชย,บ้านโคก,3,3,420,279,420,279,256,15,141,256,8,4,0,2,0,8,5,0,1,66,1,10,1,0,0,0,1,0,0,0,0,0,0,0,0,0,0,8,0,0,0,2,1,1,0,2,0,69,3,1,0,0,0,1,0,1,66,0,1,0,0,1,0,0,0,0,0,0,0
result\bch\เขตเลือกตั้งที่10\โคกโพธิ์ไชย\บ้านโคก\หน่วยที่4หมู่ที่7.json,เขตเลือกตั้งที่10\โคกโพธิ์ไชย\บ้านโคก\หน่วยที่4หมู่ที่7.pdf,ส.ส. ๕/๑๘ (บช),ขอนแก่น,10,โคกโพธิ์ไชย,บ้านโคก,7,4,660,451,660,451,421,23,209,421,7,12,9,5,1,17,7,0,3,121,1,10,7,7,0,1,1,0,0,0,0,0,0,1,0,0,0,13,0,3,0,1,5,1,1,1,1,94,1,0,0,0,2,3,0,0,87,2,1,1,0,0,0,0,0,0,1,0,0
result\bch\เขตเลือกตั้งที่10\โคกโพธิ์ไชย\บ้านโคก\หน่วยที่4หมู่ที่9.json,เขตเลือกตั้งที่10\โคกโพธิ์ไชย\บ้านโคก\หน่วยที่4หมู่ที่1.pdf,ส.ส. ๕/๑๘ (บช),ขอนแก่น,10,โคกโพธิ์ไชย,บ้านโคก,1,4,700,423,720,423,377,41,297,377,5,15,4,1,0,17,8,1,0,185,0,13,2,1,0,0,2,1,0,0,0,0,0,0,0,0,0,7,0,0,1,1,3,0,1,1,0,30,4,2,0,0,3,0,0,0,71,1,0,2,0,0,0,0,0,0,0,0,0
result\bch\เขตเลือกตั้งที่10\โคกโพธิ์ไชย\บ้านโคก\หน่วยที่5หมู่ที่10.json,เขตเลือกตั้งที่10\โคกโพธิ์ไชย\บ้านโคก\หน่วยที่5หมู่ที่10.pdf,ส.ส. ๕/๑๘ (บช),ขอนแก่น,10,โคกโพธิ์ไชย,บ้านโคก,10,5,341,204,360,204,193,8,156,193,3,8,4,2,0,4,2,0,0,79,3,7,1,0,0,2,0,0,0,0,0,0,0,0,0,0,0,2,0,0,0,2,2,1,0,0,0,39,3,0,0,0,0,1,0,0,28,0,2,0,0,1,0,0,0,0,0,0,0
result\bch\เขตเลือกตั้งที่10\โคกโพธิ์ไชย\บ้านโคก\หน่วยที่5หมู่ที่8.json,เขตเลือกตั้งที่10\โคกโพธิ์ไชย\บ้านโคก\หน่วยที่5หมู่ที่8.pdf,ส.ส. ๕/๑๘ (บช),ขอนแก่น,10,โคกโพธิ์ไชย,บ้านโคก,8,5,564,393,600,393,376,14,207,376,3,11,3,1,0,15,5,0,1,117,1,13,10,1,0,0,2,0,0,0,0,0,0,0,0,0,0,7,0,4,0,0,1,0,0,1,0,92,0,0,0,0,3,0,0,0,83,0,1,3,0,0,0,0,1,0,0,0,0
result\bch\เขตเลือกตั้งที่10\โคกโพธิ์ไชย\บ้านโคก\หน่วยที่6หมู่ที่11.json,เขตเลือกตั้งที่10\โคกโพธิ์ไชย\บ้านโคก\หน่วยที่6หมู่ที่11.pdf,ส.ส. ๕/๑๘ (บช),ขอนแก่น,10,โคกโพธิ์ไชย,บ้านโคก,11,6,418,262,420,262,243,14,158,243,5,8,0,0,0,5,1,0,1,98,0,10,3,0,0,0,2,0,0,0,0,0,0,0,0,0,0,2,0,0,0,0,1,0,0,0,0,38,3,1,0,0,0,1,0,0,59,0,9,1,0,0,0,0,0,0,0,0,0
result\bch\เขตเลือกตั้งที่10\โคกโพธิ์ไชย\โพธิ์ไชย\หน่วยที่10หมู่ที่10.json,เขตเลือกตั้งที่10\โคกโพธิ์ไชย\โพธิ์ไชย\หน่วยที่10หมู่ที่10.pdf,ส.ส. ๕/๑๘ (บช),ขอนแก่น,10,โคกโพธิ์ไชย,โพธิ์ไชย,10,10,474,311,480,311,288,19,169,288,4,8,5,4,0,10,3,1,0,116,0,5,1,1,0,0,1,1,0,0,0,0,0,0,0,0,0,3,1,2,4,1,0,0,2,0,3,54,0,0,0,0,1,0,0,1,55,0,4,1,0,0,0,0,0,0,0,0,0
result\bch\เขตเลือกตั้งที่10\โคกโพธิ์ไชย\โพธิ์ไชย\หน่วยที่1หมู่ที่1.json,เขตเลือกตั้งที่10\โคกโพธิ์ไชย\โพธิ์ไชย\หน่วยที่1หมู่ที่1.pdf,ส.ส. ๕/๑๘ (บช),ขอนแก่น,10,โคกโพธิ์ไชย,โพธิ์ไชย,1,1,637,422,640,422,385,36,218,385,1,15,1,1,0,12,2,0,3,107,0,13,0,0,0,0,0,1,0,0,0,0,57,0,0,0,0,5,0,0,4,0,2,0,0,1,2,89,3,1,0,0,0,1,0,1,62,1,1,0,0,0,0,0,0,0,0,0,0
result\bch\เขตเลือกตั้งที่10\โคกโพธิ์ไชย\โพธิ์ไชย\หน่วยที่2หมู่ที่2.json,เขตเลือกตั้งที่10\โคกโพธิ์ไชย\โพธิ์ไชย\หน่วยที่2หมู่ที่2.pdf,ส.ส. ๕/๑๘ (บช),ขอนแก่น,10,โคกโพธิ์ไชย,โพธิ์ไชย,2,2,553,383,560,383,344,35,177,344,4,10,7,0,0,20,0,1,2,123,2,13,1,3,0,0,0,0,0,0,0,0,1,0,0,1,0,4,0,0,3,1,3,1,0,0,0,88,4,0,0,0,0,0,0,0,51,1,2,1,0,0,0,0,1,0,0,0,0
result\bch\เขตเลือกตั้งที่10\โคกโพธิ์ไชย\โพธิ์ไชย\หน่วยที่3หมู่ที่3.json,เขตเลือกตั้งที่10\โคกโพธิ์ไชย\โพธิ์ไชย\หน่วยที่3หมู่ที่3.pdf,ส.ส. ๕/๑๘ (บช),ขอนแก่น,10,โคกโพธิ์ไชย,โพธิ์ไชย,3,3,767,488,780,488,453,30,292,453,5,14,3,1,0,14,5,0,4,176,0,16,1,3,0,0,0,1,0,0,0,0,1,0,0,0,0,5,1,1,1,0,1,0,1,0,0,117,5,0,0,0,1,1,0,0,73,0,1,5,0,0,0,0,0,1,0,0,0
result\bch\เขตเลือกตั้งที่10\โคกโพธิ์ไชย\โพธิ์ไชย\หน่วยที่4หมู่ที่4.json,เขตเลือกตั้งที่10\โคกโพธิ์ไชย\โพธิ์ไชย\หน่วยที่4หมู่ที่4.pdf,ส.ส. ๕/๑๘ (บช),ขอนแก่น,10,โคกโพธิ์ไชย,โพธิ์ไชย,4,4,648,359,660,359,341,17,301,341,1,8,12,1,0,9,1,0,0,163,2,11,2,1,0,0,0,0,0,0,0,0,0,0,0,0,0,7,0,1,0,0,1,0,1,0,0,52,1,0,0,0,0,1,0,0,57,0,2,0,0,0,0,0,7,0,0,1,0
result\bch\เขตเลือกตั้งที่10\โคกโพธิ์ไชย\โพธิ์ไชย\หน่วยที่5หมู่ที่5.json,เขตเลือกตั้งที่10\โคกโพธิ์ไชย\โพธิ์ไชย\หน่วยที่5หมู่ที่5.pdf,ส.ส. ๕/๑๘ (บช),ขอนแก่น,10,โคกโพธิ์ไชย,โพธิ์ไชย,5,5,672,404,720,404,380,19,316,380,5,16,6,7,1,13,4,0,0,182,0,13,0,1,0,1,1,0,0,0,0,0,0,0,0,0,0,7,2,0,3,1,2,0,2,0,0,46,4,0,0,0,0,0,0,1,62,1,2,0,0,1,0,0,0,0,0,1,0
result\bch\เขตเลือกตั้งที่10\โคกโพธิ์ไชย\โพธิ์ไชย\หน่วยที่6หมู่ที่6.json,เขตเลือกตั้งที่10\โคกโพธิ์ไชย\โพธิ์ไชย\หน่วยที่6หมู่ที่6.pdf,ส.ส. ๕/๑๘ (บช),ขอนแก่น,10,โคกโพธิ์ไชย,โพธิ์ไชย,6,6,413,241,440,241,224,16,199,224,1,6,1,2,0,7,3,0,0,95,2,13,1,2,0,0,3,0,0,0,1,0,0,0,0,0,0,2,0,0,1,0,0,2,0,0,0,46,0,0,0,0,0,0,1,0,34,1,0,0,0,0,0,0,1,0,0,0,0
result\bch\เขตเลือกตั้งที่10\โคกโพธิ์ไชย\โพธิ์ไชย\หน่วยที่7หมู่ที่7.json,เขตเลือกตั้งที่10\โคกโพธิ์ไชย\โพธิ์ไชย\หน่วยที่7หมู่ที่7.pdf,ส.ส. ๕/๑๘ (บช),ขอนแก่น,10,โคกโพธิ์ไชย,โพธิ์ไชย,7,7,623,388,640,388,357,15,252,357,16,12,6,3,1,15,5,0,1,138,4,13,1,2,0,0,0,0,0,0,0,0,0,0,1,0,1,1,0,2,0,0,0,0,1,1,0,56,4,0,0,0,1,0,0,0,83,2,3,0,0,0,0,0,0,0,0,0,0
result\bch\เขตเลือกตั้งที่10\โคกโพธิ์ไชย\โพธิ์ไชย\หน่วยที่8หมู่ที่8.json,เขตเลือกตั้งที่10\โคกโพธิ์ไชย\โพธิ์ไชย\หน่วยที่8หมู่ที่8.pdf,ส.ส. ๕/๑๘ (บช),ขอนแก่น,10,โคกโพธิ์ไชย,โพธิ์ไชย,8,8,423,232,440,232,218,14,208,218,0,4,4,1,0,8,0,0,2,102,0,8,3,1,1,0,1,0,0,0,0,0,0,0,0,0,0,6,0,1,0,0,1,0,0,0,1,15,5,0,0,0,0,0,0,0,53,0,1,0,0,0,0,0,0,0,0,0,0
result\bch\เขตเลือกตั้งที่10\โคกโพธิ์ไชย\โพธิ์ไชย\หน่วยที่9หมู่ที่9.json,เขตเลือกตั้งที่10\โคกโพธิ์ไชย\โพธิ์ไชย\หน่วยที่9หมู่ที่8.pdf,ส.ส. ๕/๑๘ (บช),ขอนแก่น,10,โคกโพธิ์ไชย,โพธิ์ไชย,8,9,407,291,420,291,262,25,129,264,4,3,2,2,0,6,5,0,1,91,1,7,1,0,0,1,1,0,0,0,0,0,0,0,0,0,1,3,0,3,2,2,2,0,1,0,0,45,3,0,1,0,0,1,0,0,68,1,2,3,0,1,0,0,2,0,0,0,0
result\bch\เขตเลือกตั้งที่10\โนนศิลา\บ้านหัน\หน่วยที่10หมู่ที่12.json,เขตเลือกตั้งที่10\โนนศิลา\บ้านหัน\หน่วยที่10หมู่ที่12.pdf,ส.ส. ๕/๑๘ (บช),ขอนแก่น,10,โนนศิลา,บ้านหัน,12,10,602,324,620,324,299,19,296,299,6,20,8,2,2,32,2,0,0,72,2,30,1,2,0,0,2,0,0,1,0,0,0,0,0,0,0,8,0,1,1,2,0,2,3,1,0,50,2,1,0,1,1,0,1,2,46,1,0,0,0,0,0,0,0,0,0,0,0
result\bch\เขตเลือกตั้งที่10\โนนศิลา\บ้านหัน\หน่วยที่11หมู่ที่13.json,เขตเลือกตั้งที่10\โนนศิลา\บ้านหัน\หน่วยที่11หมู่ที่13.pdf,ส.ส. ๕/๑๘ (บช),ขอนแก่น,10,โนนศิลา,บ้านหัน,13,11,203,112,220,112,107,3,108,107,2,3,0,1,0,3,0,0,0,63,1,1,0,1,0,0,1,1,0,0,0,0,0,0,0,0,0,1,0,0,0,0,3,1,1,0,0,17,0,0,0,0,0,0,0,0,9,0,0,0,0,0,0,0,0,0,0,0,0
result\bch\เขตเลือกตั้งที่10\โนนศิลา\บ้านหัน\หน่วยที่12หมู่ที่14.json,เขตเลือกตั้งที่10\โนนศิลา\บ้านหัน\หน่วยที่12หมู่ที่14.pdf,ส.ส. ๕/๑๘ (บช),ขอนแก่น,10,โนนศิลา,บ้านหัน,14,12,203,120,220,120,117,1,100,117,2,1,1,0,0,4,0,0,0,47,0,8,0,1,0,0,1,0,1,0,0,0,0,0,0,0,0,0,0,0,0,0,0,0,0,0,0,29,0,1,0,0,0,0,0,0,21,0,2,0,0,0,0,0,0,0,0,0,0
result\bch\เขตเลือกตั้งที่10\โนนศิลา\บ้านหัน\หน่วยที่13หมู่ที่15.json,เขตเลือกตั้งที่10\โนนศิลา\บ้านหัน\หน่วยที่13หมู่ที่15.pdf,ส.ส. ๕/๑๘ (บช),ขอนแก่น,10,โนนศิลา,บ้านหัน,15,13,254,165,165,165,158,5,95,158,2,5,2,0,0,1,0,0,1,71,0,5,0,2,0,1,0,0,0,0,0,0,0,0,0,0,0,0,0,0,0,0,0,0,0,0,0,40,2,0,0,0,0,1,0,0,27,0,0,0,0,0,0,0,0,0,0,0,0
result\bch\เขตเลือกตั้งที่10\โนนศิลา\บ้านหัน\หน่วยที่14หมู่ที่16.json,เขตเลือกตั้งที่10\โนนศิลา\บ้านหัน\หน่วยที่14หมู่ที่16.pdf,ส.ส. ๕/๑๘ (บช),ขอนแก่น,10,โนนศิลา,บ้านหัน,16,14,455,276,460,276,259,16,184,259,1,13,7,1,2,15,4,0,0,93,0,13,2,0,0,0,2,0,0,0,0,1,1,0,0,0,0,31,0,0,0,0,1,0,1,0,0,24,1,0,0,0,1,2,0,0,43,0,0,0,0,1,0,0,0,0,0,0,0
result\bch\เขตเลือกตั้งที่10\โนนศิลา\บ้านหัน\หน่วยที่1หมู่ที่3.json,เขตเลือกตั้งที่10\โนนศิลา\บ้านหัน\หน่วยที่1หมู่ที่3.pdf,ส.ส. ๕/๑๘ (บช),ขอนแก่น,10,โนนศิลา,บ้านหัน,3,1,380,235,380,235,224,10,145,224,1,4,1,1,1,3,1,0,1,90,0,10,0,1,0,0,1,0,0,1,0,0,0,0,0,0,1,6,0,0,1,0,0,0,0,0,0,54,0,0,0,0,0,0,0,1,43,1,1,1,0,0,0,0,0,0,0,0,0
result\bch\เขตเลือกตั้งที่10\โนนศิลา\บ้านหัน\หน่วยที่2หมู่ที่4.json,เขตเลือกตั้งที่10\โนนศิลา\บ้านหัน\หน่วยที่2หมู่ที่4.pdf,ส.ส. ๕/๑๘ (บช),ขอนแก่น,10,โนนศิลา,บ้านหัน,4,2,485,310,500,310,298,9,190,294,3,2,5,0,1,7,2,0,2,127,2,6,2,1,0,1,0,0,0,0,0,0,0,0,0,0,0,5,0,0,1,0,0,0,0,0,1,87,2,0,0,0,0,0,0,0,42,0,2,0,0,0,0,0,0,0,0,0,0
result\bch\เขตเลือกตั้งที่10\โนนศิลา\บ้านหัน\หน่วยที่3หมู่ที่5.json,เขตเลือกตั้งที่10\โนนศิลา\บ้านหัน\หน่วยที่3หมู่ที่5.pdf,ส.ส. ๕/๑๘ (บช),ขอนแก่น,10,โนนศิลา,บ้านหัน,5,3,839,578,820,578,541,31,242,541,6,13,13,7,2,28,6,0,5,184,1,10,4,8,0,2,3,1,0,0,0,0,0,0,1,0,0,3,1,0,0,1,1,3,1,1,0,135,2,1,0,0,2,2,0,0,96,0,1,1,1,0,0,0,1,0,0,0,0
result\bch\เขตเลือกตั้งที่10\โนนศิลา\บ้านหัน\หน่วยที่4หมู่ที่6.json,เขตเลือกตั้งที่10\โนนศิลา\บ้านหัน\หน่วยที่4หมู่ที่6.pdf,ส.ส. ๕/๑๘ (บช),ขอนแก่น,10,โนนศิลา,บ้านหัน,6,4,792,567,800,567,542,15,233,542,10,6,14,4,0,18,1,0,2,158,2,15,1,3,0,1,1,0,0,0,0,1,1,0,0,1,0,18,0,0,0,3,1,1,0,1,0,195,4,1,0,0,0,0,0,0,87,0,2,0,0,0,0,0,0,0,0,0,0
result\bch\เขตเลือกตั้งที่10\โนนศิลา\บ้านหัน\หน่วยที่5หมู่ที่7.json,เขตเลือกตั้งที่10\โนนศิลา\บ้านหัน\หน่วยที่5หมู่ที่7.pdf,ส.ส. ๕/๑๘ (บช),ขอนแก่น,10,โนนศิลา,บ้านหัน,7,5,400,236,400,236,214,19,164,214,3,5,16,0,0,19,2,0,2,69,0,6,0,1,0,0,1,0,0,6,0,0,0,0,1,0,0,2,0,0,2,1,1,0,2,0,0,40,3,1,0,0,0,0,0,0,31,1,1,0,0,0,0,0,0,0,0,0,1
result\bch\เขตเลือกตั้งที่10\โนนศิลา\บ้านหัน\หน่วยที่6หมู่ที่8.json,เขตเลือกตั้งที่10\โนนศิลา\บ้านหัน\หน่วยที่6หมู่ที่8.pdf,ส.ส. ๕/๑๘ (บช),ขอนแก่น,10,โนนศิลา,บ้านหัน,8,6,492,323,500,323,298,18,177,298,7,18,7,3,0,13,0,0,2,127,4,8,0,1,0,0,0,0,0,0,0,0,0,0,0,0,0,11,0,4,0,1,0,1,1,1,1,42,5,0,0,0,1,2,0,0,42,0,1,0,0,1,0,0,0,0,0,1,0
result\bch\เขตเลือกตั้งที่10\โนนศิลา\บ้านหัน\หน่วยที่7หมู่ที่9.json,เขตเลือกตั้งที่10\โนนศิลา\บ้านหัน\หน่วยที่7หมู่ที่9.pdf,ส.ส. ๕/๑๘ (บช),ขอนแก่น,10,โนนศิลา,บ้านหัน,9,7,510,312,520,312,306,5,208,306,1,8,11,3,0,17,1,0,2,119,1,8,1,3,1,0,0,0,0,0,1,0,0,1,1,0,0,4,0,0,0,0,2,0,0,2,0,75,2,1,0,0,0,1,0,0,41,0,0,0,0,0,0,0,0,0,0,0,0
result\bch\เขตเลือกตั้งที่10\โนนศิลา\บ้านหัน\หน่วยที่8หมู่ที่10.json,เขตเลือกตั้งที่10\โนนศิลา\บ้านหัน\หน่วยที่8หมู่ที่10.pdf,ส.ส. ๕/๑๘ (บช),ขอนแก่น,10,โนนศิลา,บ้านหัน,10,8,353,275,360,275,259,14,85,259,2,7,5,1,1,10,1,0,1,83,0,7,1,0,0,0,3,0,0,0,0,0,0,1,0,0,1,12,0,0,1,1,0,1,1,0,0,71,4,0,0,0,1,1,0,0,43,0,0,0,0,0,0,0,0,1,0,0,0
result\bch\เขตเลือกตั้งที่10\โนนศิลา\บ้านหัน\หน่วยที่9หมู่ที่11.json,เขตเลือกตั้งที่10\โนนศิลา\บ้านหัน\หน่วยที่9หมู่ที่11.pdf,ส.ส. ๕/๑๘ (บช),ขอนแก่น,10,โนนศิลา,บ้านหัน,11,9,720,452,700,452,423,29,248,423,0,12,11,0,1,14,2,0,0,178,3,10,1,0,1,0,0,0,0,0,0,0,0,0,0,0,1,12,0,1,2,3,2,0,1,0,1,75,8,0,0,0,0,1,0,0,82,0,1,0,0,0,0,0,0,0,0,0,0
result\bch\เขตเลือกตั้งที่10\โนนศิลา\หนองปลาหมอ\หน่วยที่1หมู่ที่1.json,เขตเลือกตั้งที่10\โนนศิลา\หนองปลาหมอ\หน่วยที่1หมู่ที่1.pdf,ส.ส. ๕/๑๘ (บช),ขอนแก่น,10,โนนศิลา,หนองปลาหมอ,1,1,448,268,460,268,258,10,192,258,0,7,4,0,0,10,3,1,1,128,0,8,2,0,0,0,0,0,0,0,0,0,0,0,0,0,0,3,1,0,0,0,0,0,1,0,0,56,1,0,0,0,0,0,0,0,31,0,1,0,0,0,0,0,0,0,0,0,0
result\bch\เขตเลือกตั้งที่10\โนนศิลา\หนองปลาหมอ\หน่วยที่2หมู่ที่2.json,เขตเลือกตั้งที่10\โนนศิลา\หนองปลาหมอ\หน่วยที่2หมู่ที่2.pdf,ส.ส. ๕/๑๘ (บช),ขอนแก่น,10,โนนศิลา,หนองปลาหมอ,2,2,250,155,155,155,148,2,105,148,5,8,3,0,0,4,1,0,1,78,1,1,0,2,0,0,0,0,0,0,0,0,0,0,0,1,0,2,0,0,0,0,0,0,0,1,0,20,0,0,0,0,0,0,0,0,25,0,0,0,0,0,0,0,0,0,0,0,0
result\bch\เขตเลือกตั้งที่10\โนนศิลา\หนองปลาหมอ\หน่วยที่3หมู่ที่3.json,เขตเลือกตั้งที่10\โนนศิลา\หนองปลาหมอ\หน่วยที่3หมู่ที่3.pdf,ส.ส. ๕/๑๘ (บช),ขอนแก่น,10,โนนศิลา,หนองปลาหมอ,3,3,478,254,254,254,243,9,226,243,2,9,2,0,1,6,0,0,1,124,0,3,0,0,0,0,2,0,0,0,0,0,0,0,0,0,0,1,0,0,1,1,1,0,2,0,0,39,3,0,0,0,0,0,0,0,47,0,0,0,0,0,0,0,0,0,0,0,0
result\bch\เขตเลือกตั้งที่10\โนนศิลา\หนองปลาหมอ\หน่วยที่4หมู่ที่4.json,เขตเลือกตั้งที่10\โนนศิลา\หนองปลาหมอ\หน่วยที่4หมู่ที่4.pdf,ส.ส. ๕/๑๘ (บช),ขอนแก่น,10,โนนศิลา,หนองปลาหมอ,4,4,383,226,400,226,205,19,174,205,2,11,3,3,0,12,0,0,3,80,0,3,0,2,0,0,0,0,0,0,0,0,0,0,0,0,0,5,0,0,1,1,1,1,1,0,0,28,1,0,0,0,0,0,0,0,47,1,1,0,0,0,0,0,0,0,0,0,0
result\bch\เขตเลือกตั้งที่10\โนนศิลา\หนองปลาหมอ\หน่วยที่5หมู่ที่5.json,เขตเลือกตั้งที่10\โนนศิลา\หนองปลาหมอ\หน่วยที่5หมู่ที่5.pdf,ส.ส. ๕/๑๘ (บช),ขอนแก่น,10,โนนศิลา,หนองปลาหมอ,5,5,630,384,620,384,366,16,236,366,2,11,4,4,0,11,2,0,1,192,2,5,0,3,0,0,0,0,0,0,0,0,0,0,1,0,0,5,0,1,0,0,0,0,1,2,2,57,3,0,0,0,0,1,0,0,55,0,2,0,0,0,0,0,0,0,1,0,0
result\bch\เขตเลือกตั้งที่10\โนนศิลา\หนองปลาหมอ\หน่วยที่6หมู่ที่6.json,เขตเลือกตั้งที่10\โนนศิลา\หนองปลาหมอ\หน่วยที่6หมู่ที่6.pdf,ส.ส. ๕/๑๘ (บช),ขอนแก่น,10,โนนศิลา,หนองปลาหมอ,6,6,543,346,560,346,325,20,214,325,1,4,6,1,1,12,2,0,1,135,2,12,1,3,0,0,0,0,0,0,0,0,0,0,0,1,0,6,0,1,1,0,0,0,1,1,0,75,1,1,0,0,0,0,1,0,52,1,0,2,0,1,0,0,0,0,0,0,0
result\bch\เขตเลือกตั้งที่10\โนนศิลา\หนองปลาหมอ\หน่วยที่7หมู่ที่7.json,เขตเลือกตั้งที่10\โนนศิลา\หนองปลาหมอ\หน่วยที่7หมู่ที่7.pdf,ส.ส. ๕/๑๘ (บช),ขอนแก่น,10,โนนศิลา,หนองปลาหมอ,7,7,441,261,460,261,253,5,199,253,3,8,9,1,0,5,2,0,1,115,0,9,2,0,0,0,1,0,0,0,0,0,0,0,0,0,0,3,0,0,0,1,0,0,0,1,1,46,2,0,0,0,0,0,0,0,46,0,0,0,0,0,0,0,0,0,0,0,0
result\bch\เขตเลือกตั้งที่10\โนนศิลา\หนองปลาหมอ\หน่วยที่8หมู่ที่8.json,เขตเลือกตั้งที่10\โนนศิลา\หนองปลาหมอ\หน่วยที่8หมู่ที่8.pdf,ส.ส. ๕/๑๘ (บช),ขอนแก่น,10,โนนศิลา,หนองปลาหมอ,8,8,516,317,520,317,301,12,203,301,4,8,7,0,0,8,3,0,1,149,0,7,1,1,0,0,0,1,0,2,0,0,0,0,0,0,0,11,1,1,0,0,0,0,2,0,0,41,3,0,0,0,0,2,0,0,51,0,1,0,0,0,0,0,0,0,0,0,0
result\bch\เขตเลือกตั้งที่10\โนนศิลา\เปือยใหญ่\หน่วยที่1หมู่ที่1.json,เขตเลือกตั้งที่10\โนนศิลา\เปือยใหญ่\หน่วยที่1หมู่ที่1.pdf,ส.ส. ๕/๑๘ (บช),ขอนแก่น,10,โนนศิลา,เปือยใหญ่,1,1,477,308,480,308,292,16,172,292,0,5,4,0,0,13,2,0,2,106,1,4,0,4,0,0,2,1,0,1,0,1,0,0,0,0,0,17,0,1,0,1,0,0,3,2,2,65,0,0,0,0,1,0,0,0,54,0,0,0,0,0,0,0,0,0,0,0,0
result\bch\เขตเลือกตั้งที่10\โนนศิลา\เปือยใหญ่\หน่วยที่2หมู่ที่2.json,เขตเลือกตั้งที่10\โนนศิลา\เปือยใหญ่\หน่วยที่2หมู่ที่2.pdf,ส.ส. ๕/๑๘ (บช),ขอนแก่น,10,โนนศิลา,เปือยใหญ่,2,2,375,210,210,210,197,12,170,197,1,6,4,0,0,14,3,1,1,61,0,1,1,1,0,0,1,0,0,0,0,0,0,0,0,0,1,15,0,1,0,0,1,1,0,1,1,56,1,0,0,0,0,0,0,1,22,0,1,1,0,0,0,0,0,0,0,0,0
result\bch\เขตเลือกตั้งที่10\โนนศิลา\เปือยใหญ่\หน่วยที่3หมู่ที่3.json,เขตเลือกตั้งที่10\โนนศิลา\เปือยใหญ่\หน่วยที่3หมู่ที่3.pdf,ส.ส. ๕/๑๘ (บช),ขอนแก่น,10,โนนศิลา,เปือยใหญ่,3,3,227,149,240,149,139,8,91,139,2,1,3,0,0,8,2,0,1,54,0,0,0,0,0,0,1,0,0,0,0,0,0,0,0,0,0,0,0,1,0,0,0,1,1,0,0,26,3,1,0,0,0,0,0,0,33,1,2,0,0,0,0,0,0,0,0,0,0
result\bch\เขตเลือกตั้งที่10\โนนศิลา\เปือยใหญ่\หน่วยที่4หมู่ที่4.json,เขตเลือกตั้งที่10\โนนศิลา\เปือยใหญ่\หน่วยที่4หมู่ที่4.pdf,ส.ส. ๕/๑๘ (บช),ขอนแก่น,10,โนนศิลา,เปือยใหญ่,4,4,127,77,140,77,75,1,63,75,1,1,2,0,0,1,0,0,0,38,0,0,0,0,0,0,0,2,0,0,0,0,0,0,0,0,0,1,0,0,0,0,0,0,2,0,0,18,0,0,0,0,0,0,0,6,3,0,1,0,0,0,0,0,0,0,0,0,0
result\bch\เขตเลือกตั้งที่10\โนนศิลา\เปือยใหญ่\หน่วยที่5หมู่ที่5.json,เขตเลือกตั้งที่10\โนนศิลา\เปือยใหญ่\หน่วยที่5หมู่ที่5.pdf,ส.ส. ๕/๑๘ (บช),ขอนแก่น,10,โนนศิลา,เปือยใหญ่,5,5,552,338,560,338,312,22,222,312,4,8,4,1,0,11,5,0,3,139,0,15,3,2,0,0,0,0,0,0,0,0,0,0,0,0,0,5,0,0,3,0,0,0,1,0,0,53,0,1,1,0,0,0,0,0,53,0,3,0,0,0,0,0,0,0,0,1,0
result\bch\เขตเลือกตั้งที่10\โนนศิลา\เปือยใหญ่\หน่วยที่6หมู่ที่6.json,เขตเลือกตั้งที่10\โนนศิลา\เปือยใหญ่\หน่วยที่6หมู่ที่6.pdf,ส.ส. ๕/๑๘ (บช),ขอนแก่น,10,โนนศิลา,เปือยใหญ่,6,6,464,282,480,282,268,8,198,268,6,6,2,2,2,18,0,1,0,131,0,11,4,0,0,1,0,1,0,0,0,0,0,0,0,0,0,1,0,0,1,0,0,0,0,0,0,32,1,1,1,1,0,0,0,0,51,0,0,0,0,0,0,0,0,0,0,0,0
result\bch\เขตเลือกตั้งที่10\โนนศิลา\เปือยใหญ่\หน่วยที่7หมู่ที่7.json,เขตเลือกตั้งที่10\โนนศิลา\เปือยใหญ่\หน่วยที่7หมู่ที่7.pdf,ส.ส. ๕/๑๘ (บช),ขอนแก่น,10,โนนศิลา,เปือยใหญ่,7,7,269,167,167,167,161,6,113,161,0,2,2,0,0,8,1,0,0,67,0,4,0,2,0,2,1,0,0,0,0,0,0,0,0,0,0,3,2,1,1,2,0,0,0,0,1,36,2,0,0,1,0,0,0,1,21,0,0,0,0,1,0,0,0,0,0,0,0
result\bch\เขตเลือกตั้งที่10\โนนศิลา\เปือยใหญ่\หน่วยที่8หมู่ที่8.json,เขตเลือกตั้งที่10\โนนศิลา\เปือยใหญ่\หน่วยที่8หมู่ที่8.pdf,ส.ส. ๕/๑๘ (บช),ขอนแก่น,10,โนนศิลา,เปือยใหญ่,8,8,234,161,240,167,159,6,73,153,2,4,0,1,1,9,0,0,1,52,0,9,0,0,0,0,0,0,0,1,0,0,0,0,0,0,0,6,0,0,1,1,0,0,0,1,0,38,1,0,1,0,0,0,0,6,26,0,0,0,0,0,0,0,0,0,0,0,0
result\bch\เขตเลือกตั้งที่10\โนนศิลา\โนนศิลา\หน่วยที่1หมู่ที่1.json,เขตเลือกตั้งที่10\โนนศิลา\โนนศิลา\หน่วยที่1หมู่ที่1.pdf,ส.ส. ๕/๑๘ (บช),ขอนแก่น,10,โนนศิลา,โนนศิลา,1,1,465,331,331,331,318,6,149,318,7,3,3,0,0,5,1,0,1,71,1,8,7,0,1,0,0,0,0,1,0,0,0,0,0,0,1,14,0,2,0,2,1,0,0,1,0,91,1,0,0,0,0,3,0,0,93,1,3,2,0,1,0,0,0,0,0,0,0
result\bch\เขตเลือกตั้งที่10\โนนศิลา\โนนศิลา\หน่วยที่1หมู่ที่2.json,เขตเลือกตั้งที่10\โนนศิลา\โนนศิลา\หน่วยที่1หมู่ที่2.pdf,ส.ส. ๕/๑๘ (บช),ขอนแก่น,10,โนนศิลา,โนนศิลา,2,1,255,180,260,180,171,8,80,171,1,3,3,0,1,5,1,0,0,49,0,4,5,2,0,1,1,0,0,0,0,0,0,0,0,0,0,5,1,0,0,0,0,1,0,1,0,23,0,0,1,0,0,0,0,0,63,0,1,0,0,0,0,0,0,0,0,0,0
result\bch\เขตเลือกตั้งที่10\โนนศิลา\โนนศิลา\หน่วยที่2หมู่ที่2.json,เขตเลือกตั้งที่10\โนนศิลา\ทต.โนนศิลา\หน่วยที่2หมู่ที่2.pdf,ส.ส. ๕/๑๘ (บช),ขอนแก่น,10,โนนศิลา,ทต.โนนศิลา,2,2,627,440,620,440,418,20,180,418,2,16,3,0,1,12,3,0,3,172,1,20,4,1,1,0,2,1,0,0,0,0,0,0,0,0,0,2,2,0,1,2,2,1,1,1,0,66,4,0,1,0,0,1,0,1,88,0,2,2,0,0,0,0,0,1,0,0,0
result\bch\เขตเลือกตั้งที่10\โนนศิลา\โนนศิลา\หน่วยที่2หมู่ที่6.json,เขตเลือกตั้งที่10\โนนศิลา\โนนศิลา\หน่วยที่2หมู่ที่6.pdf,ส.ส. ๕/๑๘ (บช),ขอนแก่น,10,โนนศิลา,โนนศิลา,6,2,328,217,340,217,211,6,123,211,0,3,2,0,0,6,0,0,0,50,1,7,0,1,0,0,1,1,0,0,0,0,0,0,1,0,1,10,1,0,1,0,0,0,0,0,0,73,1,0,0,0,0,0,0,0,49,0,0,1,0,0,0,0,0,0,0,1,0
result\bch\เขตเลือกตั้งที่10\โนนศิลา\โนนศิลา\หน่วยที่3หมู่ที่1.json,เขตเลือกตั้งที่10\โนนศิลา\โนนศิลา\หน่วยที่3หมู่ที่1.pdf,ส.ส. ๕/๑๘ (บช),ขอนแก่น,10,โนนศิลา,โนนศิลา,1,3,472,288,480,288,262,24,192,262,2,16,6,2,0,14,1,0,1,106,1,13,2,1,1,0,0,0,0,1,0,0,0,0,0,1,0,7,0,0,2,0,0,0,0,0,0,43,2,0,0,0,0,0,0,0,41,1,0,0,0,0,0,0,0,0,0,0,0
result\bch\เขตเลือกตั้งที่10\โนนศิลา\โนนศิลา\หน่วยที่3หมู่ที่3.json,เขตเลือกตั้งที่10\โนนศิลา\โนนศิลา\หน่วยที่3หมู่ที่3.pdf,ส.ส. ๕/๑๘ (บช),ขอนแก่น,10,โนนศิลา,โนนศิลา,3,3,266,176,280,176,168,6,104,168,2,3,3,1,1,10,2,0,0,49,2,5,0,0,0,0,2,0,0,0,4,0,0,0,0,0,0,0,0,0,0,0,1,0,1,1,1,52,1,0,0,0,0,1,0,0,28,0,0,0,0,0,0,0,0,0,0,0,0
result\bch\เขตเลือกตั้งที่10\โนนศิลา\โนนศิลา\หน่วยที่4หมู่ที่4.json,เขตเลือกตั้งที่10\โนนศิลา\โนนศิลา\หน่วยที่4หมู่ที่4.pdf,ส.ส. ๕/๑๘ (บช),ขอนแก่น,10,โนนศิลา,โนนศิลา,4,4,650,481,660,481,449,22,179,449,10,8,4,2,0,14,4,1,1,167,3,7,2,3,0,0,0,0,0,0,0,0,0,0,0,1,0,7,0,5,0,0,2,0,1,1,0,98,2,0,0,1,1,1,0,0,109,1,2,0,0,1,0,0,0,0,0,0,0
result\bch\เขตเลือกตั้งที่10\โนนศิลา\โนนศิลา\หน่วยที่5หมู่ที่5.json,เขตเลือกตั้งที่10\โนนศิลา\โนนศิลา\หน่วยที่5หมู่ที่5.pdf,ส.ส. ๕/๑๘ (บช),ขอนแก่น,10,โนนศิลา,โนนศิลา,5,5,571,380,580,380,357,20,200,357,3,6,3,3,1,20,2,2,3,101,0,18,4,1,0,0,0,0,0,0,1,0,0,0,0,0,2,6,0,0,1,2,3,0,3,0,0,78,1,2,1,0,0,0,0,0,91,2,0,0,0,0,0,0,0,0,0,0,0
result\bch\เขตเลือกตั้งที่10\โนนศิลา\โนนศิลา\หน่วยที่6หมู่ที่1.json,เขตเลือกตั้งที่10\โนนศิลา\โนนศิลา\หน่วยที่6หมู่ที่1.pdf,ส.ส. ๕/๑๘ (บช),ขอนแก่น,10,โนนศิลา,โนนศิลา,1,6,918,594,900,594,550,40,306,550,4,9,5,2,0,17,2,0,3,215,4,27,4,4,0,1,3,0,0,1,10,0,0,1,1,0,0,9,1,1,0,0,6,1,2,1,0,118,2,0,0,0,0,0,0,1,93,0,3,1,0,0,0,1,1,0,0,0,0
result\bch\เขตเลือกตั้งที่10\โนนศิลา\โนนศิลา\หน่วยที่7หมู่ที่2.json,เขตเลือกตั้งที่10\โนนศิลา\โนนศิลา\หน่วยที่7หมู่ที่2.pdf,ส.ส. ๕/๑๘ (บช),ขอนแก่น,10,โนนศิลา,โนนศิลา,2,7,599,380,600,380,353,6,220,353,21,7,7,0,2,25,3,1,2,81,1,20,2,4,0,0,0,0,0,0,3,0,0,0,0,0,0,4,0,0,1,0,1,1,3,2,1,104,1,0,0,0,0,0,1,1,74,1,0,0,0,0,0,0,0,0,0,0,0
result\bch\เขตเลือกตั้งที่10\โนนศิลา\โนนศิลา\หน่วยที่8หมู่ที่2.json,เขตเลือกตั้งที่10\โนนศิลา\โนนศิลา\หน่วยที่8หมู่ที่2.pdf,ส.ส. ๕/๑๘ (บช),ขอนแก่น,10,โนนศิลา,โนนศิลา,2,8,547,384,560,384,364,17,176,364,3,9,6,2,0,23,3,0,1,117,0,12,3,2,0,1,1,2,0,0,3,0,0,1,0,0,0,2,1,0,0,0,0,0,0,0,2,79,1,0,0,0,0,0,0,91,2,0,0,0,0,0,0,0,0,0,0,0,0
result\bch\เขตเลือกตั้งที่10\โนนศิลา\โนนแดง\หน่วยที่1หมู่ที่1.json,เขตเลือกตั้งที่10\โนนศิลา\โนนแดง\หน่วยที่1หมู่ที่1.pdf,ส.ส. ๕/๑๘ (บช),ขอนแก่น,10,โนนศิลา,โนนแดง,1,1,357,255,360,255,234,16,105,234,5,11,1,4,0,2,3,0,2,76,2,5,2,3,0,0,0,0,0,1,0,0,0,0,1,0,0,8,0,0,0,0,1,0,0,1,1,48,2,0,0,0,0,0,0,0,56,1,1,2,0,0,0,0,0,0,0,0,0
result\bch\เขตเลือกตั้งที่10\โนนศิลา\โนนแดง\หน่วยที่2หมู่ที่2.json,เขตเลือกตั้งที่10\โนนศิลา\โนนแดง\หน่วยที่2หมู่ที่2.pdf,ส.ส. ๕/๑๘ (บช),ขอนแก่น,10,โนนศิลา,โนนแดง,2,2,385,258,400,258,244,11,142,244,3,13,4,0,0,11,1,0,0,109,0,13,0,0,0,0,0,0,0,0,0,0,0,0,0,0,0,3,0,0,0,0,0,0,0,2,0,52,2,1,1,0,0,0,0,0,31,0,0,1,0,0,0,0,0,0,0,0,0
result\bch\เขตเลือกตั้งที่10\โนนศิลา\โนนแดง\หน่วยที่3หมู่ที่3.json,เขตเลือกตั้งที่10\โนนศิลา\โนนแดง\หน่วยที่3หมู่ที่3.pdf,ส.ส. ๕/๑๘ (บช),ขอนแก่น,10,โนนศิลา,โนนแดง,3,3,384,297,400,297,279,14,103,279,4,4,6,1,0,7,1,0,0,110,0,9,4,0,0,0,0,0,1,1,0,0,0,0,0,0,0,6,0,0,0,0,1,1,1,1,0,67,2,0,0,0,0,2,0,0,52,1,0,1,0,0,0,0,0,0,0,0,0
result\bch\เขตเลือกตั้งที่10\โนนศิลา\โนนแดง\หน่วยที่4หมู่ที่4.json,เขตเลือกตั้งที่10\โนนศิลา\โนนแดง\หน่วยที่4หมู่ที่4.pdf,ส.ส. ๕/๑๘ (บช),ขอนแก่น,10,โนนศิลา,โนนแดง,4,4,503,292,520,292,283,9,228,283,0,14,4,1,1,11,2,0,1,116,2,4,2,3,0,0,0,1,0,0,0,0,0,0,0,0,0,0,0,1,5,0,1,2,0,0,1,41,3,0,0,0,0,1,0,0,64,1,1,0,0,0,0,0,0,0,0,0,0
result\bch\เขตเลือกตั้งที่10\โนนศิลา\โนนแดง\หน่วยที่5หมู่ที่5.json,เขตเลือกตั้งที่10\โนนศิลา\โนนแดง\หน่วยที่5หมู่ที่5.pdf,ส.ส. ๕/๑๘ (บช),ขอนแก่น,10,โนนศิลา,โนนแดง,5,5,387,277,400,277,264,9,123,264,4,2,3,0,0,9,7,0,0,99,1,11,2,1,0,0,2,0,0,0,0,0,0,0,0,0,0,5,1,2,0,0,0,0,1,0,0,66,0,0,0,0,0,1,0,0,48,0,2,1,0,0,0,0,0,0,0,0,0
result\bch\เขตเลือกตั้งที่10\โนนศิลา\โนนแดง\หน่วยที่6หมู่ที่6.json,เขตเลือกตั้งที่10\โนนศิลา\โนนแดง\หน่วยที่6หมู่ที่6.pdf,ส.ส. ๕/๑๘ (บช),ขอนแก่น,10,โนนศิลา,โนนแดง,6,6,363,266,380,266,234,27,114,234,5,8,4,0,0,6,1,0,1,85,0,5,1,1,0,0,0,0,0,0,0,0,0,0,0,0,0,2,0,0,1,2,0,1,1,0,0,69,0,0,0,0,0,1,0,1,41,1,0,0,0,0,0,0,0,0,1,1,0
result\bch\เขตเลือกตั้งที่10\โนนศิลา\โนนแดง\หน่วยที่7หมู่ที่7.json,เขตเลือกตั้งที่10\โนนศิลา\โนนแดง\หน่วยที่7หมู่ที่7.pdf,ส.ส. ๕/๑๘ (บช),ขอนแก่น,10,โนนศิลา,โนนแดง,7,7,457,298,460,298,283,14,162,283,1,3,4,1,2,8,3,0,4,97,1,2,1,1,0,1,2,1,0,0,1,0,0,0,0,0,0,2,0,1,0,0,1,0,2,3,2,85,1,1,0,0,0,1,0,1,50,0,0,0,0,1,0,0,0,0,0,0,0
