Unit_ID,Party_Number,Party_Name,Score
KK10_โนนศิลา_บ้านหัน_M12_U10,1,พรรคไทยทรัพย์ทวี,20.0
KK10_โนนศิลา_บ้านหัน_M12_U10,2,พรรคเพื่อชาติไทย,8.0
KK10_โนนศิลา_บ้านหัน_M12_U10,3,พรรคใหม่,2.0
KK10_โนนศิลา_บ้านหัน_M12_U10,4,พรรคมิติใหม่,2.0
KK10_โนนศิลา_บ้านหัน_M12_U10,5,พรรครวมใจไทย,32.0
KK10_โนนศิลา_บ้านหัน_M12_U10,6,พรรครวมไทยสร้างชาติ,2.0
KK10_โนนศิลา_บ้านหัน_M12_U10,9,พรรคเพื่อไทย,72.0
KK10_โนนศิลา_บ้านหัน_M12_U10,10,พรรคทางเลือกใหม่,2.0
KK10_โนนศิลา_บ้านหัน_M12_U10,11,พรรคเศรษฐกิจ,30.0
KK10_โนนศิลา_บ้านหัน_M12_U10,12,พรรคเสรีรวมไทย,1.0
KK10_โนนศิลา_บ้านหัน_M12_U10,13,พรรครวมพลังประชาชน,2.0
KK10_โนนศิลา_บ้านหัน_M12_U10,16,พรรคพลังเพื่อไทย,2.0
KK10_โนนศิลา_บ้านหัน_M12_U10,19,พรรคสังคมประชาธิปไตยไทย,1.0
KK10_โนนศิลา_บ้านหัน_M12_U10,27,พรรคประชาธิปัตย์,8.0
KK10_โนนศิลา_บ้านหัน_M12_U10,29,พรรคไทยภักดี,1.0
KK10_โนนศิลา_บ้านหัน_M12_U10,30,พรรคแรงงานสร้างชาติ,1.0
KK10_โนนศิลา_บ้านหัน_M12_U10,31,พรรคประชากรไทย,2.0
KK10_โนนศิลา_บ้านหัน_M12_U10,33,พรรคประชาชาติ,2.0
KK10_โนนศิลา_บ้านหัน_M12_U10,34,พรรคสร้างอนาคตไทย,3.0
KK10_โนนศิลา_บ้านหัน_M12_U10,35,พรรครักชาติ,1.0
KK10_โนนศิลา_บ้านหัน_M12_U10,37,พรรคภูมิใจไทย,50.0
KK10_โนนศิลา_บ้านหัน_M12_U10,38,พรรคพลังธรรมใหม่,2.0
KK10_โนนศิลา_บ้านหัน_M12_U10,39,พรรคกรีน,1.0
KK10_โนนศิลา_บ้านหัน_M12_U10,41,พรรคแผ่นดินธรรม,1.0
KK10_โนนศิลา_บ้านหัน_M12_U10,42,พรรคกล้าธรรม,1.0
KK10_โนนศิลา_บ้านหัน_M12_U10,44,พรรคโอกาสใหม่,1.0
KK10_โนนศิลา_บ้านหัน_M12_U10,45,พรรคเป็นธรรม,2.0
KK10_โนนศิลา_บ้านหัน_M12_U10,46,พรรคประชาชน,46.0
KK10_โนนศิลา_บ้านหัน_M12_U10,47,พรรคประชาไทย,1.0
KK10_โนนศิลา_บ้านหัน_M13_U11,1,พรรคไทยทรัพย์ทวี,3.0
KK10_โนนศิลา_บ้านหัน_M13_U11,2,พรรคเพื่อชาติไทย,0.0
KK10_โนนศิลา_บ้านหัน_M13_U11,3,พรรคใหม่,1.0
KK10_โนนศิลา_บ้านหัน_M13_U11,4,พรรคมิติใหม่,0.0
KK10_โนนศิลา_บ้านหัน_M13_U11,5,พรรครวมใจไทย,3.0
KK10_โนนศิลา_บ้านหัน_M13_U11,6,พรรครวมไทยสร้างชาติ,0.0
KK10_โนนศิลา_บ้านหัน_M13_U11,7,พรรคพลวัต,0.0
KK10_โนนศิลา_บ้านหัน_M13_U11,8,พรรคประชาธิปไตยใหม่,0.0
KK10_โนนศิลา_บ้านหัน_M13_U11,9,พรรคเพื่อไทย,63.0
KK10_โนนศิลา_บ้านหัน_M13_U11,10,พรรคทางเลือกใหม่,1.0
KK10_โนนศิลา_บ้านหัน_M13_U11,11,พรรคเศรษฐกิจ,1.0
KK10_โนนศิลา_บ้านหัน_M13_U11,12,พรรคเสรีรวมไทย,0.0
KK10_โนนศิลา_บ้านหัน_M13_U11,13,พรรครวมพลังประชาชน,1.0
KK10_โนนศิลา_บ้านหัน_M13_U11,14,พรรคท้องที่ไทย,0.0
KK10_โนนศิลา_บ้านหัน_M13_U11,15,พรรคอนาคตไทย,0.0
KK10_โนนศิลา_บ้านหัน_M13_U11,16,พรรคพลังเพื่อไทย,1.0
KK10_โนนศิลา_บ้านหัน_M13_U11,17,พรรคไทยชนะ,1.0
KK10_โนนศิลา_บ้านหัน_M13_U11,18,พรรคพลังสังคมใหม่,0.0
KK10_โนนศิลา_บ้านหัน_M13_U11,19,พรรคสังคมประชาธิปไตยไทย,0.0
KK10_โนนศิลา_บ้านหัน_M13_U11,20,พรรคฟิวชัน,0.0
KK10_โนนศิลา_บ้านหัน_M13_U11,21,พรรคไทรวมพลัง,0.0
KK10_โนนศิลา_บ้านหัน_M13_U11,22,พรรคก้าวอิสระ,0.0
KK10_โนนศิลา_บ้านหัน_M13_U11,23,พรรคปวงชนไทย,0.0
KK10_โนนศิลา_บ้านหัน_M13_U11,24,พรรควิชชั่นใหม่,0.0
KK10_โนนศิลา_บ้านหัน_M13_U11,25,พรรคเพื่อชีวิตใหม่,0.0
KK10_โนนศิลา_บ้านหัน_M13_U11,26,พรรคคลองไทย,0.0
KK10_โนนศิลา_บ้านหัน_M13_U11,27,พรรคประชาธิปัตย์,1.0
KK10_โนนศิลา_บ้านหัน_M13_U11,28,พรรคไทยก้าวหน้า,0.0
KK10_โนนศิลา_บ้านหัน_M13_U11,29,พรรคไทยภักดี,0.0
KK10_โนนศิลา_บ้านหัน_M13_U11,30,พรรคแรงงานสร้างชาติ,0.0
KK10_โนนศิลา_บ้านหัน_M13_U11,31,พรรคประชากรไทย,0.0
KK10_โนนศิลา_บ้านหัน_M13_U11,32,พรรคครูไทยเพื่อประชาชน,3.0
KK10_โนนศิลา_บ้านหัน_M13_U11,33,พรรคประชาชาติ,1.0
KK10_โนนศิลา_บ้านหัน_M13_U11,34,พรรคสร้างอนาคตไทย,1.0
KK10_โนนศิลา_บ้านหัน_M13_U11,35,พรรครักชาติ,0.0
KK10_โนนศิลา_บ้านหัน_M13_U11,36,พรรคไทยพร้อม,0.0
KK10_โนนศิลา_บ้านหัน_M13_U11,37,พรรคภูมิใจไทย,17.0
KK10_โนนศิลา_บ้านหัน_M13_U11,38,พรรคพลังธรรมใหม่,0.0
KK10_โนนศิลา_บ้านหัน_M13_U11,39,พรรคกรีน,0.0
KK10_โนนศิลา_บ้านหัน_M13_U11,40,พรรคไทยธรรม,0.0
KK10_โนนศิลา_บ้านหัน_M13_U11,41,พรรคแผ่นดินธรรม,0.0
KK10_โนนศิลา_บ้านหัน_M13_U11,42,พรรคกล้าธรรม,0.0
KK10_โนนศิลา_บ้านหัน_M13_U11,43,พรรคพลังประชารัฐ,0.0
KK10_โนนศิลา_บ้านหัน_M13_U11,44,พรรคโอกาสใหม่,0.0
KK10_โนนศิลา_บ้านหัน_M13_U11,45,พรรคเป็นธรรม,0.0
KK10_โนนศิลา_บ้านหัน_M13_U11,46,พรรคประชาชน,9.0
KK10_โนนศิลา_บ้านหัน_M13_U11,47,พรรคประชาไทย,0.0
KK10_โนนศิลา_บ้านหัน_M13_U11,48,พรรคไทยสร้างไทย,0.0
KK10_โนนศิลา_บ้านหัน_M13_U11,49,พรรคไทยก้าวใหม่,0.0
KK10_โนนศิลา_บ้านหัน_M13_U11,50,พรรคอาสาสมัครประชาชนไทย,0.0
KK10_โนนศิลา_บ้านหัน_M13_U11,51,พรรคพร้อม,0.0
KK10_โนนศิลา_บ้านหัน_M13_U11,52,พรรคเครือข่ายชาวนาแห่งประเทศไทย,0.0
KK10_โนนศิลา_บ้านหัน_M13_U11,53,พรรคไทยพิทักษ์ธรรม,0.0
KK10_โนนศิลา_บ้านหัน_M13_U11,54,พรรคความหวังใหม่,0.0
KK10_โนนศิลา_บ้านหัน_M13_U11,55,พรรคไทยรวมไทย,0.0
KK10_โนนศิลา_บ้านหัน_M13_U11,56,พรรคเพื่อชาติ,0.0
KK10_โนนศิลา_บ้านหัน_M13_U11,57,พรรคพลังไทยรักชาติ,0.0
KK10_โนนศิลา_บ้านหัน_M14_U12,1,พรรคไทยทรัพย์ทวี,1.0
KK10_โนนศิลา_บ้านหัน_M14_U12,2,พรรคเพื่อชาติไทย,1.0
KK10_โนนศิลา_บ้านหัน_M14_U12,5,พรรครวมใจไทย,4.0
KK10_โนนศิลา_บ้านหัน_M14_U12,9,พรรคเพื่อไทย,47.0
KK10_โนนศิลา_บ้านหัน_M14_U12,11,พรรคเศรษฐกิจ,8.0
KK10_โนนศิลา_บ้านหัน_M14_U12,13,พรรครวมพลังประชาชน,1.0
KK10_โนนศิลา_บ้านหัน_M14_U12,16,พรรคพลังเพื่อไทย,1.0
KK10_โนนศิลา_บ้านหัน_M14_U12,18,พรรคพลังสังคมใหม่,1.0
KK10_โนนศิลา_บ้านหัน_M14_U12,37,พรรคภูมิใจไทย,29.0
KK10_โนนศิลา_บ้านหัน_M14_U12,39,พรรคกรีน,1.0
KK10_โนนศิลา_บ้านหัน_M14_U12,46,พรรคประชาชน,21.0
KK10_โนนศิลา_บ้านหัน_M14_U12,48,พรรคไทยสร้างไทย,2.0
KK10_โนนศิลา_บ้านหัน_M15_U13,1,พรรคไทยทรัพย์ทวี,5.0
KK10_โนนศิลา_บ้านหัน_M15_U13,2,พรรคเพื่อชาติไทย,2.0
KK10_โนนศิลา_บ้านหัน_M15_U13,5,พรรครวมใจไทย,1.0
KK10_โนนศิลา_บ้านหัน_M15_U13,8,พรรคประชาธิปไตยใหม่,1.0
KK10_โนนศิลา_บ้านหัน_M15_U13,9,พรรคเพื่อไทย,71.0
KK10_โนนศิลา_บ้านหัน_M15_U13,11,พรรคเศรษฐกิจ,5.0
KK10_โนนศิลา_บ้านหัน_M15_U13,13,พรรครวมพลังประชาชน,2.0
KK10_โนนศิลา_บ้านหัน_M15_U13,15,พรรคอนาคตไทย,1.0
KK10_โนนศิลา_บ้านหัน_M15_U13,37,พรรคภูมิใจไทย,40.0
KK10_โนนศิลา_บ้านหัน_M15_U13,38,พรรคพลังธรรมใหม่,2.0
KK10_โนนศิลา_บ้านหัน_M15_U13,43,พรรคพลังประชารัฐ,1.0
KK10_โนนศิลา_บ้านหัน_M15_U13,46,พรรคประชาชน,27.0
KK10_โนนศิลา_บ้านหัน_M16_U14,1,พรรคไทยทรัพย์ทวี,13.0
KK10_โนนศิลา_บ้านหัน_M16_U14,2,พรรคเพื่อชาติไทย,7.0
KK10_โนนศิลา_บ้านหัน_M16_U14,3,พรรคใหม่,1.0
KK10_โนนศิลา_บ้านหัน_M16_U14,4,พรรคมิติใหม่,2.0
KK10_โนนศิลา_บ้านหัน_M16_U14,5,พรรครวมใจไทย,15.0
KK10_โนนศิลา_บ้านหัน_M16_U14,6,พรรครวมไทยสร้างชาติ,4.0
KK10_โนนศิลา_บ้านหัน_M16_U14,9,พรรคเพื่อไทย,93.0
KK10_โนนศิลา_บ้านหัน_M16_U14,11,พรรคเศรษฐกิจ,13.0
KK10_โนนศิลา_บ้านหัน_M16_U14,12,พรรคเสรีรวมไทย,2.0
KK10_โนนศิลา_บ้านหัน_M16_U14,16,พรรคพลังเพื่อไทย,2.0
KK10_โนนศิลา_บ้านหัน_M16_U14,21,พรรคไทรวมพลัง,1.0
KK10_โนนศิลา_บ้านหัน_M16_U14,22,พรรคก้าวอิสระ,1.0
KK10_โนนศิลา_บ้านหัน_M16_U14,27,พรรคประชาธิปัตย์,31.0
KK10_โนนศิลา_บ้านหัน_M16_U14,32,พรรคครูไทยเพื่อประชาชน,1.0
KK10_โนนศิลา_บ้านหัน_M16_U14,34,พรรคสร้างอนาคตไทย,1.0
KK10_โนนศิลา_บ้านหัน_M16_U14,37,พรรคภูมิใจไทย,24.0
KK10_โนนศิลา_บ้านหัน_M16_U14,38,พรรคพลังธรรมใหม่,1.0
KK10_โนนศิลา_บ้านหัน_M16_U14,42,พรรคกล้าธรรม,1.0
KK10_โนนศิลา_บ้านหัน_M16_U14,43,พรรคพลังประชารัฐ,2.0
KK10_โนนศิลา_บ้านหัน_M16_U14,46,พรรคประชาชน,43.0
KK10_โนนศิลา_บ้านหัน_M16_U14,51,พรรคพร้อม,1.0
KK10_โนนศิลา_บ้านหัน_M3_U1,1,พรรคไทยทรัพย์ทวี,4.0
KK10_โนนศิลา_บ้านหัน_M3_U1,2,พรรคเพื่อชาติไทย,1.0
KK10_โนนศิลา_บ้านหัน_M3_U1,3,พรรคใหม่,1.0
KK10_โนนศิลา_บ้านหัน_M3_U1,4,พรรคมิติใหม่,1.0
KK10_โนนศิลา_บ้านหัน_M3_U1,5,พรรครวมใจไทย,3.0
KK10_โนนศิลา_บ้านหัน_M3_U1,6,พรรครวมไทยสร้างชาติ,1.0
KK10_โนนศิลา_บ้านหัน_M3_U1,8,พรรคประชาธิปไตยใหม่,1.0
KK10_โนนศิลา_บ้านหัน_M3_U1,9,พรรคเพื่อไทย,90.0
KK10_โนนศิลา_บ้านหัน_M3_U1,11,พรรคเศรษฐกิจ,10.0
KK10_โนนศิลา_บ้านหัน_M3_U1,13,พรรครวมพลังประชาชน,1.0
KK10_โนนศิลา_บ้านหัน_M3_U1,16,พรรคพลังเพื่อไทย,1.0
KK10_โนนศิลา_บ้านหัน_M3_U1,19,พรรคสังคมประชาธิปไตยไทย,1.0
KK10_โนนศิลา_บ้านหัน_M3_U1,26,พรรคคลองไทย,1.0
KK10_โนนศิลา_บ้านหัน_M3_U1,27,พรรคประชาธิปัตย์,6.0
KK10_โนนศิลา_บ้านหัน_M3_U1,30,พรรคแรงงานสร้างชาติ,1.0
KK10_โนนศิลา_บ้านหัน_M3_U1,37,พรรคภูมิใจไทย,54.0
KK10_โนนศิลา_บ้านหัน_M3_U1,45,พรรคเป็นธรรม,1.0
KK10_โนนศิลา_บ้านหัน_M3_U1,46,พรรคประชาชน,43.0
KK10_โนนศิลา_บ้านหัน_M3_U1,47,พรรคประชาไทย,1.0
KK10_โนนศิลา_บ้านหัน_M3_U1,48,พรรคไทยสร้างไทย,1.0
KK10_โนนศิลา_บ้านหัน_M3_U1,49,พรรคไทยก้าวใหม่,1.0
KK10_โนนศิลา_บ้านหัน_M4_U2,1,พรรคไทยทรัพย์ทวี,2.0
KK10_โนนศิลา_บ้านหัน_M4_U2,2,พรรคเพื่อชาติไทย,5.0
KK10_โนนศิลา_บ้านหัน_M4_U2,3,พรรคใหม่,0.0
KK10_โนนศิลา_บ้านหัน_M4_U2,4,พรรคมิติใหม่,1.0
KK10_โนนศิลา_บ้านหัน_M4_U2,5,พรรครวมใจไทย,7.0
KK10_โนนศิลา_บ้านหัน_M4_U2,6,พรรครวมไทยสร้างชาติ,2.0
KK10_โนนศิลา_บ้านหัน_M4_U2,7,พรรคพลวัต,0.0
KK10_โนนศิลา_บ้านหัน_M4_U2,8,พรรคประชาธิปไตยใหม่,2.0
KK10_โนนศิลา_บ้านหัน_M4_U2,9,พรรคเพื่อไทย,127.0
KK10_โนนศิลา_บ้านหัน_M4_U2,10,พรรคทางเลือกใหม่,2.0
KK10_โนนศิลา_บ้านหัน_M4_U2,11,พรรคเศรษฐกิจ,6.0
KK10_โนนศิลา_บ้านหัน_M4_U2,12,พรรคเสรีรวมไทย,2.0
KK10_โนนศิลา_บ้านหัน_M4_U2,13,พรรครวมพลังประชาชน,1.0
KK10_โนนศิลา_บ้านหัน_M4_U2,14,พรรคท้องที่ไทย,0.0
KK10_โนนศิลา_บ้านหัน_M4_U2,15,พรรคอนาคตไทย,1.0
KK10_โนนศิลา_บ้านหัน_M4_U2,16,พรรคพลังเพื่อไทย,0.0
KK10_โนนศิลา_บ้านหัน_M4_U2,17,พรรคไทยชนะ,0.0
KK10_โนนศิลา_บ้านหัน_M4_U2,18,พรรคพลังสังคมใหม่,0.0
KK10_โนนศิลา_บ้านหัน_M4_U2,19,พรรคสังคมประชาธิปไตยไทย,0.0
KK10_โนนศิลา_บ้านหัน_M4_U2,20,พรรคฟิวชัน,0.0
KK10_โนนศิลา_บ้านหัน_M4_U2,21,พรรคไทรวมพลัง,0.0
KK10_โนนศิลา_บ้านหัน_M4_U2,22,พรรคก้าวอิสระ,0.0
KK10_โนนศิลา_บ้านหัน_M4_U2,23,พรรคปวงชนไทย,0.0
KK10_โนนศิลา_บ้านหัน_M4_U2,24,พรรควิชชั่นใหม่,0.0
KK10_โนนศิลา_บ้านหัน_M4_U2,25,พรรคเพื่อชีวิตใหม่,0.0
KK10_โนนศิลา_บ้านหัน_M4_U2,26,พรรคคลองไทย,0.0
KK10_โนนศิลา_บ้านหัน_M4_U2,27,พรรคประชาธิปัตย์,5.0
KK10_โนนศิลา_บ้านหัน_M4_U2,28,พรรคไทยก้าวหน้า,0.0
KK10_โนนศิลา_บ้านหัน_M4_U2,29,พรรคไทยภักดี,0.0
KK10_โนนศิลา_บ้านหัน_M4_U2,30,พรรคแรงงานสร้างชาติ,1.0
KK10_โนนศิลา_บ้านหัน_M4_U2,31,พรรคประชากรไทย,0.0
KK10_โนนศิลา_บ้านหัน_M4_U2,32,พรรคครูไทยเพื่อประชาชน,0.0
KK10_โนนศิลา_บ้านหัน_M4_U2,33,พรรคประชาชาติ,0.0
KK10_โนนศิลา_บ้านหัน_M4_U2,34,พรรคสร้างอนาคตไทย,0.0
KK10_โนนศิลา_บ้านหัน_M4_U2,35,พรรครักชาติ,0.0
KK10_โนนศิลา_บ้านหัน_M4_U2,36,พรรคไทยพร้อม,1.0
KK10_โนนศิลา_บ้านหัน_M4_U2,37,พรรคภูมิใจไทย,87.0
KK10_โนนศิลา_บ้านหัน_M4_U2,38,พรรคพลังธรรมใหม่,2.0
KK10_โนนศิลา_บ้านหัน_M4_U2,39,พรรคกรีน,0.0
KK10_โนนศิลา_บ้านหัน_M4_U2,40,พรรคไทยธรรม,0.0
KK10_โนนศิลา_บ้านหัน_M4_U2,41,พรรคแผ่นดินธรรม,0.0
KK10_โนนศิลา_บ้านหัน_M4_U2,42,พรรคกล้าธรรม,0.0
KK10_โนนศิลา_บ้านหัน_M4_U2,43,พรรคพลังประชารัฐ,0.0
KK10_โนนศิลา_บ้านหัน_M4_U2,44,พรรคโอกาสใหม่,0.0
KK10_โนนศิลา_บ้านหัน_M4_U2,45,พรรคเป็นธรรม,0.0
KK10_โนนศิลา_บ้านหัน_M4_U2,46,พรรคประชาชน,42.0
KK10_โนนศิลา_บ้านหัน_M4_U2,47,พรรคประชาไทย,0.0
KK10_โนนศิลา_บ้านหัน_M4_U2,48,พรรคไทยสร้างไทย,2.0
KK10_โนนศิลา_บ้านหัน_M4_U2,49,พรรคไทยก้าวใหม่,0.0
KK10_โนนศิลา_บ้านหัน_M4_U2,50,พรรคอาสาสมัครประชาชนไทย,0.0
KK10_โนนศิลา_บ้านหัน_M4_U2,51,พรรคพร้อม,0.0
KK10_โนนศิลา_บ้านหัน_M4_U2,52,พรรคเครือข่ายชาวนาแห่งประเทศไทย,0.0
KK10_โนนศิลา_บ้านหัน_M4_U2,53,พรรคไทยพิทักษ์ธรรม,0.0
KK10_โนนศิลา_บ้านหัน_M4_U2,54,พรรคความหวังใหม่,0.0
KK10_โนนศิลา_บ้านหัน_M4_U2,55,พรรคไทยรวมไทย,0.0
KK10_โนนศิลา_บ้านหัน_M4_U2,56,พรรคเพื่อชาติ,0.0
KK10_โนนศิลา_บ้านหัน_M4_U2,57,พรรคพลังไทยรักชาติ,0.0
KK10_โนนศิลา_บ้านหัน_M5_U3,1,พรรคไทยทรัพย์ทวี,13.0
KK10_โนนศิลา_บ้านหัน_M5_U3,2,พรรคเพื่อชาติไทย,13.0
KK10_โนนศิลา_บ้านหัน_M5_U3,3,พรรคใหม่,7.0
KK10_โนนศิลา_บ้านหัน_M5_U3,4,พรรคมิติใหม่,2.0
KK10_โนนศิลา_บ้านหัน_M5_U3,5,พรรครวมใจไทย,28.0
KK10_โนนศิลา_บ้านหัน_M5_U3,6,พรรครวมไทยสร้างชาติ,6.0
KK10_โนนศิลา_บ้านหัน_M5_U3,8,พรรคประชาธิปไตยใหม่,5.0
KK10_โนนศิลา_บ้านหัน_M5_U3,9,พรรคเพื่อไทย,184.0
KK10_โนนศิลา_บ้านหัน_M5_U3,10,พรรคทางเลือกใหม่,1.0
KK10_โนนศิลา_บ้านหัน_M5_U3,11,พรรคเศรษฐกิจ,10.0
KK10_โนนศิลา_บ้านหัน_M5_U3,12,พรรคเสรีรวมไทย,4.0
KK10_โนนศิลา_บ้านหัน_M5_U3,13,พรรครวมพลังประชาชน,8.0
KK10_โนนศิลา_บ้านหัน_M5_U3,15,พรรคอนาคตไทย,2.0
KK10_โนนศิลา_บ้านหัน_M5_U3,16,พรรคพลังเพื่อไทย,3.0
KK10_โนนศิลา_บ้านหัน_M5_U3,17,พรรคไทยชนะ,1.0
KK10_โนนศิลา_บ้านหัน_M5_U3,24,พรรควิชชั่นใหม่,1.0
KK10_โนนศิลา_บ้านหัน_M5_U3,27,พรรคประชาธิปัตย์,3.0
KK10_โนนศิลา_บ้านหัน_M5_U3,28,พรรคไทยก้าวหน้า,1.0
KK10_โนนศิลา_บ้านหัน_M5_U3,31,พรรคประชากรไทย,1.0
KK10_โนนศิลา_บ้านหัน_M5_U3,32,พรรคครูไทยเพื่อประชาชน,1.0
KK10_โนนศิลา_บ้านหัน_M5_U3,33,พรรคประชาชาติ,3.0
KK10_โนนศิลา_บ้านหัน_M5_U3,34,พรรคสร้างอนาคตไทย,1.0
KK10_โนนศิลา_บ้านหัน_M5_U3,35,พรรครักชาติ,1.0
KK10_โนนศิลา_บ้านหัน_M5_U3,37,พรรคภูมิใจไทย,135.0
KK10_โนนศิลา_บ้านหัน_M5_U3,38,พรรคพลังธรรมใหม่,2.0
KK10_โนนศิลา_บ้านหัน_M5_U3,39,พรรคกรีน,1.0
KK10_โนนศิลา_บ้านหัน_M5_U3,42,พรรคกล้าธรรม,2.0
KK10_โนนศิลา_บ้านหัน_M5_U3,43,พรรคพลังประชารัฐ,2.0
KK10_โนนศิลา_บ้านหัน_M5_U3,46,พรรคประชาชน,96.0
KK10_โนนศิลา_บ้านหัน_M5_U3,48,พรรคไทยสร้างไทย,1.0
KK10_โนนศิลา_บ้านหัน_M5_U3,49,พรรคไทยก้าวใหม่,1.0
KK10_โนนศิลา_บ้านหัน_M5_U3,50,พรรคอาสาสมัครประชาชนไทย,1.0
KK10_โนนศิลา_บ้านหัน_M5_U3,54,พรรคความหวังใหม่,1.0
KK10_โนนศิลา_บ้านหัน_M6_U4,1,พรรคไทยทรัพย์ทวี,6.0
KK10_โนนศิลา_บ้านหัน_M6_U4,2,พรรคเพื่อชาติไทย,14.0
KK10_โนนศิลา_บ้านหัน_M6_U4,3,พรรคใหม่,4.0
KK10_โนนศิลา_บ้านหัน_M6_U4,5,พรรครวมใจไทย,18.0
KK10_โนนศิลา_บ้านหัน_M6_U4,6,พรรครวมไทยสร้างชาติ,1.0
KK10_โนนศิลา_บ้านหัน_M6_U4,8,พรรคประชาธิปไตยใหม่,2.0
KK10_โนนศิลา_บ้านหัน_M6_U4,9,พรรคเพื่อไทย,158.0
KK10_โนนศิลา_บ้านหัน_M6_U4,10,พรรคทางเลือกใหม่,2.0
KK10_โนนศิลา_บ้านหัน_M6_U4,11,พรรคเศรษฐกิจ,15.0
KK10_โนนศิลา_บ้านหัน_M6_U4,12,พรรคเสรีรวมไทย,1.0
KK10_โนนศิลา_บ้านหัน_M6_U4,13,พรรครวมพลังประชาชน,3.0
KK10_โนนศิลา_บ้านหัน_M6_U4,15,พรรคอนาคตไทย,1.0
KK10_โนนศิลา_บ้านหัน_M6_U4,16,พรรคพลังเพื่อไทย,1.0
KK10_โนนศิลา_บ้านหัน_M6_U4,21,พรรคไทรวมพลัง,1.0
KK10_โนนศิลา_บ้านหัน_M6_U4,22,พรรคก้าวอิสระ,1.0
KK10_โนนศิลา_บ้านหัน_M6_U4,25,พรรคเพื่อชีวิตใหม่,1.0
KK10_โนนศิลา_บ้านหัน_M6_U4,27,พรรคประชาธิปัตย์,18.0
KK10_โนนศิลา_บ้านหัน_M6_U4,31,พรรคประชากรไทย,3.0
KK10_โนนศิลา_บ้านหัน_M6_U4,32,พรรคครูไทยเพื่อประชาชน,1.0
KK10_โนนศิลา_บ้านหัน_M6_U4,33,พรรคประชาชาติ,1.0
KK10_โนนศิลา_บ้านหัน_M6_U4,35,พรรครักชาติ,1.0
KK10_โนนศิลา_บ้านหัน_M6_U4,37,พรรคภูมิใจไทย,195.0
KK10_โนนศิลา_บ้านหัน_M6_U4,38,พรรคพลังธรรมใหม่,4.0
KK10_โนนศิลา_บ้านหัน_M6_U4,39,พรรคกรีน,1.0
KK10_โนนศิลา_บ้านหัน_M6_U4,46,พรรคประชาชน,87.0
KK10_โนนศิลา_บ้านหัน_M6_U4,48,พรรคไทยสร้างไทย,2.0
KK10_โนนศิลา_บ้านหัน_M7_U5,1,พรรคไทยทรัพย์ทวี,5.0
KK10_โนนศิลา_บ้านหัน_M7_U5,2,พรรคเพื่อชาติไทย,16.0
KK10_โนนศิลา_บ้านหัน_M7_U5,5,พรรครวมใจไทย,19.0
KK10_โนนศิลา_บ้านหัน_M7_U5,6,พรรครวมไทยสร้างชาติ,2.0
KK10_โนนศิลา_บ้านหัน_M7_U5,8,พรรคประชาธิปไตยใหม่,2.0
KK10_โนนศิลา_บ้านหัน_M7_U5,9,พรรคเพื่อไทย,69.0
KK10_โนนศิลา_บ้านหัน_M7_U5,11,พรรคเศรษฐกิจ,6.0
KK10_โนนศิลา_บ้านหัน_M7_U5,13,พรรครวมพลังประชาชน,1.0
KK10_โนนศิลา_บ้านหัน_M7_U5,16,พรรคพลังเพื่อไทย,1.0
KK10_โนนศิลา_บ้านหัน_M7_U5,19,พรรคสังคมประชาธิปไตยไทย,6.0
KK10_โนนศิลา_บ้านหัน_M7_U5,24,พรรควิชชั่นใหม่,1.0
KK10_โนนศิลา_บ้านหัน_M7_U5,27,พรรคประชาธิปัตย์,2.0
KK10_โนนศิลา_บ้านหัน_M7_U5,30,พรรคแรงงานสร้างชาติ,2.0
KK10_โนนศิลา_บ้านหัน_M7_U5,31,พรรคประชากรไทย,1.0
KK10_โนนศิลา_บ้านหัน_M7_U5,32,พรรคครูไทยเพื่อประชาชน,1.0
KK10_โนนศิลา_บ้านหัน_M7_U5,34,พรรคสร้างอนาคตไทย,2.0
KK10_โนนศิลา_บ้านหัน_M7_U5,37,พรรคภูมิใจไทย,40.0
KK10_โนนศิลา_บ้านหัน_M7_U5,38,พรรคพลังธรรมใหม่,3.0
KK10_โนนศิลา_บ้านหัน_M7_U5,39,พรรคกรีน,1.0
KK10_โนนศิลา_บ้านหัน_M7_U5,46,พรรคประชาชน,31.0
KK10_โนนศิลา_บ้านหัน_M7_U5,47,พรรคประชาไทย,1.0
KK10_โนนศิลา_บ้านหัน_M7_U5,48,พรรคไทยสร้างไทย,1.0
KK10_โนนศิลา_บ้านหัน_M7_U5,67,พรรคหมายเลข 67,1.0
KK10_โนนศิลา_บ้านหัน_M8_U6,1,พรรคไทยทรัพย์ทวี,18.0
KK10_โนนศิลา_บ้านหัน_M8_U6,2,พรรคเพื่อชาติไทย,7.0
KK10_โนนศิลา_บ้านหัน_M8_U6,3,พรรคใหม่,3.0
KK10_โนนศิลา_บ้านหัน_M8_U6,4,พรรคมิติใหม่,0.0
KK10_โนนศิลา_บ้านหัน_M8_U6,5,พรรครวมใจไทย,13.0
KK10_โนนศิลา_บ้านหัน_M8_U6,6,พรรครวมไทยสร้างชาติ,0.0
KK10_โนนศิลา_บ้านหัน_M8_U6,7,พรรคพลวัต,0.0
KK10_โนนศิลา_บ้านหัน_M8_U6,8,พรรคประชาธิปไตยใหม่,2.0
KK10_โนนศิลา_บ้านหัน_M8_U6,9,พรรคเพื่อไทย,127.0
KK10_โนนศิลา_บ้านหัน_M8_U6,10,พรรคทางเลือกใหม่,4.0
KK10_โนนศิลา_บ้านหัน_M8_U6,11,พรรคเศรษฐกิจ,8.0
KK10_โนนศิลา_บ้านหัน_M8_U6,12,พรรคเสรีรวมไทย,0.0
KK10_โนนศิลา_บ้านหัน_M8_U6,13,พรรครวมพลังประชาชน,1.0
KK10_โนนศิลา_บ้านหัน_M8_U6,14,พรรคท้องที่ไทย,0.0
KK10_โนนศิลา_บ้านหัน_M8_U6,15,พรรคอนาคตไทย,0.0
KK10_โนนศิลา_บ้านหัน_M8_U6,16,พรรคพลังเพื่อไทย,0.0
KK10_โนนศิลา_บ้านหัน_M8_U6,17,พรรคไทยชนะ,0.0
KK10_โนนศิลา_บ้านหัน_M8_U6,18,พรรคพลังสังคมใหม่,0.0
KK10_โนนศิลา_บ้านหัน_M8_U6,19,พรรคสังคมประชาธิปไตยไทย,0.0
KK10_โนนศิลา_บ้านหัน_M8_U6,20,พรรคฟิวชัน,0.0
KK10_โนนศิลา_บ้านหัน_M8_U6,21,พรรคไทรวมพลัง,0.0
KK10_โนนศิลา_บ้านหัน_M8_U6,22,พรรคก้าวอิสระ,0.0
KK10_โนนศิลา_บ้านหัน_M8_U6,23,พรรคปวงชนไทย,0.0
KK10_โนนศิลา_บ้านหัน_M8_U6,24,พรรควิชชั่นใหม่,0.0
KK10_โนนศิลา_บ้านหัน_M8_U6,25,พรรคเพื่อชีวิตใหม่,0.0
KK10_โนนศิลา_บ้านหัน_M8_U6,26,พรรคคลองไทย,0.0
KK10_โนนศิลา_บ้านหัน_M8_U6,27,พรรคประชาธิปัตย์,11.0
KK10_โนนศิลา_บ้านหัน_M8_U6,28,พรรคไทยก้าวหน้า,0.0
KK10_โนนศิลา_บ้านหัน_M8_U6,29,พรรคไทยภักดี,4.0
KK10_โนนศิลา_บ้านหัน_M8_U6,30,พรรคแรงงานสร้างชาติ,0.0
KK10_โนนศิลา_บ้านหัน_M8_U6,31,พรรคประชากรไทย,1.0
KK10_โนนศิลา_บ้านหัน_M8_U6,32,พรรคครูไทยเพื่อประชาชน,0.0
KK10_โนนศิลา_บ้านหัน_M8_U6,33,พรรคประชาชาติ,1.0
KK10_โนนศิลา_บ้านหัน_M8_U6,34,พรรคสร้างอนาคตไทย,1.0
KK10_โนนศิลา_บ้านหัน_M8_U6,35,พรรครักชาติ,1.0
KK10_โนนศิลา_บ้านหัน_M8_U6,36,พรรคไทยพร้อม,1.0
KK10_โนนศิลา_บ้านหัน_M8_U6,37,พรรคภูมิใจไทย,42.0
KK10_โนนศิลา_บ้านหัน_M8_U6,38,พรรคพลังธรรมใหม่,5.0
KK10_โนนศิลา_บ้านหัน_M8_U6,39,พรรคกรีน,0.0
KK10_โนนศิลา_บ้านหัน_M8_U6,40,พรรคไทยธรรม,0.0
KK10_โนนศิลา_บ้านหัน_M8_U6,41,พรรคแผ่นดินธรรม,0.0
KK10_โนนศิลา_บ้านหัน_M8_U6,42,พรรคกล้าธรรม,1.0
KK10_โนนศิลา_บ้านหัน_M8_U6,43,พรรคพลังประชารัฐ,2.0
KK10_โนนศิลา_บ้านหัน_M8_U6,44,พรรคโอกาสใหม่,0.0
KK10_โนนศิลา_บ้านหัน_M8_U6,45,พรรคเป็นธรรม,0.0
KK10_โนนศิลา_บ้านหัน_M8_U6,46,พรรคประชาชน,42.0
KK10_โนนศิลา_บ้านหัน_M8_U6,47,พรรคประชาไทย,0.0
KK10_โนนศิลา_บ้านหัน_M8_U6,48,พรรคไทยสร้างไทย,1.0
KK10_โนนศิลา_บ้านหัน_M8_U6,49,พรรคไทยก้าวใหม่,0.0
KK10_โนนศิลา_บ้านหัน_M8_U6,50,พรรคอาสาสมัครประชาชนไทย,0.0
KK10_โนนศิลา_บ้านหัน_M8_U6,51,พรรคพร้อม,1.0
KK10_โนนศิลา_บ้านหัน_M8_U6,52,พรรคเครือข่ายชาวนาแห่งประเทศไทย,0.0
KK10_โนนศิลา_บ้านหัน_M8_U6,53,พรรคไทยพิทักษ์ธรรม,0.0
KK10_โนนศิลา_บ้านหัน_M8_U6,54,พรรคความหวังใหม่,0.0
KK10_โนนศิลา_บ้านหัน_M8_U6,55,พรรคไทยรวมไทย,0.0
KK10_โนนศิลา_บ้านหัน_M8_U6,56,พรรคเพื่อชาติ,0.0
KK10_โนนศิลา_บ้านหัน_M8_U6,57,พรรคพลังไทยรักชาติ,1.0
KK10_โนนศิลา_บ้านหัน_M9_U7,1,พรรคไทยทรัพย์ทวี,8.0
KK10_โนนศิลา_บ้านหัน_M9_U7,2,พรรคเพื่อชาติไทย,11.0
KK10_โนนศิลา_บ้านหัน_M9_U7,3,พรรคใหม่,3.0
KK10_โนนศิลา_บ้านหัน_M9_U7,5,พรรครวมใจไทย,17.0
KK10_โนนศิลา_บ้านหัน_M9_U7,6,พรรครวมไทยสร้างชาติ,1.0
KK10_โนนศิลา_บ้านหัน_M9_U7,8,พรรคประชาธิปไตยใหม่,2.0
KK10_โนนศิลา_บ้านหัน_M9_U7,9,พรรคเพื่อไทย,119.0
KK10_โนนศิลา_บ้านหัน_M9_U7,10,พรรคทางเลือกใหม่,1.0
KK10_โนนศิลา_บ้านหัน_M9_U7,11,พรรคเศรษฐกิจ,8.0
KK10_โนนศิลา_บ้านหัน_M9_U7,12,พรรคเสรีรวมไทย,1.0
KK10_โนนศิลา_บ้านหัน_M9_U7,13,พรรครวมพลังประชาชน,3.0
KK10_โนนศิลา_บ้านหัน_M9_U7,14,พรรคท้องที่ไทย,1.0
KK10_โนนศิลา_บ้านหัน_M9_U7,20,พรรคฟิวชัน,1.0
KK10_โนนศิลา_บ้านหัน_M9_U7,23,พรรคปวงชนไทย,1.0
KK10_โนนศิลา_บ้านหัน_M9_U7,24,พรรควิชชั่นใหม่,1.0
KK10_โนนศิลา_บ้านหัน_M9_U7,27,พรรคประชาธิปัตย์,4.0
KK10_โนนศิลา_บ้านหัน_M9_U7,32,พรรคครูไทยเพื่อประชาชน,2.0
KK10_โนนศิลา_บ้านหัน_M9_U7,35,พรรครักชาติ,2.0
KK10_โนนศิลา_บ้านหัน_M9_U7,37,พรรคภูมิใจไทย,75.0
KK10_โนนศิลา_บ้านหัน_M9_U7,38,พรรคพลังธรรมใหม่,2.0
KK10_โนนศิลา_บ้านหัน_M9_U7,39,พรรคกรีน,1.0
KK10_โนนศิลา_บ้านหัน_M9_U7,43,พรรคพลังประชารัฐ,1.0
KK10_โนนศิลา_บ้านหัน_M9_U7,46,พรรคประชาชน,41.0
KK10_โนนศิลา_บ้านหัน_M10_U8,1,พรรคไทยทรัพย์ทวี,7.0
KK10_โนนศิลา_บ้านหัน_M10_U8,2,พรรคเพื่อชาติไทย,5.0
KK10_โนนศิลา_บ้านหัน_M10_U8,3,พรรคใหม่,1.0
KK10_โนนศิลา_บ้านหัน_M10_U8,4,พรรคมิติใหม่,1.0
KK10_โนนศิลา_บ้านหัน_M10_U8,5,พรรครวมใจไทย,10.0
KK10_โนนศิลา_บ้านหัน_M10_U8,6,พรรครวมไทยสร้างชาติ,1.0
KK10_โนนศิลา_บ้านหัน_M10_U8,8,พรรคประชาธิปไตยใหม่,1.0
KK10_โนนศิลา_บ้านหัน_M10_U8,9,พรรคเพื่อไทย,83.0
KK10_โนนศิลา_บ้านหัน_M10_U8,11,พรรคเศรษฐกิจ,7.0
KK10_โนนศิลา_บ้านหัน_M10_U8,12,พรรคเสรีรวมไทย,1.0
KK10_โนนศิลา_บ้านหัน_M10_U8,16,พรรคพลังเพื่อไทย,3.0
KK10_โนนศิลา_บ้านหัน_M10_U8,23,พรรคปวงชนไทย,1.0
KK10_โนนศิลา_บ้านหัน_M10_U8,26,พรรคคลองไทย,1.0
KK10_โนนศิลา_บ้านหัน_M10_U8,27,พรรคประชาธิปัตย์,12.0
KK10_โนนศิลา_บ้านหัน_M10_U8,30,พรรคแรงงานสร้างชาติ,1.0
KK10_โนนศิลา_บ้านหัน_M10_U8,31,พรรคประชากรไทย,1.0
KK10_โนนศิลา_บ้านหัน_M10_U8,33,พรรคประชาชาติ,1.0
KK10_โนนศิลา_บ้านหัน_M10_U8,34,พรรคสร้างอนาคตไทย,1.0
KK10_โนนศิลา_บ้านหัน_M10_U8,37,พรรคภูมิใจไทย,71.0
KK10_โนนศิลา_บ้านหัน_M10_U8,38,พรรคพลังธรรมใหม่,4.0
KK10_โนนศิลา_บ้านหัน_M10_U8,42,พรรคกล้าธรรม,1.0
KK10_โนนศิลา_บ้านหัน_M10_U8,43,พรรคพลังประชารัฐ,1.0
KK10_โนนศิลา_บ้านหัน_M10_U8,46,พรรคประชาชน,43.0
KK10_โนนศิลา_บ้านหัน_M10_U8,55,พรรคไทยรวมไทย,1.0
KK10_โนนศิลา_บ้านหัน_M11_U9,1,พรรคไทยทรัพย์ทวี,12.0
KK10_โนนศิลา_บ้านหัน_M11_U9,2,พรรคเพื่อชาติไทย,11.0
KK10_โนนศิลา_บ้านหัน_M11_U9,3,พรรคใหม่,0.0
KK10_โนนศิลา_บ้านหัน_M11_U9,4,พรรคมิติใหม่,1.0
KK10_โนนศิลา_บ้านหัน_M11_U9,5,พรรครวมใจไทย,14.0
KK10_โนนศิลา_บ้านหัน_M11_U9,6,พรรครวมไทยสร้างชาติ,2.0
KK10_โนนศิลา_บ้านหัน_M11_U9,7,พรรคพลวัต,0.0
KK10_โนนศิลา_บ้านหัน_M11_U9,8,พรรคประชาธิปไตยใหม่,0.0
KK10_โนนศิลา_บ้านหัน_M11_U9,9,พรรคเพื่อไทย,178.0
KK10_โนนศิลา_บ้านหัน_M11_U9,10,พรรคทางเลือกใหม่,3.0
KK10_โนนศิลา_บ้านหัน_M11_U9,11,พรรคเศรษฐกิจ,10.0
KK10_โนนศิลา_บ้านหัน_M11_U9,12,พรรคเสรีรวมไทย,1.0
KK10_โนนศิลา_บ้านหัน_M11_U9,13,พรรครวมพลังประชาชน,0.0
KK10_โนนศิลา_บ้านหัน_M11_U9,14,พรรคท้องที่ไทย,1.0
KK10_โนนศิลา_บ้านหัน_M11_U9,15,พรรคอนาคตไทย,0.0
KK10_โนนศิลา_บ้านหัน_M11_U9,16,พรรคพลังเพื่อไทย,0.0
KK10_โนนศิลา_บ้านหัน_M11_U9,17,พรรคไทยชนะ,0.0
KK10_โนนศิลา_บ้านหัน_M11_U9,18,พรรคพลังสังคมใหม่,0.0
KK10_โนนศิลา_บ้านหัน_M11_U9,19,พรรคสังคมประชาธิปไตยไทย,0.0
KK10_โนนศิลา_บ้านหัน_M11_U9,20,พรรคฟิวชัน,0.0
KK10_โนนศิลา_บ้านหัน_M11_U9,21,พรรคไทรวมพลัง,0.0
KK10_โนนศิลา_บ้านหัน_M11_U9,22,พรรคก้าวอิสระ,0.0
KK10_โนนศิลา_บ้านหัน_M11_U9,23,พรรคปวงชนไทย,0.0
KK10_โนนศิลา_บ้านหัน_M11_U9,24,พรรควิชชั่นใหม่,0.0
KK10_โนนศิลา_บ้านหัน_M11_U9,25,พรรคเพื่อชีวิตใหม่,0.0
KK10_โนนศิลา_บ้านหัน_M11_U9,26,พรรคคลองไทย,1.0
KK10_โนนศิลา_บ้านหัน_M11_U9,27,พรรคประชาธิปัตย์,12.0
KK10_โนนศิลา_บ้านหัน_M11_U9,28,พรรคไทยก้าวหน้า,0.0
KK10_โนนศิลา_บ้านหัน_M11_U9,29,พรรคไทยภักดี,1.0
KK10_โนนศิลา_บ้านหัน_M11_U9,30,พรรคแรงงานสร้างชาติ,2.0
KK10_โนนศิลา_บ้านหัน_M11_U9,31,พรรคประชากรไทย,3.0
KK10_โนนศิลา_บ้านหัน_M11_U9,32,พรรคครูไทยเพื่อประชาชน,2.0
KK10_โนนศิลา_บ้านหัน_M11_U9,33,พรรคประชาชาติ,0.0
KK10_โนนศิลา_บ้านหัน_M11_U9,34,พรรคสร้างอนาคตไทย,1.0
KK10_โนนศิลา_บ้านหัน_M11_U9,35,พรรครักชาติ,0.0
KK10_โนนศิลา_บ้านหัน_M11_U9,36,พรรคไทยพร้อม,1.0
KK10_โนนศิลา_บ้านหัน_M11_U9,37,พรรคภูมิใจไทย,75.0
KK10_โนนศิลา_บ้านหัน_M11_U9,38,พรรคพลังธรรมใหม่,8.0
KK10_โนนศิลา_บ้านหัน_M11_U9,39,พรรคกรีน,0.0
KK10_โนนศิลา_บ้านหัน_M11_U9,40,พรรคไทยธรรม,0.0
KK10_โนนศิลา_บ้านหัน_M11_U9,41,พรรคแผ่นดินธรรม,0.0
KK10_โนนศิลา_บ้านหัน_M11_U9,42,พรรคกล้าธรรม,0.0
KK10_โนนศิลา_บ้านหัน_M11_U9,43,พรรคพลังประชารัฐ,1.0
KK10_โนนศิลา_บ้านหัน_M11_U9,44,พรรคโอกาสใหม่,0.0
KK10_โนนศิลา_บ้านหัน_M11_U9,45,พรรคเป็นธรรม,0.0
KK10_โนนศิลา_บ้านหัน_M11_U9,46,พรรคประชาชน,82.0
KK10_โนนศิลา_บ้านหัน_M11_U9,47,พรรคประชาไทย,0.0
KK10_โนนศิลา_บ้านหัน_M11_U9,48,พรรคไทยสร้างไทย,1.0
KK10_โนนศิลา_บ้านหัน_M11_U9,49,พรรคไทยก้าวใหม่,0.0
KK10_โนนศิลา_บ้านหัน_M11_U9,50,พรรคอาสาสมัครประชาชนไทย,0.0
KK10_โนนศิลา_บ้านหัน_M11_U9,51,พรรคพร้อม,0.0
KK10_โนนศิลา_บ้านหัน_M11_U9,52,พรรคเครือข่ายชาวนาแห่งประเทศไทย,0.0
KK10_โนนศิลา_บ้านหัน_M11_U9,53,พรรคไทยพิทักษ์ธรรม,0.0
KK10_โนนศิลา_บ้านหัน_M11_U9,54,พรรคความหวังใหม่,0.0
KK10_โนนศิลา_บ้านหัน_M11_U9,55,พรรคไทยรวมไทย,0.0
KK10_โนนศิลา_บ้านหัน_M11_U9,56,พรรคเพื่อชาติ,0.0
KK10_โนนศิลา_บ้านหัน_M11_U9,57,พรรคพลังไทยรักชาติ,0.0
KK10_โนนศิลา_หนองปลาหมอ_M1_U1,1,พรรคไทยทรัพย์ทวี,7.0
KK10_โนนศิลา_หนองปลาหมอ_M1_U1,2,พรรคเพื่อชาติไทย,4.0
KK10_โนนศิลา_หนองปลาหมอ_M1_U1,5,พรรครวมใจไทย,10.0
KK10_โนนศิลา_หนองปลาหมอ_M1_U1,6,พรรครวมไทยสร้างชาติ,3.0
KK10_โนนศิลา_หนองปลาหมอ_M1_U1,7,พรรคพลวัต,1.0
KK10_โนนศิลา_หนองปลาหมอ_M1_U1,8,พรรคประชาธิปไตยใหม่,1.0
KK10_โนนศิลา_หนองปลาหมอ_M1_U1,9,พรรคเพื่อไทย,128.0
KK10_โนนศิลา_หนองปลาหมอ_M1_U1,11,พรรคเศรษฐกิจ,8.0
KK10_โนนศิลา_หนองปลาหมอ_M1_U1,12,พรรคเสรีรวมไทย,2.0
KK10_โนนศิลา_หนองปลาหมอ_M1_U1,27,พรรคประชาธิปัตย์,3.0
KK10_โนนศิลา_หนองปลาหมอ_M1_U1,28,พรรคไทยก้าวหน้า,1.0
KK10_โนนศิลา_หนองปลาหมอ_M1_U1,34,พรรคสร้างอนาคตไทย,1.0
KK10_โนนศิลา_หนองปลาหมอ_M1_U1,37,พรรคภูมิใจไทย,56.0
KK10_โนนศิลา_หนองปลาหมอ_M1_U1,38,พรรคพลังธรรมใหม่,1.0
KK10_โนนศิลา_หนองปลาหมอ_M1_U1,46,พรรคประชาชน,31.0
KK10_โนนศิลา_หนองปลาหมอ_M1_U1,48,พรรคไทยสร้างไทย,1.0
KK10_โนนศิลา_หนองปลาหมอ_M2_U2,1,พรรคไทยทรัพย์ทวี,8.0
KK10_โนนศิลา_หนองปลาหมอ_M2_U2,2,พรรคเพื่อชาติไทย,3.0
KK10_โนนศิลา_หนองปลาหมอ_M2_U2,5,พรรครวมใจไทย,4.0
KK10_โนนศิลา_หนองปลาหมอ_M2_U2,6,พรรครวมไทยสร้างชาติ,1.0
KK10_โนนศิลา_หนองปลาหมอ_M2_U2,8,พรรคประชาธิปไตยใหม่,1.0
KK10_โนนศิลา_หนองปลาหมอ_M2_U2,9,พรรคเพื่อไทย,78.0
KK10_โนนศิลา_หนองปลาหมอ_M2_U2,10,พรรคทางเลือกใหม่,1.0
KK10_โนนศิลา_หนองปลาหมอ_M2_U2,11,พรรคเศรษฐกิจ,1.0
KK10_โนนศิลา_หนองปลาหมอ_M2_U2,13,พรรครวมพลังประชาชน,2.0
KK10_โนนศิลา_หนองปลาหมอ_M2_U2,25,พรรคเพื่อชีวิตใหม่,1.0
KK10_โนนศิลา_หนองปลาหมอ_M2_U2,27,พรรคประชาธิปัตย์,2.0
KK10_โนนศิลา_หนองปลาหมอ_M2_U2,35,พรรครักชาติ,1.0
KK10_โนนศิลา_หนองปลาหมอ_M2_U2,37,พรรคภูมิใจไทย,20.0
KK10_โนนศิลา_หนองปลาหมอ_M2_U2,46,พรรคประชาชน,25.0
KK10_โนนศิลา_หนองปลาหมอ_M3_U3,1,พรรคไทยทรัพย์ทวี,9.0
KK10_โนนศิลา_หนองปลาหมอ_M3_U3,2,พรรคเพื่อชาติไทย,2.0
KK10_โนนศิลา_หนองปลาหมอ_M3_U3,4,พรรคมิติใหม่,1.0
KK10_โนนศิลา_หนองปลาหมอ_M3_U3,5,พรรครวมใจไทย,6.0
KK10_โนนศิลา_หนองปลาหมอ_M3_U3,8,พรรคประชาธิปไตยใหม่,1.0
KK10_โนนศิลา_หนองปลาหมอ_M3_U3,9,พรรคเพื่อไทย,124.0
KK10_โนนศิลา_หนองปลาหมอ_M3_U3,11,พรรคเศรษฐกิจ,3.0
KK10_โนนศิลา_หนองปลาหมอ_M3_U3,16,พรรคพลังเพื่อไทย,2.0
KK10_โนนศิลา_หนองปลาหมอ_M3_U3,27,พรรคประชาธิปัตย์,1.0
KK10_โนนศิลา_หนองปลาหมอ_M3_U3,30,พรรคแรงงานสร้างชาติ,1.0
KK10_โนนศิลา_หนองปลาหมอ_M3_U3,31,พรรคประชากรไทย,1.0
KK10_โนนศิลา_หนองปลาหมอ_M3_U3,32,พรรคครูไทยเพื่อประชาชน,1.0
KK10_โนนศิลา_หนองปลาหมอ_M3_U3,34,พรรคสร้างอนาคตไทย,2.0
KK10_โนนศิลา_หนองปลาหมอ_M3_U3,37,พรรคภูมิใจไทย,39.0
KK10_โนนศิลา_หนองปลาหมอ_M3_U3,38,พรรคพลังธรรมใหม่,3.0
KK10_โนนศิลา_หนองปลาหมอ_M3_U3,46,พรรคประชาชน,47.0
KK10_โนนศิลา_หนองปลาหมอ_M4_U4,1,พรรคไทยทรัพย์ทวี,11.0
KK10_โนนศิลา_หนองปลาหมอ_M4_U4,2,พรรคเพื่อชาติไทย,3.0
KK10_โนนศิลา_หนองปลาหมอ_M4_U4,3,พรรคใหม่,3.0
KK10_โนนศิลา_หนองปลาหมอ_M4_U4,5,พรรครวมใจไทย,12.0
KK10_โนนศิลา_หนองปลาหมอ_M4_U4,8,พรรคประชาธิปไตยใหม่,3.0
KK10_โนนศิลา_หนองปลาหมอ_M4_U4,9,พรรคเพื่อไทย,80.0
KK10_โนนศิลา_หนองปลาหมอ_M4_U4,11,พรรคเศรษฐกิจ,3.0
KK10_โนนศิลา_หนองปลาหมอ_M4_U4,13,พรรครวมพลังประชาชน,2.0
KK10_โนนศิลา_หนองปลาหมอ_M4_U4,27,พรรคประชาธิปัตย์,5.0
KK10_โนนศิลา_หนองปลาหมอ_M4_U4,30,พรรคแรงงานสร้างชาติ,1.0
KK10_โนนศิลา_หนองปลาหมอ_M4_U4,31,พรรคประชากรไทย,1.0
KK10_โนนศิลา_หนองปลาหมอ_M4_U4,32,พรรคครูไทยเพื่อประชาชน,1.0
KK10_โนนศิลา_หนองปลาหมอ_M4_U4,33,พรรคประชาชาติ,1.0
KK10_โนนศิลา_หนองปลาหมอ_M4_U4,34,พรรคสร้างอนาคตไทย,1.0
KK10_โนนศิลา_หนองปลาหมอ_M4_U4,37,พรรคภูมิใจไทย,28.0
KK10_โนนศิลา_หนองปลาหมอ_M4_U4,38,พรรคพลังธรรมใหม่,1.0
KK10_โนนศิลา_หนองปลาหมอ_M4_U4,46,พรรคประชาชน,47.0
KK10_โนนศิลา_หนองปลาหมอ_M4_U4,47,พรรคประชาไทย,1.0
KK10_โนนศิลา_หนองปลาหมอ_M4_U4,48,พรรคไทยสร้างไทย,1.0
KK10_โนนศิลา_หนองปลาหมอ_M5_U5,1,พรรคไทยทรัพย์ทวี,11.0
KK10_โนนศิลา_หนองปลาหมอ_M5_U5,2,พรรคเพื่อชาติไทย,4.0
KK10_โนนศิลา_หนองปลาหมอ_M5_U5,3,พรรคใหม่,4.0
KK10_โนนศิลา_หนองปลาหมอ_M5_U5,5,พรรครวมใจไทย,11.0
KK10_โนนศิลา_หนองปลาหมอ_M5_U5,6,พรรครวมไทยสร้างชาติ,2.0
KK10_โนนศิลา_หนองปลาหมอ_M5_U5,8,พรรคประชาธิปไตยใหม่,1.0
KK10_โนนศิลา_หนองปลาหมอ_M5_U5,9,พรรคเพื่อไทย,192.0
KK10_โนนศิลา_หนองปลาหมอ_M5_U5,10,พรรคทางเลือกใหม่,2.0
KK10_โนนศิลา_หนองปลาหมอ_M5_U5,11,พรรคเศรษฐกิจ,5.0
KK10_โนนศิลา_หนองปลาหมอ_M5_U5,13,พรรครวมพลังประชาชน,3.0
KK10_โนนศิลา_หนองปลาหมอ_M5_U5,24,พรรควิชชั่นใหม่,1.0
KK10_โนนศิลา_หนองปลาหมอ_M5_U5,27,พรรคประชาธิปัตย์,5.0
KK10_โนนศิลา_หนองปลาหมอ_M5_U5,29,พรรคไทยภักดี,1.0
KK10_โนนศิลา_หนองปลาหมอ_M5_U5,34,พรรคสร้างอนาคตไทย,1.0
KK10_โนนศิลา_หนองปลาหมอ_M5_U5,35,พรรครักชาติ,2.0
KK10_โนนศิลา_หนองปลาหมอ_M5_U5,36,พรรคไทยพร้อม,2.0
KK10_โนนศิลา_หนองปลาหมอ_M5_U5,37,พรรคภูมิใจไทย,57.0
KK10_โนนศิลา_หนองปลาหมอ_M5_U5,38,พรรคพลังธรรมใหม่,3.0
KK10_โนนศิลา_หนองปลาหมอ_M5_U5,43,พรรคพลังประชารัฐ,1.0
KK10_โนนศิลา_หนองปลาหมอ_M5_U5,46,พรรคประชาชน,55.0
KK10_โนนศิลา_หนองปลาหมอ_M5_U5,48,พรรคไทยสร้างไทย,2.0
KK10_โนนศิลา_หนองปลาหมอ_M5_U5,56,พรรคเพื่อชาติ,1.0
KK10_โนนศิลา_หนองปลาหมอ_M6_U6,1,พรรคไทยทรัพย์ทวี,4.0
KK10_โนนศิลา_หนองปลาหมอ_M6_U6,2,พรรคเพื่อชาติไทย,6.0
KK10_โนนศิลา_หนองปลาหมอ_M6_U6,3,พรรคใหม่,1.0
KK10_โนนศิลา_หนองปลาหมอ_M6_U6,4,พรรคมิติใหม่,1.0
KK10_โนนศิลา_หนองปลาหมอ_M6_U6,5,พรรครวมใจไทย,12.0
KK10_โนนศิลา_หนองปลาหมอ_M6_U6,6,พรรครวมไทยสร้างชาติ,2.0
KK10_โนนศิลา_หนองปลาหมอ_M6_U6,8,พรรคประชาธิปไตยใหม่,1.0
KK10_โนนศิลา_หนองปลาหมอ_M6_U6,9,พรรคเพื่อไทย,135.0
KK10_โนนศิลา_หนองปลาหมอ_M6_U6,10,พรรคทางเลือกใหม่,2.0
KK10_โนนศิลา_หนองปลาหมอ_M6_U6,11,พรรคเศรษฐกิจ,12.0
KK10_โนนศิลา_หนองปลาหมอ_M6_U6,12,พรรคเสรีรวมไทย,1.0
KK10_โนนศิลา_หนองปลาหมอ_M6_U6,13,พรรครวมพลังประชาชน,3.0
KK10_โนนศิลา_หนองปลาหมอ_M6_U6,25,พรรคเพื่อชีวิตใหม่,1.0
KK10_โนนศิลา_หนองปลาหมอ_M6_U6,27,พรรคประชาธิปัตย์,6.0
KK10_โนนศิลา_หนองปลาหมอ_M6_U6,29,พรรคไทยภักดี,1.0
KK10_โนนศิลา_หนองปลาหมอ_M6_U6,30,พรรคแรงงานสร้างชาติ,1.0
KK10_โนนศิลา_หนองปลาหมอ_M6_U6,34,พรรคสร้างอนาคตไทย,1.0
KK10_โนนศิลา_หนองปลาหมอ_M6_U6,35,พรรครักชาติ,1.0
KK10_โนนศิลา_หนองปลาหมอ_M6_U6,37,พรรคภูมิใจไทย,75.0
KK10_โนนศิลา_หนองปลาหมอ_M6_U6,38,พรรคพลังธรรมใหม่,1.0
KK10_โนนศิลา_หนองปลาหมอ_M6_U6,39,พรรคกรีน,1.0
KK10_โนนศิลา_หนองปลาหมอ_M6_U6,44,พรรคโอกาสใหม่,1.0
KK10_โนนศิลา_หนองปลาหมอ_M6_U6,46,พรรคประชาชน,52.0
KK10_โนนศิลา_หนองปลาหมอ_M6_U6,47,พรรคประชาไทย,1.0
KK10_โนนศิลา_หนองปลาหมอ_M6_U6,49,พรรคไทยก้าวใหม่,2.0
KK10_โนนศิลา_หนองปลาหมอ_M6_U6,51,พรรคพร้อม,1.0
KK10_โนนศิลา_หนองปลาหมอ_M7_U7,1,พรรคไทยทรัพย์ทวี,8.0
KK10_โนนศิลา_หนองปลาหมอ_M7_U7,2,พรรคเพื่อชาติไทย,9.0
KK10_โนนศิลา_หนองปลาหมอ_M7_U7,3,พรรคใหม่,1.0
KK10_โนนศิลา_หนองปลาหมอ_M7_U7,5,พรรครวมใจไทย,5.0
KK10_โนนศิลา_หนองปลาหมอ_M7_U7,6,พรรครวมไทยสร้างชาติ,2.0
KK10_โนนศิลา_หนองปลาหมอ_M7_U7,8,พรรคประชาธิปไตยใหม่,1.0
KK10_โนนศิลา_หนองปลาหมอ_M7_U7,9,พรรคเพื่อไทย,115.0
KK10_โนนศิลา_หนองปลาหมอ_M7_U7,11,พรรคเศรษฐกิจ,9.0
KK10_โนนศิลา_หนองปลาหมอ_M7_U7,12,พรรคเสรีรวมไทย,2.0
KK10_โนนศิลา_หนองปลาหมอ_M7_U7,16,พรรคพลังเพื่อไทย,1.0
KK10_โนนศิลา_หนองปลาหมอ_M7_U7,27,พรรคประชาธิปัตย์,3.0
KK10_โนนศิลา_หนองปลาหมอ_M7_U7,31,พรรคประชากรไทย,1.0
KK10_โนนศิลา_หนองปลาหมอ_M7_U7,35,พรรครักชาติ,1.0
KK10_โนนศิลา_หนองปลาหมอ_M7_U7,36,พรรคไทยพร้อม,1.0
KK10_โนนศิลา_หนองปลาหมอ_M7_U7,37,พรรคภูมิใจไทย,46.0
KK10_โนนศิลา_หนองปลาหมอ_M7_U7,38,พรรคพลังธรรมใหม่,2.0
KK10_โนนศิลา_หนองปลาหมอ_M7_U7,46,พรรคประชาชน,46.0
KK10_โนนศิลา_หนองปลาหมอ_M8_U8,1,พรรคไทยทรัพย์ทวี,8.0
KK10_โนนศิลา_หนองปลาหมอ_M8_U8,2,พรรคเพื่อชาติไทย,7.0
KK10_โนนศิลา_หนองปลาหมอ_M8_U8,5,พรรครวมใจไทย,8.0
KK10_โนนศิลา_หนองปลาหมอ_M8_U8,6,พรรครวมไทยสร้างชาติ,3.0
KK10_โนนศิลา_หนองปลาหมอ_M8_U8,8,พรรคประชาธิปไตยใหม่,1.0
KK10_โนนศิลา_หนองปลาหมอ_M8_U8,9,พรรคเพื่อไทย,149.0
KK10_โนนศิลา_หนองปลาหมอ_M8_U8,11,พรรคเศรษฐกิจ,7.0
KK10_โนนศิลา_หนองปลาหมอ_M8_U8,12,พรรคเสรีรวมไทย,1.0
KK10_โนนศิลา_หนองปลาหมอ_M8_U8,13,พรรครวมพลังประชาชน,1.0
KK10_โนนศิลา_หนองปลาหมอ_M8_U8,17,พรรคไทยชนะ,1.0
KK10_โนนศิลา_หนองปลาหมอ_M8_U8,19,พรรคสังคมประชาธิปไตยไทย,2.0
KK10_โนนศิลา_หนองปลาหมอ_M8_U8,27,พรรคประชาธิปัตย์,11.0
KK10_โนนศิลา_หนองปลาหมอ_M8_U8,28,พรรคไทยก้าวหน้า,1.0
KK10_โนนศิลา_หนองปลาหมอ_M8_U8,29,พรรคไทยภักดี,1.0
KK10_โนนศิลา_หนองปลาหมอ_M8_U8,34,พรรคสร้างอนาคตไทย,2.0
KK10_โนนศิลา_หนองปลาหมอ_M8_U8,37,พรรคภูมิใจไทย,41.0
KK10_โนนศิลา_หนองปลาหมอ_M8_U8,38,พรรคพลังธรรมใหม่,3.0
KK10_โนนศิลา_หนองปลาหมอ_M8_U8,43,พรรคพลังประชารัฐ,2.0
KK10_โนนศิลา_หนองปลาหมอ_M8_U8,46,พรรคประชาชน,51.0
KK10_โนนศิลา_หนองปลาหมอ_M8_U8,48,พรรคไทยสร้างไทย,1.0
KK10_โนนศิลา_เปือยใหญ่_M1_U1,1,พรรคไทยทรัพย์ทวี,5.0
KK10_โนนศิลา_เปือยใหญ่_M1_U1,2,พรรคเพื่อชาติไทย,4.0
KK10_โนนศิลา_เปือยใหญ่_M1_U1,5,พรรครวมใจไทย,13.0
KK10_โนนศิลา_เปือยใหญ่_M1_U1,6,พรรครวมไทยสร้างชาติ,2.0
KK10_โนนศิลา_เปือยใหญ่_M1_U1,8,พรรคประชาธิปไตยใหม่,2.0
KK10_โนนศิลา_เปือยใหญ่_M1_U1,9,พรรคเพื่อไทย,106.0
KK10_โนนศิลา_เปือยใหญ่_M1_U1,10,พรรคทางเลือกใหม่,1.0
KK10_โนนศิลา_เปือยใหญ่_M1_U1,11,พรรคเศรษฐกิจ,4.0
KK10_โนนศิลา_เปือยใหญ่_M1_U1,13,พรรครวมพลังประชาชน,4.0
KK10_โนนศิลา_เปือยใหญ่_M1_U1,16,พรรคพลังเพื่อไทย,2.0
KK10_โนนศิลา_เปือยใหญ่_M1_U1,17,พรรคไทยชนะ,1.0
KK10_โนนศิลา_เปือยใหญ่_M1_U1,19,พรรคสังคมประชาธิปไตยไทย,1.0
KK10_โนนศิลา_เปือยใหญ่_M1_U1,21,พรรคไทรวมพลัง,1.0
KK10_โนนศิลา_เปือยใหญ่_M1_U1,27,พรรคประชาธิปัตย์,17.0
KK10_โนนศิลา_เปือยใหญ่_M1_U1,29,พรรคไทยภักดี,1.0
KK10_โนนศิลา_เปือยใหญ่_M1_U1,31,พรรคประชากรไทย,1.0
KK10_โนนศิลา_เปือยใหญ่_M1_U1,34,พรรคสร้างอนาคตไทย,3.0
KK10_โนนศิลา_เปือยใหญ่_M1_U1,35,พรรครักชาติ,2.0
KK10_โนนศิลา_เปือยใหญ่_M1_U1,36,พรรคไทยพร้อม,2.0
KK10_โนนศิลา_เปือยใหญ่_M1_U1,37,พรรคภูมิใจไทย,65.0
KK10_โนนศิลา_เปือยใหญ่_M1_U1,42,พรรคกล้าธรรม,1.0
KK10_โนนศิลา_เปือยใหญ่_M1_U1,46,พรรคประชาชน,54.0
KK10_โนนศิลา_เปือยใหญ่_M2_U2,1,พรรคไทยทรัพย์ทวี,6.0
KK10_โนนศิลา_เปือยใหญ่_M2_U2,2,พรรคเพื่อชาติไทย,4.0
KK10_โนนศิลา_เปือยใหญ่_M2_U2,5,พรรครวมใจไทย,14.0
KK10_โนนศิลา_เปือยใหญ่_M2_U2,6,พรรครวมไทยสร้างชาติ,3.0
KK10_โนนศิลา_เปือยใหญ่_M2_U2,7,พรรคพลวัต,1.0
KK10_โนนศิลา_เปือยใหญ่_M2_U2,8,พรรคประชาธิปไตยใหม่,1.0
KK10_โนนศิลา_เปือยใหญ่_M2_U2,9,พรรคเพื่อไทย,61.0
KK10_โนนศิลา_เปือยใหญ่_M2_U2,11,พรรคเศรษฐกิจ,1.0
KK10_โนนศิลา_เปือยใหญ่_M2_U2,12,พรรคเสรีรวมไทย,1.0
KK10_โนนศิลา_เปือยใหญ่_M2_U2,13,พรรครวมพลังประชาชน,1.0
KK10_โนนศิลา_เปือยใหญ่_M2_U2,16,พรรคพลังเพื่อไทย,1.0
KK10_โนนศิลา_เปือยใหญ่_M2_U2,26,พรรคคลองไทย,1.0
KK10_โนนศิลา_เปือยใหญ่_M2_U2,27,พรรคประชาธิปัตย์,15.0
KK10_โนนศิลา_เปือยใหญ่_M2_U2,29,พรรคไทยภักดี,1.0
KK10_โนนศิลา_เปือยใหญ่_M2_U2,32,พรรคครูไทยเพื่อประชาชน,1.0
KK10_โนนศิลา_เปือยใหญ่_M2_U2,33,พรรคประชาชาติ,1.0
KK10_โนนศิลา_เปือยใหญ่_M2_U2,35,พรรครักชาติ,1.0
KK10_โนนศิลา_เปือยใหญ่_M2_U2,36,พรรคไทยพร้อม,1.0
KK10_โนนศิลา_เปือยใหญ่_M2_U2,37,พรรคภูมิใจไทย,56.0
KK10_โนนศิลา_เปือยใหญ่_M2_U2,38,พรรคพลังธรรมใหม่,1.0
KK10_โนนศิลา_เปือยใหญ่_M2_U2,45,พรรคเป็นธรรม,1.0
KK10_โนนศิลา_เปือยใหญ่_M2_U2,46,พรรคประชาชน,22.0
KK10_โนนศิลา_เปือยใหญ่_M2_U2,48,พรรคไทยสร้างไทย,1.0
KK10_โนนศิลา_เปือยใหญ่_M2_U2,49,พรรคไทยก้าวใหม่,1.0
KK10_โนนศิลา_เปือยใหญ่_M3_U3,1,พรรคไทยทรัพย์ทวี,1.0
KK10_โนนศิลา_เปือยใหญ่_M3_U3,2,พรรคเพื่อชาติไทย,3.0
KK10_โนนศิลา_เปือยใหญ่_M3_U3,5,พรรครวมใจไทย,8.0
KK10_โนนศิลา_เปือยใหญ่_M3_U3,6,พรรครวมไทยสร้างชาติ,2.0
KK10_โนนศิลา_เปือยใหญ่_M3_U3,8,พรรคประชาธิปไตยใหม่,1.0
KK10_โนนศิลา_เปือยใหญ่_M3_U3,9,พรรคเพื่อไทย,54.0
KK10_โนนศิลา_เปือยใหญ่_M3_U3,16,พรรคพลังเพื่อไทย,1.0
KK10_โนนศิลา_เปือยใหญ่_M3_U3,29,พรรคไทยภักดี,1.0
KK10_โนนศิลา_เปือยใหญ่_M3_U3,33,พรรคประชาชาติ,1.0
KK10_โนนศิลา_เปือยใหญ่_M3_U3,34,พรรคสร้างอนาคตไทย,1.0
KK10_โนนศิลา_เปือยใหญ่_M3_U3,37,พรรคภูมิใจไทย,26.0
KK10_โนนศิลา_เปือยใหญ่_M3_U3,38,พรรคพลังธรรมใหม่,3.0
KK10_โนนศิลา_เปือยใหญ่_M3_U3,39,พรรคกรีน,1.0
KK10_โนนศิลา_เปือยใหญ่_M3_U3,46,พรรคประชาชน,33.0
KK10_โนนศิลา_เปือยใหญ่_M3_U3,47,พรรคประชาไทย,1.0
KK10_โนนศิลา_เปือยใหญ่_M3_U3,48,พรรคไทยสร้างไทย,2.0
KK10_โนนศิลา_เปือยใหญ่_M4_U4,1,พรรคไทยทรัพย์ทวี,1.0
KK10_โนนศิลา_เปือยใหญ่_M4_U4,2,พรรคเพื่อชาติไทย,2.0
KK10_โนนศิลา_เปือยใหญ่_M4_U4,5,พรรครวมใจไทย,1.0
KK10_โนนศิลา_เปือยใหญ่_M4_U4,9,พรรคเพื่อไทย,38.0
KK10_โนนศิลา_เปือยใหญ่_M4_U4,17,พรรคไทยชนะ,2.0
KK10_โนนศิลา_เปือยใหญ่_M4_U4,27,พรรคประชาธิปัตย์,1.0
KK10_โนนศิลา_เปือยใหญ่_M4_U4,34,พรรคสร้างอนาคตไทย,2.0
KK10_โนนศิลา_เปือยใหญ่_M4_U4,37,พรรคภูมิใจไทย,18.0
KK10_โนนศิลา_เปือยใหญ่_M4_U4,45,พรรคเป็นธรรม,6.0
KK10_โนนศิลา_เปือยใหญ่_M4_U4,46,พรรคประชาชน,3.0
KK10_โนนศิลา_เปือยใหญ่_M4_U4,48,พรรคไทยสร้างไทย,1.0
KK10_โนนศิลา_เปือยใหญ่_M5_U5,1,พรรคไทยทรัพย์ทวี,8.0
KK10_โนนศิลา_เปือยใหญ่_M5_U5,2,พรรคเพื่อชาติไทย,4.0
KK10_โนนศิลา_เปือยใหญ่_M5_U5,3,พรรคใหม่,1.0
KK10_โนนศิลา_เปือยใหญ่_M5_U5,5,พรรครวมใจไทย,11.0
KK10_โนนศิลา_เปือยใหญ่_M5_U5,6,พรรครวมไทยสร้างชาติ,5.0
KK10_โนนศิลา_เปือยใหญ่_M5_U5,8,พรรคประชาธิปไตยใหม่,3.0
KK10_โนนศิลา_เปือยใหญ่_M5_U5,9,พรรคเพื่อไทย,139.0
KK10_โนนศิลา_เปือยใหญ่_M5_U5,11,พรรคเศรษฐกิจ,15.0
KK10_โนนศิลา_เปือยใหญ่_M5_U5,12,พรรคเสรีรวมไทย,3.0
KK10_โนนศิลา_เปือยใหญ่_M5_U5,13,พรรครวมพลังประชาชน,2.0
KK10_โนนศิลา_เปือยใหญ่_M5_U5,27,พรรคประชาธิปัตย์,5.0
KK10_โนนศิลา_เปือยใหญ่_M5_U5,30,พรรคแรงงานสร้างชาติ,3.0
KK10_โนนศิลา_เปือยใหญ่_M5_U5,34,พรรคสร้างอนาคตไทย,1.0
KK10_โนนศิลา_เปือยใหญ่_M5_U5,37,พรรคภูมิใจไทย,53.0
KK10_โนนศิลา_เปือยใหญ่_M5_U5,39,พรรคกรีน,1.0
KK10_โนนศิลา_เปือยใหญ่_M5_U5,40,พรรคไทยธรรม,1.0
KK10_โนนศิลา_เปือยใหญ่_M5_U5,46,พรรคประชาชน,53.0
KK10_โนนศิลา_เปือยใหญ่_M5_U5,48,พรรคไทยสร้างไทย,3.0
KK10_โนนศิลา_เปือยใหญ่_M5_U5,57,พรรคพลังไทยรักชาติ,1.0
KK10_โนนศิลา_เปือยใหญ่_M6_U6,1,พรรคไทยทรัพย์ทวี,6.0
KK10_โนนศิลา_เปือยใหญ่_M6_U6,2,พรรคเพื่อชาติไทย,2.0
KK10_โนนศิลา_เปือยใหญ่_M6_U6,3,พรรคใหม่,2.0
KK10_โนนศิลา_เปือยใหญ่_M6_U6,4,พรรคมิติใหม่,2.0
KK10_โนนศิลา_เปือยใหญ่_M6_U6,5,พรรครวมใจไทย,18.0
KK10_โนนศิลา_เปือยใหญ่_M6_U6,7,พรรคพลวัต,1.0
KK10_โนนศิลา_เปือยใหญ่_M6_U6,9,พรรคเพื่อไทย,131.0
KK10_โนนศิลา_เปือยใหญ่_M6_U6,11,พรรคเศรษฐกิจ,11.0
KK10_โนนศิลา_เปือยใหญ่_M6_U6,12,พรรคเสรีรวมไทย,4.0
KK10_โนนศิลา_เปือยใหญ่_M6_U6,15,พรรคอนาคตไทย,1.0
KK10_โนนศิลา_เปือยใหญ่_M6_U6,17,พรรคไทยชนะ,1.0
KK10_โนนศิลา_เปือยใหญ่_M6_U6,27,พรรคประชาธิปัตย์,1.0
KK10_โนนศิลา_เปือยใหญ่_M6_U6,30,พรรคแรงงานสร้างชาติ,1.0
KK10_โนนศิลา_เปือยใหญ่_M6_U6,37,พรรคภูมิใจไทย,32.0
KK10_โนนศิลา_เปือยใหญ่_M6_U6,38,พรรคพลังธรรมใหม่,1.0
KK10_โนนศิลา_เปือยใหญ่_M6_U6,39,พรรคกรีน,1.0
KK10_โนนศิลา_เปือยใหญ่_M6_U6,40,พรรคไทยธรรม,1.0
KK10_โนนศิลา_เปือยใหญ่_M6_U6,41,พรรคแผ่นดินธรรม,1.0
KK10_โนนศิลา_เปือยใหญ่_M6_U6,46,พรรคประชาชน,51.0
KK10_โนนศิลา_เปือยใหญ่_M7_U7,1,พรรคไทยทรัพย์ทวี,2.0
KK10_โนนศิลา_เปือยใหญ่_M7_U7,2,พรรคเพื่อชาติไทย,2.0
KK10_โนนศิลา_เปือยใหญ่_M7_U7,5,พรรครวมใจไทย,8.0
KK10_โนนศิลา_เปือยใหญ่_M7_U7,6,พรรครวมไทยสร้างชาติ,1.0
KK10_โนนศิลา_เปือยใหญ่_M7_U7,9,พรรคเพื่อไทย,67.0
KK10_โนนศิลา_เปือยใหญ่_M7_U7,11,พรรคเศรษฐกิจ,4.0
KK10_โนนศิลา_เปือยใหญ่_M7_U7,13,พรรครวมพลังประชาชน,2.0
KK10_โนนศิลา_เปือยใหญ่_M7_U7,15,พรรคอนาคตไทย,2.0
KK10_โนนศิลา_เปือยใหญ่_M7_U7,16,พรรคพลังเพื่อไทย,1.0
KK10_โนนศิลา_เปือยใหญ่_M7_U7,27,พรรคประชาธิปัตย์,3.0
KK10_โนนศิลา_เปือยใหญ่_M7_U7,28,พรรคไทยก้าวหน้า,2.0
KK10_โนนศิลา_เปือยใหญ่_M7_U7,29,พรรคไทยภักดี,1.0
KK10_โนนศิลา_เปือยใหญ่_M7_U7,30,พรรคแรงงานสร้างชาติ,1.0
KK10_โนนศิลา_เปือยใหญ่_M7_U7,31,พรรคประชากรไทย,2.0
KK10_โนนศิลา_เปือยใหญ่_M7_U7,36,พรรคไทยพร้อม,1.0
KK10_โนนศิลา_เปือยใหญ่_M7_U7,37,พรรคภูมิใจไทย,36.0
KK10_โนนศิลา_เปือยใหญ่_M7_U7,38,พรรคพลังธรรมใหม่,2.0
KK10_โนนศิลา_เปือยใหญ่_M7_U7,41,พรรคแผ่นดินธรรม,1.0
KK10_โนนศิลา_เปือยใหญ่_M7_U7,45,พรรคเป็นธรรม,1.0
KK10_โนนศิลา_เปือยใหญ่_M7_U7,46,พรรคประชาชน,21.0
KK10_โนนศิลา_เปือยใหญ่_M7_U7,51,พรรคพร้อม,1.0
KK10_โนนศิลา_เปือยใหญ่_M8_U8,1,พรรคไทยทรัพย์ทวี,4.0
KK10_โนนศิลา_เปือยใหญ่_M8_U8,2,พรรคเพื่อชาติไทย,0.0
KK10_โนนศิลา_เปือยใหญ่_M8_U8,3,พรรคใหม่,1.0
KK10_โนนศิลา_เปือยใหญ่_M8_U8,4,พรรคมิติใหม่,1.0
KK10_โนนศิลา_เปือยใหญ่_M8_U8,5,พรรครวมใจไทย,9.0
KK10_โนนศิลา_เปือยใหญ่_M8_U8,6,พรรครวมไทยสร้างชาติ,0.0
KK10_โนนศิลา_เปือยใหญ่_M8_U8,7,พรรคพลวัต,0.0
KK10_โนนศิลา_เปือยใหญ่_M8_U8,8,พรรคประชาธิปไตยใหม่,1.0
KK10_โนนศิลา_เปือยใหญ่_M8_U8,9,พรรคเพื่อไทย,52.0
KK10_โนนศิลา_เปือยใหญ่_M8_U8,10,พรรคทางเลือกใหม่,0.0
KK10_โนนศิลา_เปือยใหญ่_M8_U8,11,พรรคเศรษฐกิจ,9.0
KK10_โนนศิลา_เปือยใหญ่_M8_U8,12,พรรคเสรีรวมไทย,0.0
KK10_โนนศิลา_เปือยใหญ่_M8_U8,13,พรรครวมพลังประชาชน,0.0
KK10_โนนศิลา_เปือยใหญ่_M8_U8,14,พรรคท้องที่ไทย,0.0
KK10_โนนศิลา_เปือยใหญ่_M8_U8,15,พรรคอนาคตไทย,0.0
KK10_โนนศิลา_เปือยใหญ่_M8_U8,16,พรรคพลังเพื่อไทย,0.0
KK10_โนนศิลา_เปือยใหญ่_M8_U8,17,พรรคไทยชนะ,0.0
KK10_โนนศิลา_เปือยใหญ่_M8_U8,18,พรรคพลังสังคมใหม่,0.0
KK10_โนนศิลา_เปือยใหญ่_M8_U8,19,พรรคสังคมประชาธิปไตยไทย,1.0
KK10_โนนศิลา_เปือยใหญ่_M8_U8,20,พรรคฟิวชัน,0.0
KK10_โนนศิลา_เปือยใหญ่_M8_U8,21,พรรคไทรวมพลัง,0.0
KK10_โนนศิลา_เปือยใหญ่_M8_U8,22,พรรคก้าวอิสระ,0.0
KK10_โนนศิลา_เปือยใหญ่_M8_U8,23,พรรคปวงชนไทย,0.0
KK10_โนนศิลา_เปือยใหญ่_M8_U8,24,พรรควิชชั่นใหม่,0.0
KK10_โนนศิลา_เปือยใหญ่_M8_U8,25,พรรคเพื่อชีวิตใหม่,0.0
KK10_โนนศิลา_เปือยใหญ่_M8_U8,26,พรรคคลองไทย,0.0
KK10_โนนศิลา_เปือยใหญ่_M8_U8,27,พรรคประชาธิปัตย์,6.0
KK10_โนนศิลา_เปือยใหญ่_M8_U8,28,พรรคไทยก้าวหน้า,0.0
KK10_โนนศิลา_เปือยใหญ่_M8_U8,29,พรรคไทยภักดี,0.0
KK10_โนนศิลา_เปือยใหญ่_M8_U8,30,พรรคแรงงานสร้างชาติ,1.0
KK10_โนนศิลา_เปือยใหญ่_M8_U8,31,พรรคประชากรไทย,1.0
KK10_โนนศิลา_เปือยใหญ่_M8_U8,32,พรรคครูไทยเพื่อประชาชน,0.0
KK10_โนนศิลา_เปือยใหญ่_M8_U8,33,พรรคประชาชาติ,0.0
KK10_โนนศิลา_เปือยใหญ่_M8_U8,34,พรรคสร้างอนาคตไทย,0.0
KK10_โนนศิลา_เปือยใหญ่_M8_U8,35,พรรครักชาติ,1.0
KK10_โนนศิลา_เปือยใหญ่_M8_U8,36,พรรคไทยพร้อม,0.0
KK10_โนนศิลา_เปือยใหญ่_M8_U8,37,พรรคภูมิใจไทย,38.0
KK10_โนนศิลา_เปือยใหญ่_M8_U8,38,พรรคพลังธรรมใหม่,1.0
KK10_โนนศิลา_เปือยใหญ่_M8_U8,39,พรรคกรีน,0.0
KK10_โนนศิลา_เปือยใหญ่_M8_U8,40,พรรคไทยธรรม,1.0
KK10_โนนศิลา_เปือยใหญ่_M8_U8,41,พรรคแผ่นดินธรรม,0.0
KK10_โนนศิลา_เปือยใหญ่_M8_U8,42,พรรคกล้าธรรม,0.0
KK10_โนนศิลา_เปือยใหญ่_M8_U8,43,พรรคพลังประชารัฐ,0.0
KK10_โนนศิลา_เปือยใหญ่_M8_U8,44,พรรคโอกาสใหม่,0.0
KK10_โนนศิลา_เปือยใหญ่_M8_U8,45,พรรคเป็นธรรม,6.0
KK10_โนนศิลา_เปือยใหญ่_M8_U8,46,พรรคประชาชน,26.0
KK10_โนนศิลา_เปือยใหญ่_M8_U8,47,พรรคประชาไทย,0.0
KK10_โนนศิลา_เปือยใหญ่_M8_U8,48,พรรคไทยสร้างไทย,0.0
KK10_โนนศิลา_เปือยใหญ่_M8_U8,49,พรรคไทยก้าวใหม่,0.0
KK10_โนนศิลา_เปือยใหญ่_M8_U8,50,พรรคอาสาสมัครประชาชนไทย,0.0
KK10_โนนศิลา_เปือยใหญ่_M8_U8,51,พรรคพร้อม,0.0
KK10_โนนศิลา_เปือยใหญ่_M8_U8,52,พรรคเครือข่ายชาวนาแห่งประเทศไทย,0.0
KK10_โนนศิลา_เปือยใหญ่_M8_U8,53,พรรคไทยพิทักษ์ธรรม,0.0
KK10_โนนศิลา_เปือยใหญ่_M8_U8,54,พรรคความหวังใหม่,0.0
KK10_โนนศิลา_เปือยใหญ่_M8_U8,55,พรรคไทยรวมไทย,0.0
KK10_โนนศิลา_เปือยใหญ่_M8_U8,56,พรรคเพื่อชาติ,0.0
KK10_โนนศิลา_เปือยใหญ่_M8_U8,57,พรรคพลังไทยรักชาติ,0.0
KK10_โนนศิลา_โนนศิลา_M1_U1,1,พรรคไทยทรัพย์ทวี,3.0
KK10_โนนศิลา_โนนศิลา_M1_U1,2,พรรคเพื่อชาติไทย,3.0
KK10_โนนศิลา_โนนศิลา_M1_U1,5,พรรครวมใจไทย,5.0
KK10_โนนศิลา_โนนศิลา_M1_U1,6,พรรครวมไทยสร้างชาติ,1.0
KK10_โนนศิลา_โนนศิลา_M1_U1,8,พรรคประชาธิปไตยใหม่,1.0
KK10_โนนศิลา_โนนศิลา_M1_U1,9,พรรคเพื่อไทย,71.0
KK10_โนนศิลา_โนนศิลา_M1_U1,10,พรรคทางเลือกใหม่,1.0
KK10_โนนศิลา_โนนศิลา_M1_U1,11,พรรคเศรษฐกิจ,8.0
KK10_โนนศิลา_โนนศิลา_M1_U1,12,พรรคเสรีรวมไทย,7.0
KK10_โนนศิลา_โนนศิลา_M1_U1,14,พรรคท้องที่ไทย,1.0
KK10_โนนศิลา_โนนศิลา_M1_U1,19,พรรคสังคมประชาธิปไตยไทย,1.0
KK10_โนนศิลา_โนนศิลา_M1_U1,26,พรรคคลองไทย,1.0
KK10_โนนศิลา_โนนศิลา_M1_U1,27,พรรคประชาธิปัตย์,14.0
KK10_โนนศิลา_โนนศิลา_M1_U1,29,พรรคไทยภักดี,2.0
KK10_โนนศิลา_โนนศิลา_M1_U1,31,พรรคประชากรไทย,2.0
KK10_โนนศิลา_โนนศิลา_M1_U1,32,พรรคครูไทยเพื่อประชาชน,1.0
KK10_โนนศิลา_โนนศิลา_M1_U1,35,พรรครักชาติ,1.0
KK10_โนนศิลา_โนนศิลา_M1_U1,37,พรรคภูมิใจไทย,91.0
KK10_โนนศิลา_โนนศิลา_M1_U1,38,พรรคพลังธรรมใหม่,1.0
KK10_โนนศิลา_โนนศิลา_M1_U1,43,พรรคพลังประชารัฐ,3.0
KK10_โนนศิลา_โนนศิลา_M1_U1,46,พรรคประชาชน,93.0
KK10_โนนศิลา_โนนศิลา_M1_U1,47,พรรคประชาไทย,1.0
KK10_โนนศิลา_โนนศิลา_M1_U1,48,พรรคไทยสร้างไทย,3.0
KK10_โนนศิลา_โนนศิลา_M1_U1,49,พรรคไทยก้าวใหม่,2.0
KK10_โนนศิลา_โนนศิลา_M1_U1,51,พรรคพร้อม,1.0
KK10_โนนศิลา_โนนศิลา_M2_U1,1,พรรคไทยทรัพย์ทวี,3.0
KK10_โนนศิลา_โนนศิลา_M2_U1,2,พรรคเพื่อชาติไทย,3.0
KK10_โนนศิลา_โนนศิลา_M2_U1,4,พรรคมิติใหม่,1.0
KK10_โนนศิลา_โนนศิลา_M2_U1,5,พรรครวมใจไทย,5.0
KK10_โนนศิลา_โนนศิลา_M2_U1,6,พรรครวมไทยสร้างชาติ,1.0
KK10_โนนศิลา_โนนศิลา_M2_U1,9,พรรคเพื่อไทย,49.0
KK10_โนนศิลา_โนนศิลา_M2_U1,11,พรรคเศรษฐกิจ,4.0
KK10_โนนศิลา_โนนศิลา_M2_U1,12,พรรคเสรีรวมไทย,5.0
KK10_โนนศิลา_โนนศิลา_M2_U1,13,พรรครวมพลังประชาชน,2.0
KK10_โนนศิลา_โนนศิลา_M2_U1,15,พรรคอนาคตไทย,1.0
KK10_โนนศิลา_โนนศิลา_M2_U1,16,พรรคพลังเพื่อไทย,1.0
KK10_โนนศิลา_โนนศิลา_M2_U1,27,พรรคประชาธิปัตย์,5.0
KK10_โนนศิลา_โนนศิลา_M2_U1,28,พรรคไทยก้าวหน้า,1.0
KK10_โนนศิลา_โนนศิลา_M2_U1,33,พรรคประชาชาติ,1.0
KK10_โนนศิลา_โนนศิลา_M2_U1,35,พรรครักชาติ,1.0
KK10_โนนศิลา_โนนศิลา_M2_U1,37,พรรคภูมิใจไทย,23.0
KK10_โนนศิลา_โนนศิลา_M2_U1,40,พรรคไทยธรรม,1.0
KK10_โนนศิลา_โนนศิลา_M2_U1,46,พรรคประชาชน,63.0
KK10_โนนศิลา_โนนศิลา_M2_U1,48,พรรคไทยสร้างไทย,1.0
KK10_โนนศิลา_ทต.โนนศิลา_M2_U2,1,พรรคไทยทรัพย์ทวี,16.0
KK10_โนนศิลา_ทต.โนนศิลา_M2_U2,2,พรรคเพื่อชาติไทย,3.0
KK10_โนนศิลา_ทต.โนนศิลา_M2_U2,4,พรรคมิติใหม่,1.0
KK10_โนนศิลา_ทต.โนนศิลา_M2_U2,5,พรรครวมใจไทย,12.0
KK10_โนนศิลา_ทต.โนนศิลา_M2_U2,6,พรรครวมไทยสร้างชาติ,3.0
KK10_โนนศิลา_ทต.โนนศิลา_M2_U2,8,พรรคประชาธิปไตยใหม่,3.0
KK10_โนนศิลา_ทต.โนนศิลา_M2_U2,9,พรรคเพื่อไทย,172.0
KK10_โนนศิลา_ทต.โนนศิลา_M2_U2,10,พรรคทางเลือกใหม่,1.0
KK10_โนนศิลา_ทต.โนนศิลา_M2_U2,11,พรรคเศรษฐกิจ,20.0
KK10_โนนศิลา_ทต.โนนศิลา_M2_U2,12,พรรคเสรีรวมไทย,4.0
KK10_โนนศิลา_ทต.โนนศิลา_M2_U2,13,พรรครวมพลังประชาชน,1.0
KK10_โนนศิลา_ทต.โนนศิลา_M2_U2,14,พรรคท้องที่ไทย,1.0
KK10_โนนศิลา_ทต.โนนศิลา_M2_U2,16,พรรคพลังเพื่อไทย,2.0
KK10_โนนศิลา_ทต.โนนศิลา_M2_U2,17,พรรคไทยชนะ,1.0
KK10_โนนศิลา_ทต.โนนศิลา_M2_U2,27,พรรคประชาธิปัตย์,2.0
KK10_โนนศิลา_ทต.โนนศิลา_M2_U2,28,พรรคไทยก้าวหน้า,2.0
KK10_โนนศิลา_ทต.โนนศิลา_M2_U2,30,พรรคแรงงานสร้างชาติ,1.0
KK10_โนนศิลา_ทต.โนนศิลา_M2_U2,31,พรรคประชากรไทย,2.0
KK10_โนนศิลา_ทต.โนนศิลา_M2_U2,32,พรรคครูไทยเพื่อประชาชน,2.0
KK10_โนนศิลา_ทต.โนนศิลา_M2_U2,33,พรรคประชาชาติ,1.0
KK10_โนนศิลา_ทต.โนนศิลา_M2_U2,34,พรรคสร้างอนาคตไทย,1.0
KK10_โนนศิลา_ทต.โนนศิลา_M2_U2,35,พรรครักชาติ,1.0
KK10_โนนศิลา_ทต.โนนศิลา_M2_U2,37,พรรคภูมิใจไทย,66.0
KK10_โนนศิลา_ทต.โนนศิลา_M2_U2,38,พรรคพลังธรรมใหม่,4.0
KK10_โนนศิลา_ทต.โนนศิลา_M2_U2,40,พรรคไทยธรรม,1.0
KK10_โนนศิลา_ทต.โนนศิลา_M2_U2,43,พรรคพลังประชารัฐ,1.0
KK10_โนนศิลา_ทต.โนนศิลา_M2_U2,45,พรรคเป็นธรรม,1.0
KK10_โนนศิลา_ทต.โนนศิลา_M2_U2,46,พรรคประชาชน,88.0
KK10_โนนศิลา_ทต.โนนศิลา_M2_U2,48,พรรคไทยสร้างไทย,2.0
KK10_โนนศิลา_ทต.โนนศิลา_M2_U2,49,พรรคไทยก้าวใหม่,2.0
KK10_โนนศิลา_ทต.โนนศิลา_M2_U2,55,พรรคไทยรวมไทย,1.0
KK10_โนนศิลา_โนนศิลา_M6_U2,1,พรรคไทยทรัพย์ทวี,3.0
KK10_โนนศิลา_โนนศิลา_M6_U2,2,พรรคเพื่อชาติไทย,2.0
KK10_โนนศิลา_โนนศิลา_M6_U2,5,พรรครวมใจไทย,6.0
KK10_โนนศิลา_โนนศิลา_M6_U2,9,พรรคเพื่อไทย,50.0
KK10_โนนศิลา_โนนศิลา_M6_U2,10,พรรคทางเลือกใหม่,1.0
KK10_โนนศิลา_โนนศิลา_M6_U2,11,พรรคเศรษฐกิจ,7.0
KK10_โนนศิลา_โนนศิลา_M6_U2,13,พรรครวมพลังประชาชน,1.0
KK10_โนนศิลา_โนนศิลา_M6_U2,16,พรรคพลังเพื่อไทย,1.0
KK10_โนนศิลา_โนนศิลา_M6_U2,17,พรรคไทยชนะ,1.0
KK10_โนนศิลา_โนนศิลา_M6_U2,24,พรรควิชชั่นใหม่,1.0
KK10_โนนศิลา_โนนศิลา_M6_U2,26,พรรคคลองไทย,1.0
KK10_โนนศิลา_โนนศิลา_M6_U2,27,พรรคประชาธิปัตย์,10.0
KK10_โนนศิลา_โนนศิลา_M6_U2,28,พรรคไทยก้าวหน้า,1.0
KK10_โนนศิลา_โนนศิลา_M6_U2,30,พรรคแรงงานสร้างชาติ,1.0
KK10_โนนศิลา_โนนศิลา_M6_U2,37,พรรคภูมิใจไทย,73.0
KK10_โนนศิลา_โนนศิลา_M6_U2,38,พรรคพลังธรรมใหม่,1.0
KK10_โนนศิลา_โนนศิลา_M6_U2,46,พรรคประชาชน,49.0
KK10_โนนศิลา_โนนศิลา_M6_U2,49,พรรคไทยก้าวใหม่,1.0
KK10_โนนศิลา_โนนศิลา_M6_U2,57,พรรคพลังไทยรักชาติ,1.0
KK10_โนนศิลา_โนนศิลา_M1_U3,1,พรรคไทยทรัพย์ทวี,16.0
KK10_โนนศิลา_โนนศิลา_M1_U3,2,พรรคเพื่อชาติไทย,6.0
KK10_โนนศิลา_โนนศิลา_M1_U3,3,พรรคใหม่,2.0
KK10_โนนศิลา_โนนศิลา_M1_U3,5,พรรครวมใจไทย,14.0
KK10_โนนศิลา_โนนศิลา_M1_U3,6,พรรครวมไทยสร้างชาติ,1.0
KK10_โนนศิลา_โนนศิลา_M1_U3,8,พรรคประชาธิปไตยใหม่,1.0
KK10_โนนศิลา_โนนศิลา_M1_U3,9,พรรคเพื่อไทย,106.0
KK10_โนนศิลา_โนนศิลา_M1_U3,10,พรรคทางเลือกใหม่,1.0
KK10_โนนศิลา_โนนศิลา_M1_U3,11,พรรคเศรษฐกิจ,13.0
KK10_โนนศิลา_โนนศิลา_M1_U3,12,พรรคเสรีรวมไทย,2.0
KK10_โนนศิลา_โนนศิลา_M1_U3,13,พรรครวมพลังประชาชน,1.0
KK10_โนนศิลา_โนนศิลา_M1_U3,14,พรรคท้องที่ไทย,1.0
KK10_โนนศิลา_โนนศิลา_M1_U3,19,พรรคสังคมประชาธิปไตยไทย,1.0
KK10_โนนศิลา_โนนศิลา_M1_U3,25,พรรคเพื่อชีวิตใหม่,1.0
KK10_โนนศิลา_โนนศิลา_M1_U3,27,พรรคประชาธิปัตย์,7.0
KK10_โนนศิลา_โนนศิลา_M1_U3,30,พรรคแรงงานสร้างชาติ,2.0
KK10_โนนศิลา_โนนศิลา_M1_U3,37,พรรคภูมิใจไทย,43.0
KK10_โนนศิลา_โนนศิลา_M1_U3,38,พรรคพลังธรรมใหม่,2.0
KK10_โนนศิลา_โนนศิลา_M1_U3,46,พรรคประชาชน,41.0
KK10_โนนศิลา_โนนศิลา_M1_U3,47,พรรคประชาไทย,1.0
KK10_โนนศิลา_โนนศิลา_M3_U3,1,พรรคไทยทรัพย์ทวี,3.0
KK10_โนนศิลา_โนนศิลา_M3_U3,2,พรรคเพื่อชาติไทย,3.0
KK10_โนนศิลา_โนนศิลา_M3_U3,3,พรรคใหม่,1.0
KK10_โนนศิลา_โนนศิลา_M3_U3,4,พรรคมิติใหม่,1.0
KK10_โนนศิลา_โนนศิลา_M3_U3,5,พรรครวมใจไทย,10.0
KK10_โนนศิลา_โนนศิลา_M3_U3,6,พรรครวมไทยสร้างชาติ,2.0
KK10_โนนศิลา_โนนศิลา_M3_U3,9,พรรคเพื่อไทย,49.0
KK10_โนนศิลา_โนนศิลา_M3_U3,10,พรรคทางเลือกใหม่,2.0
KK10_โนนศิลา_โนนศิลา_M3_U3,11,พรรคเศรษฐกิจ,5.0
KK10_โนนศิลา_โนนศิลา_M3_U3,16,พรรคพลังเพื่อไทย,2.0
KK10_โนนศิลา_โนนศิลา_M3_U3,20,พรรคฟิวชัน,4.0
KK10_โนนศิลา_โนนศิลา_M3_U3,32,พรรคครูไทยเพื่อประชาชน,1.0
KK10_โนนศิลา_โนนศิลา_M3_U3,34,พรรคสร้างอนาคตไทย,1.0
KK10_โนนศิลา_โนนศิลา_M3_U3,35,พรรครักชาติ,1.0
KK10_โนนศิลา_โนนศิลา_M3_U3,36,พรรคไทยพร้อม,1.0
KK10_โนนศิลา_โนนศิลา_M3_U3,37,พรรคภูมิใจไทย,52.0
KK10_โนนศิลา_โนนศิลา_M3_U3,38,พรรคพลังธรรมใหม่,1.0
KK10_โนนศิลา_โนนศิลา_M3_U3,43,พรรคพลังประชารัฐ,1.0
KK10_โนนศิลา_โนนศิลา_M3_U3,46,พรรคประชาชน,28.0
KK10_โนนศิลา_โนนศิลา_M4_U4,1,พรรคไทยทรัพย์ทวี,8.0
KK10_โนนศิลา_โนนศิลา_M4_U4,2,พรรคเพื่อชาติไทย,4.0
KK10_โนนศิลา_โนนศิลา_M4_U4,3,พรรคใหม่,2.0
KK10_โนนศิลา_โนนศิลา_M4_U4,5,พรรครวมใจไทย,14.0
KK10_โนนศิลา_โนนศิลา_M4_U4,6,พรรครวมไทยสร้างชาติ,4.0
KK10_โนนศิลา_โนนศิลา_M4_U4,7,พรรคพลวัต,1.0
KK10_โนนศิลา_โนนศิลา_M4_U4,8,พรรคประชาธิปไตยใหม่,1.0
KK10_โนนศิลา_โนนศิลา_M4_U4,9,พรรคเพื่อไทย,167.0
KK10_โนนศิลา_โนนศิลา_M4_U4,10,พรรคทางเลือกใหม่,3.0
KK10_โนนศิลา_โนนศิลา_M4_U4,11,พรรคเศรษฐกิจ,7.0
KK10_โนนศิลา_โนนศิลา_M4_U4,12,พรรคเสรีรวมไทย,2.0
KK10_โนนศิลา_โนนศิลา_M4_U4,13,พรรครวมพลังประชาชน,3.0
KK10_โนนศิลา_โนนศิลา_M4_U4,25,พรรคเพื่อชีวิตใหม่,1.0
KK10_โนนศิลา_โนนศิลา_M4_U4,27,พรรคประชาธิปัตย์,7.0
KK10_โนนศิลา_โนนศิลา_M4_U4,29,พรรคไทยภักดี,5.0
KK10_โนนศิลา_โนนศิลา_M4_U4,32,พรรคครูไทยเพื่อประชาชน,2.0
KK10_โนนศิลา_โนนศิลา_M4_U4,34,พรรคสร้างอนาคตไทย,1.0
KK10_โนนศิลา_โนนศิลา_M4_U4,35,พรรครักชาติ,1.0
KK10_โนนศิลา_โนนศิลา_M4_U4,37,พรรคภูมิใจไทย,98.0
KK10_โนนศิลา_โนนศิลา_M4_U4,38,พรรคพลังธรรมใหม่,2.0
KK10_โนนศิลา_โนนศิลา_M4_U4,41,พรรคแผ่นดินธรรม,1.0
KK10_โนนศิลา_โนนศิลา_M4_U4,42,พรรคกล้าธรรม,1.0
KK10_โนนศิลา_โนนศิลา_M4_U4,43,พรรคพลังประชารัฐ,1.0
KK10_โนนศิลา_โนนศิลา_M4_U4,46,พรรคประชาชน,109.0
KK10_โนนศิลา_โนนศิลา_M4_U4,47,พรรคประชาไทย,1.0
KK10_โนนศิลา_โนนศิลา_M4_U4,48,พรรคไทยสร้างไทย,2.0
KK10_โนนศิลา_โนนศิลา_M4_U4,51,พรรคพร้อม,1.0
KK10_โนนศิลา_โนนศิลา_M5_U5,1,พรรคไทยทรัพย์ทวี,6.0
KK10_โนนศิลา_โนนศิลา_M5_U5,2,พรรคเพื่อชาติไทย,3.0
KK10_โนนศิลา_โนนศิลา_M5_U5,3,พรรคใหม่,3.0
KK10_โนนศิลา_โนนศิลา_M5_U5,4,พรรคมิติใหม่,1.0
KK10_โนนศิลา_โนนศิลา_M5_U5,5,พรรครวมใจไทย,20.0
KK10_โนนศิลา_โนนศิลา_M5_U5,6,พรรครวมไทยสร้างชาติ,2.0
KK10_โนนศิลา_โนนศิลา_M5_U5,7,พรรคพลวัต,2.0
KK10_โนนศิลา_โนนศิลา_M5_U5,8,พรรคประชาธิปไตยใหม่,3.0
KK10_โนนศิลา_โนนศิลา_M5_U5,9,พรรคเพื่อไทย,101.0
KK10_โนนศิลา_โนนศิลา_M5_U5,11,พรรคเศรษฐกิจ,18.0
KK10_โนนศิลา_โนนศิลา_M5_U5,12,พรรคเสรีรวมไทย,4.0
KK10_โนนศิลา_โนนศิลา_M5_U5,13,พรรครวมพลังประชาชน,1.0
KK10_โนนศิลา_โนนศิลา_M5_U5,20,พรรคฟิวชัน,1.0
KK10_โนนศิลา_โนนศิลา_M5_U5,26,พรรคคลองไทย,2.0
KK10_โนนศิลา_โนนศิลา_M5_U5,27,พรรคประชาธิปัตย์,6.0
KK10_โนนศิลา_โนนศิลา_M5_U5,30,พรรคแรงงานสร้างชาติ,1.0
KK10_โนนศิลา_โนนศิลา_M5_U5,31,พรรคประชากรไทย,2.0
KK10_โนนศิลา_โนนศิลา_M5_U5,32,พรรคครูไทยเพื่อประชาชน,3.0
KK10_โนนศิลา_โนนศิลา_M5_U5,34,พรรคสร้างอนาคตไทย,3.0
KK10_โนนศิลา_โนนศิลา_M5_U5,37,พรรคภูมิใจไทย,78.0
KK10_โนนศิลา_โนนศิลา_M5_U5,38,พรรคพลังธรรมใหม่,1.0
KK10_โนนศิลา_โนนศิลา_M5_U5,39,พรรคกรีน,2.0
KK10_โนนศิลา_โนนศิลา_M5_U5,40,พรรคไทยธรรม,1.0
KK10_โนนศิลา_โนนศิลา_M5_U5,46,พรรคประชาชน,91.0
KK10_โนนศิลา_โนนศิลา_M5_U5,47,พรรคประชาไทย,2.0
KK10_โนนศิลา_โนนศิลา_M1_U6,1,พรรคไทยทรัพย์ทวี,9.0
KK10_โนนศิลา_โนนศิลา_M1_U6,2,พรรคเพื่อชาติไทย,5.0
KK10_โนนศิลา_โนนศิลา_M1_U6,3,พรรคใหม่,2.0
KK10_โนนศิลา_โนนศิลา_M1_U6,5,พรรครวมใจไทย,17.0
KK10_โนนศิลา_โนนศิลา_M1_U6,6,พรรครวมไทยสร้างชาติ,2.0
KK10_โนนศิลา_โนนศิลา_M1_U6,8,พรรคประชาธิปไตยใหม่,3.0
KK10_โนนศิลา_โนนศิลา_M1_U6,9,พรรคเพื่อไทย,215.0
KK10_โนนศิลา_โนนศิลา_M1_U6,10,พรรคทางเลือกใหม่,4.0
KK10_โนนศิลา_โนนศิลา_M1_U6,11,พรรคเศรษฐกิจ,27.0
KK10_โนนศิลา_โนนศิลา_M1_U6,12,พรรคเสรีรวมไทย,4.0
KK10_โนนศิลา_โนนศิลา_M1_U6,13,พรรครวมพลังประชาชน,4.0
KK10_โนนศิลา_โนนศิลา_M1_U6,15,พรรคอนาคตไทย,1.0
KK10_โนนศิลา_โนนศิลา_M1_U6,16,พรรคพลังเพื่อไทย,3.0
KK10_โนนศิลา_โนนศิลา_M1_U6,19,พรรคสังคมประชาธิปไตยไทย,1.0
KK10_โนนศิลา_โนนศิลา_M1_U6,20,พรรคฟิวชัน,10.0
KK10_โนนศิลา_โนนศิลา_M1_U6,23,พรรคปวงชนไทย,1.0
KK10_โนนศิลา_โนนศิลา_M1_U6,24,พรรควิชชั่นใหม่,1.0
KK10_โนนศิลา_โนนศิลา_M1_U6,27,พรรคประชาธิปัตย์,9.0
KK10_โนนศิลา_โนนศิลา_M1_U6,28,พรรคไทยก้าวหน้า,1.0
KK10_โนนศิลา_โนนศิลา_M1_U6,29,พรรคไทยภักดี,1.0
KK10_โนนศิลา_โนนศิลา_M1_U6,32,พรรคครูไทยเพื่อประชาชน,6.0
KK10_โนนศิลา_โนนศิลา_M1_U6,33,พรรคประชาชาติ,1.0
KK10_โนนศิลา_โนนศิลา_M1_U6,34,พรรคสร้างอนาคตไทย,2.0
KK10_โนนศิลา_โนนศิลา_M1_U6,35,พรรครักชาติ,1.0
KK10_โนนศิลา_โนนศิลา_M1_U6,37,พรรคภูมิใจไทย,118.0
KK10_โนนศิลา_โนนศิลา_M1_U6,38,พรรคพลังธรรมใหม่,2.0
KK10_โนนศิลา_โนนศิลา_M1_U6,45,พรรคเป็นธรรม,1.0
KK10_โนนศิลา_โนนศิลา_M1_U6,46,พรรคประชาชน,93.0
KK10_โนนศิลา_โนนศิลา_M1_U6,48,พรรคไทยสร้างไทย,3.0
KK10_โนนศิลา_โนนศิลา_M1_U6,49,พรรคไทยก้าวใหม่,1.0
KK10_โนนศิลา_โนนศิลา_M1_U6,53,พรรคไทยพิทักษ์ธรรม,1.0
KK10_โนนศิลา_โนนศิลา_M1_U6,54,พรรคความหวังใหม่,1.0
KK10_โนนศิลา_โนนศิลา_M2_U7,1,พรรคไทยทรัพย์ทวี,7.0
KK10_โนนศิลา_โนนศิลา_M2_U7,2,พรรคเพื่อชาติไทย,7.0
KK10_โนนศิลา_โนนศิลา_M2_U7,3,พรรคใหม่,0.0
KK10_โนนศิลา_โนนศิลา_M2_U7,4,พรรคมิติใหม่,2.0
KK10_โนนศิลา_โนนศิลา_M2_U7,5,พรรครวมใจไทย,25.0
KK10_โนนศิลา_โนนศิลา_M2_U7,6,พรรครวมไทยสร้างชาติ,3.0
KK10_โนนศิลา_โนนศิลา_M2_U7,7,พรรคพลวัต,1.0
KK10_โนนศิลา_โนนศิลา_M2_U7,8,พรรคประชาธิปไตยใหม่,2.0
KK10_โนนศิลา_โนนศิลา_M2_U7,9,พรรคเพื่อไทย,81.0
KK10_โนนศิลา_โนนศิลา_M2_U7,10,พรรคทางเลือกใหม่,1.0
KK10_โนนศิลา_โนนศิลา_M2_U7,11,พรรคเศรษฐกิจ,20.0
KK10_โนนศิลา_โนนศิลา_M2_U7,12,พรรคเสรีรวมไทย,2.0
KK10_โนนศิลา_โนนศิลา_M2_U7,13,พรรครวมพลังประชาชน,4.0
KK10_โนนศิลา_โนนศิลา_M2_U7,14,พรรคท้องที่ไทย,0.0
KK10_โนนศิลา_โนนศิลา_M2_U7,15,พรรคอนาคตไทย,0.0
KK10_โนนศิลา_โนนศิลา_M2_U7,16,พรรคพลังเพื่อไทย,0.0
KK10_โนนศิลา_โนนศิลา_M2_U7,17,พรรคไทยชนะ,0.0
KK10_โนนศิลา_โนนศิลา_M2_U7,18,พรรคพลังสังคมใหม่,0.0
KK10_โนนศิลา_โนนศิลา_M2_U7,19,พรรคสังคมประชาธิปไตยไทย,0.0
KK10_โนนศิลา_โนนศิลา_M2_U7,20,พรรคฟิวชัน,3.0
KK10_โนนศิลา_โนนศิลา_M2_U7,21,พรรคไทรวมพลัง,0.0
KK10_โนนศิลา_โนนศิลา_M2_U7,22,พรรคก้าวอิสระ,0.0
KK10_โนนศิลา_โนนศิลา_M2_U7,23,พรรคปวงชนไทย,0.0
KK10_โนนศิลา_โนนศิลา_M2_U7,24,พรรควิชชั่นใหม่,0.0
KK10_โนนศิลา_โนนศิลา_M2_U7,25,พรรคเพื่อชีวิตใหม่,0.0
KK10_โนนศิลา_โนนศิลา_M2_U7,26,พรรคคลองไทย,0.0
KK10_โนนศิลา_โนนศิลา_M2_U7,27,พรรคประชาธิปัตย์,4.0
KK10_โนนศิลา_โนนศิลา_M2_U7,28,พรรคไทยก้าวหน้า,0.0
KK10_โนนศิลา_โนนศิลา_M2_U7,29,พรรคไทยภักดี,0.0
KK10_โนนศิลา_โนนศิลา_M2_U7,30,พรรคแรงงานสร้างชาติ,1.0
KK10_โนนศิลา_โนนศิลา_M2_U7,31,พรรคประชากรไทย,0.0
KK10_โนนศิลา_โนนศิลา_M2_U7,32,พรรคครูไทยเพื่อประชาชน,1.0
KK10_โนนศิลา_โนนศิลา_M2_U7,33,พรรคประชาชาติ,1.0
KK10_โนนศิลา_โนนศิลา_M2_U7,34,พรรคสร้างอนาคตไทย,3.0
KK10_โนนศิลา_โนนศิลา_M2_U7,35,พรรครักชาติ,2.0
KK10_โนนศิลา_โนนศิลา_M2_U7,36,พรรคไทยพร้อม,1.0
KK10_โนนศิลา_โนนศิลา_M2_U7,37,พรรคภูมิใจไทย,104.0
KK10_โนนศิลา_โนนศิลา_M2_U7,38,พรรคพลังธรรมใหม่,1.0
KK10_โนนศิลา_โนนศิลา_M2_U7,39,พรรคกรีน,0.0
KK10_โนนศิลา_โนนศิลา_M2_U7,40,พรรคไทยธรรม,0.0
KK10_โนนศิลา_โนนศิลา_M2_U7,41,พรรคแผ่นดินธรรม,0.0
KK10_โนนศิลา_โนนศิลา_M2_U7,42,พรรคกล้าธรรม,0.0
KK10_โนนศิลา_โนนศิลา_M2_U7,43,พรรคพลังประชารัฐ,0.0
KK10_โนนศิลา_โนนศิลา_M2_U7,44,พรรคโอกาสใหม่,1.0
KK10_โนนศิลา_โนนศิลา_M2_U7,45,พรรคเป็นธรรม,1.0
KK10_โนนศิลา_โนนศิลา_M2_U7,46,พรรคประชาชน,74.0
KK10_โนนศิลา_โนนศิลา_M2_U7,47,พรรคประชาไทย,1.0
KK10_โนนศิลา_โนนศิลา_M2_U7,48,พรรคไทยสร้างไทย,0.0
KK10_โนนศิลา_โนนศิลา_M2_U7,49,พรรคไทยก้าวใหม่,0.0
KK10_โนนศิลา_โนนศิลา_M2_U7,50,พรรคอาสาสมัครประชาชนไทย,0.0
KK10_โนนศิลา_โนนศิลา_M2_U7,51,พรรคพร้อม,0.0
KK10_โนนศิลา_โนนศิลา_M2_U7,52,พรรคเครือข่ายชาวนาแห่งประเทศไทย,0.0
KK10_โนนศิลา_โนนศิลา_M2_U7,53,พรรคไทยพิทักษ์ธรรม,0.0
KK10_โนนศิลา_โนนศิลา_M2_U7,54,พรรคความหวังใหม่,0.0
KK10_โนนศิลา_โนนศิลา_M2_U7,55,พรรคไทยรวมไทย,0.0
KK10_โนนศิลา_โนนศิลา_M2_U7,56,พรรคเพื่อชาติ,0.0
KK10_โนนศิลา_โนนศิลา_M2_U7,57,พรรคพลังไทยรักชาติ,0.0
KK10_โนนศิลา_โนนศิลา_M2_U8,1,พรรคไทยทรัพย์ทวี,9.0
KK10_โนนศิลา_โนนศิลา_M2_U8,2,พรรคเพื่อชาติไทย,6.0
KK10_โนนศิลา_โนนศิลา_M2_U8,3,พรรคใหม่,2.0
KK10_โนนศิลา_โนนศิลา_M2_U8,5,พรรครวมใจไทย,23.0
KK10_โนนศิลา_โนนศิลา_M2_U8,6,พรรครวมไทยสร้างชาติ,3.0
KK10_โนนศิลา_โนนศิลา_M2_U8,8,พรรคประชาธิปไตยใหม่,1.0
KK10_โนนศิลา_โนนศิลา_M2_U8,9,พรรคเพื่อไทย,117.0
KK10_โนนศิลา_โนนศิลา_M2_U8,11,พรรคเศรษฐกิจ,12.0
KK10_โนนศิลา_โนนศิลา_M2_U8,12,พรรคเสรีรวมไทย,3.0
KK10_โนนศิลา_โนนศิลา_M2_U8,13,พรรครวมพลังประชาชน,2.0
KK10_โนนศิลา_โนนศิลา_M2_U8,15,พรรคอนาคตไทย,1.0
KK10_โนนศิลา_โนนศิลา_M2_U8,16,พรรคพลังเพื่อไทย,1.0
KK10_โนนศิลา_โนนศิลา_M2_U8,17,พรรคไทยชนะ,2.0
KK10_โนนศิลา_โนนศิลา_M2_U8,20,พรรคฟิวชัน,3.0
KK10_โนนศิลา_โนนศิลา_M2_U8,23,พรรคปวงชนไทย,1.0
KK10_โนนศิลา_โนนศิลา_M2_U8,27,พรรคประชาธิปัตย์,2.0
KK10_โนนศิลา_โนนศิลา_M2_U8,28,พรรคไทยก้าวหน้า,1.0
KK10_โนนศิลา_โนนศิลา_M2_U8,36,พรรคไทยพร้อม,2.0
KK10_โนนศิลา_โนนศิลา_M2_U8,37,พรรคภูมิใจไทย,79.0
KK10_โนนศิลา_โนนศิลา_M2_U8,38,พรรคพลังธรรมใหม่,1.0
KK10_โนนศิลา_โนนศิลา_M2_U8,45,พรรคเป็นธรรม,91.0
KK10_โนนศิลา_โนนศิลา_M2_U8,46,พรรคประชาชน,2.0
KK10_โนนศิลา_โนนแดง_M1_U1,1,พรรคไทยทรัพย์ทวี,11.0
KK10_โนนศิลา_โนนแดง_M1_U1,2,พรรคเพื่อชาติไทย,1.0
KK10_โนนศิลา_โนนแดง_M1_U1,3,พรรคใหม่,4.0
KK10_โนนศิลา_โนนแดง_M1_U1,5,พรรครวมใจไทย,2.0
KK10_โนนศิลา_โนนแดง_M1_U1,6,พรรครวมไทยสร้างชาติ,3.0
KK10_โนนศิลา_โนนแดง_M1_U1,8,พรรคประชาธิปไตยใหม่,2.0
KK10_โนนศิลา_โนนแดง_M1_U1,9,พรรคเพื่อไทย,76.0
KK10_โนนศิลา_โนนแดง_M1_U1,10,พรรคทางเลือกใหม่,2.0
KK10_โนนศิลา_โนนแดง_M1_U1,11,พรรคเศรษฐกิจ,5.0
KK10_โนนศิลา_โนนแดง_M1_U1,12,พรรคเสรีรวมไทย,2.0
KK10_โนนศิลา_โนนแดง_M1_U1,13,พรรครวมพลังประชาชน,3.0
KK10_โนนศิลา_โนนแดง_M1_U1,19,พรรคสังคมประชาธิปไตยไทย,1.0
KK10_โนนศิลา_โนนแดง_M1_U1,24,พรรควิชชั่นใหม่,1.0
KK10_โนนศิลา_โนนแดง_M1_U1,27,พรรคประชาธิปัตย์,8.0
KK10_โนนศิลา_โนนแดง_M1_U1,32,พรรคครูไทยเพื่อประชาชน,1.0
KK10_โนนศิลา_โนนแดง_M1_U1,35,พรรครักชาติ,1.0
KK10_โนนศิลา_โนนแดง_M1_U1,36,พรรคไทยพร้อม,1.0
KK10_โนนศิลา_โนนแดง_M1_U1,37,พรรคภูมิใจไทย,48.0
KK10_โนนศิลา_โนนแดง_M1_U1,38,พรรคพลังธรรมใหม่,2.0
KK10_โนนศิลา_โนนแดง_M1_U1,46,พรรคประชาชน,56.0
KK10_โนนศิลา_โนนแดง_M1_U1,47,พรรคประชาไทย,1.0
KK10_โนนศิลา_โนนแดง_M1_U1,48,พรรคไทยสร้างไทย,1.0
KK10_โนนศิลา_โนนแดง_M1_U1,49,พรรคไทยก้าวใหม่,2.0
KK10_โนนศิลา_โนนแดง_M2_U2,1,พรรคไทยทรัพย์ทวี,13.0
KK10_โนนศิลา_โนนแดง_M2_U2,2,พรรคเพื่อชาติไทย,4.0
KK10_โนนศิลา_โนนแดง_M2_U2,5,พรรครวมใจไทย,11.0
KK10_โนนศิลา_โนนแดง_M2_U2,6,พรรครวมไทยสร้างชาติ,1.0
KK10_โนนศิลา_โนนแดง_M2_U2,9,พรรคเพื่อไทย,109.0
KK10_โนนศิลา_โนนแดง_M2_U2,11,พรรคเศรษฐกิจ,13.0
KK10_โนนศิลา_โนนแดง_M2_U2,27,พรรคประชาธิปัตย์,3.0
KK10_โนนศิลา_โนนแดง_M2_U2,35,พรรครักชาติ,2.0
KK10_โนนศิลา_โนนแดง_M2_U2,37,พรรคภูมิใจไทย,52.0
KK10_โนนศิลา_โนนแดง_M2_U2,38,พรรคพลังธรรมใหม่,2.0
KK10_โนนศิลา_โนนแดง_M2_U2,39,พรรคกรีน,1.0
KK10_โนนศิลา_โนนแดง_M2_U2,40,พรรคไทยธรรม,1.0
KK10_โนนศิลา_โนนแดง_M2_U2,46,พรรคประชาชน,31.0
KK10_โนนศิลา_โนนแดง_M2_U2,49,พรรคไทยก้าวใหม่,1.0
KK10_โนนศิลา_โนนแดง_M3_U3,1,พรรคไทยทรัพย์ทวี,4.0
KK10_โนนศิลา_โนนแดง_M3_U3,2,พรรคเพื่อชาติไทย,6.0
KK10_โนนศิลา_โนนแดง_M3_U3,3,พรรคใหม่,1.0
KK10_โนนศิลา_โนนแดง_M3_U3,4,พรรคมิติใหม่,0.0
KK10_โนนศิลา_โนนแดง_M3_U3,5,พรรครวมใจไทย,7.0
KK10_โนนศิลา_โนนแดง_M3_U3,6,พรรครวมไทยสร้างชาติ,1.0
KK10_โนนศิลา_โนนแดง_M3_U3,7,พรรคพลวัต,0.0
KK10_โนนศิลา_โนนแดง_M3_U3,8,พรรคประชาธิปไตยใหม่,0.0
KK10_โนนศิลา_โนนแดง_M3_U3,9,พรรคเพื่อไทย,110.0
KK10_โนนศิลา_โนนแดง_M3_U3,10,พรรคทางเลือกใหม่,0.0
KK10_โนนศิลา_โนนแดง_M3_U3,11,พรรคเศรษฐกิจ,9.0
KK10_โนนศิลา_โนนแดง_M3_U3,12,พรรคเสรีรวมไทย,4.0
KK10_โนนศิลา_โนนแดง_M3_U3,13,พรรครวมพลังประชาชน,0.0
KK10_โนนศิลา_โนนแดง_M3_U3,14,พรรคท้องที่ไทย,0.0
KK10_โนนศิลา_โนนแดง_M3_U3,15,พรรคอนาคตไทย,0.0
KK10_โนนศิลา_โนนแดง_M3_U3,16,พรรคพลังเพื่อไทย,0.0
KK10_โนนศิลา_โนนแดง_M3_U3,17,พรรคไทยชนะ,0.0
KK10_โนนศิลา_โนนแดง_M3_U3,18,พรรคพลังสังคมใหม่,1.0
KK10_โนนศิลา_โนนแดง_M3_U3,19,พรรคสังคมประชาธิปไตยไทย,1.0
KK10_โนนศิลา_โนนแดง_M3_U3,20,พรรคฟิวชัน,0.0
KK10_โนนศิลา_โนนแดง_M3_U3,21,พรรคไทรวมพลัง,0.0
KK10_โนนศิลา_โนนแดง_M3_U3,22,พรรคก้าวอิสระ,0.0
KK10_โนนศิลา_โนนแดง_M3_U3,23,พรรคปวงชนไทย,0.0
KK10_โนนศิลา_โนนแดง_M3_U3,24,พรรควิชชั่นใหม่,0.0
KK10_โนนศิลา_โนนแดง_M3_U3,25,พรรคเพื่อชีวิตใหม่,0.0
KK10_โนนศิลา_โนนแดง_M3_U3,26,พรรคคลองไทย,0.0
KK10_โนนศิลา_โนนแดง_M3_U3,27,พรรคประชาธิปัตย์,6.0
KK10_โนนศิลา_โนนแดง_M3_U3,28,พรรคไทยก้าวหน้า,0.0
KK10_โนนศิลา_โนนแดง_M3_U3,29,พรรคไทยภักดี,0.0
KK10_โนนศิลา_โนนแดง_M3_U3,30,พรรคแรงงานสร้างชาติ,0.0
KK10_โนนศิลา_โนนแดง_M3_U3,31,พรรคประชากรไทย,0.0
KK10_โนนศิลา_โนนแดง_M3_U3,32,พรรคครูไทยเพื่อประชาชน,1.0
KK10_โนนศิลา_โนนแดง_M3_U3,33,พรรคประชาชาติ,1.0
KK10_โนนศิลา_โนนแดง_M3_U3,34,พรรคสร้างอนาคตไทย,1.0
KK10_โนนศิลา_โนนแดง_M3_U3,35,พรรครักชาติ,1.0
KK10_โนนศิลา_โนนแดง_M3_U3,36,พรรคไทยพร้อม,0.0
KK10_โนนศิลา_โนนแดง_M3_U3,37,พรรคภูมิใจไทย,67.0
KK10_โนนศิลา_โนนแดง_M3_U3,38,พรรคพลังธรรมใหม่,2.0
KK10_โนนศิลา_โนนแดง_M3_U3,39,พรรคกรีน,0.0
KK10_โนนศิลา_โนนแดง_M3_U3,40,พรรคไทยธรรม,0.0
KK10_โนนศิลา_โนนแดง_M3_U3,41,พรรคแผ่นดินธรรม,0.0
KK10_โนนศิลา_โนนแดง_M3_U3,42,พรรคกล้าธรรม,0.0
KK10_โนนศิลา_โนนแดง_M3_U3,43,พรรคพลังประชารัฐ,2.0
KK10_โนนศิลา_โนนแดง_M3_U3,44,พรรคโอกาสใหม่,0.0
KK10_โนนศิลา_โนนแดง_M3_U3,45,พรรคเป็นธรรม,0.0
KK10_โนนศิลา_โนนแดง_M3_U3,46,พรรคประชาชน,52.0
KK10_โนนศิลา_โนนแดง_M3_U3,47,พรรคประชาไทย,1.0
KK10_โนนศิลา_โนนแดง_M3_U3,48,พรรคไทยสร้างไทย,0.0
KK10_โนนศิลา_โนนแดง_M3_U3,49,พรรคไทยก้าวใหม่,1.0
KK10_โนนศิลา_โนนแดง_M3_U3,50,พรรคอาสาสมัครประชาชนไทย,0.0
KK10_โนนศิลา_โนนแดง_M3_U3,51,พรรคพร้อม,0.0
KK10_โนนศิลา_โนนแดง_M3_U3,52,พรรคเครือข่ายชาวนาแห่งประเทศไทย,0.0
KK10_โนนศิลา_โนนแดง_M3_U3,53,พรรคไทยพิทักษ์ธรรม,0.0
KK10_โนนศิลา_โนนแดง_M3_U3,54,พรรคความหวังใหม่,0.0
KK10_โนนศิลา_โนนแดง_M3_U3,55,พรรคไทยรวมไทย,0.0
KK10_โนนศิลา_โนนแดง_M3_U3,56,พรรคเพื่อชาติ,0.0
KK10_โนนศิลา_โนนแดง_M3_U3,57,พรรคพลังไทยรักชาติ,0.0
KK10_โนนศิลา_โนนแดง_M4_U4,1,พรรคไทยทรัพย์ทวี,14.0
KK10_โนนศิลา_โนนแดง_M4_U4,2,พรรคเพื่อชาติไทย,4.0
KK10_โนนศิลา_โนนแดง_M4_U4,3,พรรคใหม่,1.0
KK10_โนนศิลา_โนนแดง_M4_U4,4,พรรคมิติใหม่,1.0
KK10_โนนศิลา_โนนแดง_M4_U4,5,พรรครวมใจไทย,11.0
KK10_โนนศิลา_โนนแดง_M4_U4,6,พรรครวมไทยสร้างชาติ,2.0
KK10_โนนศิลา_โนนแดง_M4_U4,8,พรรคประชาธิปไตยใหม่,1.0
KK10_โนนศิลา_โนนแดง_M4_U4,9,พรรคเพื่อไทย,116.0
KK10_โนนศิลา_โนนแดง_M4_U4,10,พรรคทางเลือกใหม่,2.0
KK10_โนนศิลา_โนนแดง_M4_U4,11,พรรคเศรษฐกิจ,4.0
KK10_โนนศิลา_โนนแดง_M4_U4,12,พรรคเสรีรวมไทย,2.0
KK10_โนนศิลา_โนนแดง_M4_U4,13,พรรครวมพลังประชาชน,3.0
KK10_โนนศิลา_โนนแดง_M4_U4,17,พรรคไทยชนะ,1.0
KK10_โนนศิลา_โนนแดง_M4_U4,29,พรรคไทยภักดี,1.0
KK10_โนนศิลา_โนนแดง_M4_U4,30,พรรคแรงงานสร้างชาติ,5.0
KK10_โนนศิลา_โนนแดง_M4_U4,32,พรรคครูไทยเพื่อประชาชน,1.0
KK10_โนนศิลา_โนนแดง_M4_U4,33,พรรคประชาชาติ,2.0
KK10_โนนศิลา_โนนแดง_M4_U4,36,พรรคไทยพร้อม,1.0
KK10_โนนศิลา_โนนแดง_M4_U4,37,พรรคภูมิใจไทย,41.0
KK10_โนนศิลา_โนนแดง_M4_U4,38,พรรคพลังธรรมใหม่,3.0
KK10_โนนศิลา_โนนแดง_M4_U4,43,พรรคพลังประชารัฐ,1.0
KK10_โนนศิลา_โนนแดง_M4_U4,46,พรรคประชาชน,64.0
KK10_โนนศิลา_โนนแดง_M4_U4,47,พรรคประชาไทย,1.0
KK10_โนนศิลา_โนนแดง_M4_U4,48,พรรคไทยสร้างไทย,1.0
KK10_โนนศิลา_โนนแดง_M5_U5,1,พรรคไทยทรัพย์ทวี,2.0
KK10_โนนศิลา_โนนแดง_M5_U5,2,พรรคเพื่อชาติไทย,3.0
KK10_โนนศิลา_โนนแดง_M5_U5,5,พรรครวมใจไทย,9.0
KK10_โนนศิลา_โนนแดง_M5_U5,6,พรรครวมไทยสร้างชาติ,7.0
KK10_โนนศิลา_โนนแดง_M5_U5,9,พรรคเพื่อไทย,99.0
KK10_โนนศิลา_โนนแดง_M5_U5,10,พรรคทางเลือกใหม่,1.0
KK10_โนนศิลา_โนนแดง_M5_U5,11,พรรคเศรษฐกิจ,11.0
KK10_โนนศิลา_โนนแดง_M5_U5,12,พรรคเสรีรวมไทย,2.0
KK10_โนนศิลา_โนนแดง_M5_U5,13,พรรครวมพลังประชาชน,1.0
KK10_โนนศิลา_โนนแดง_M5_U5,16,พรรคพลังเพื่อไทย,2.0
KK10_โนนศิลา_โนนแดง_M5_U5,27,พรรคประชาธิปัตย์,5.0
KK10_โนนศิลา_โนนแดง_M5_U5,28,พรรคไทยก้าวหน้า,1.0
KK10_โนนศิลา_โนนแดง_M5_U5,29,พรรคไทยภักดี,2.0
KK10_โนนศิลา_โนนแดง_M5_U5,34,พรรคสร้างอนาคตไทย,1.0
KK10_โนนศิลา_โนนแดง_M5_U5,37,พรรคภูมิใจไทย,66.0
KK10_โนนศิลา_โนนแดง_M5_U5,43,พรรคพลังประชารัฐ,1.0
KK10_โนนศิลา_โนนแดง_M5_U5,46,พรรคประชาชน,48.0
KK10_โนนศิลา_โนนแดง_M5_U5,48,พรรคไทยสร้างไทย,2.0
KK10_โนนศิลา_โนนแดง_M5_U5,49,พรรคไทยก้าวใหม่,1.0
KK10_โนนศิลา_โนนแดง_M6_U6,1,พรรคไทยทรัพย์ทวี,8.0
KK10_โนนศิลา_โนนแดง_M6_U6,2,พรรคเพื่อชาติไทย,4.0
KK10_โนนศิลา_โนนแดง_M6_U6,5,พรรครวมใจไทย,6.0
KK10_โนนศิลา_โนนแดง_M6_U6,6,พรรครวมไทยสร้างชาติ,1.0
KK10_โนนศิลา_โนนแดง_M6_U6,8,พรรคประชาธิปไตยใหม่,1.0
KK10_โนนศิลา_โนนแดง_M6_U6,9,พรรคเพื่อไทย,85.0
KK10_โนนศิลา_โนนแดง_M6_U6,11,พรรคเศรษฐกิจ,5.0
KK10_โนนศิลา_โนนแดง_M6_U6,12,พรรคเสรีรวมไทย,1.0
KK10_โนนศิลา_โนนแดง_M6_U6,13,พรรครวมพลังประชาชน,1.0
KK10_โนนศิลา_โนนแดง_M6_U6,27,พรรคประชาธิปัตย์,2.0
KK10_โนนศิลา_โนนแดง_M6_U6,30,พรรคแรงงานสร้างชาติ,1.0
KK10_โนนศิลา_โนนแดง_M6_U6,31,พรรคประชากรไทย,2.0
KK10_โนนศิลา_โนนแดง_M6_U6,33,พรรคประชาชาติ,1.0
KK10_โนนศิลา_โนนแดง_M6_U6,34,พรรคสร้างอนาคตไทย,1.0
KK10_โนนศิลา_โนนแดง_M6_U6,37,พรรคภูมิใจไทย,69.0
KK10_โนนศิลา_โนนแดง_M6_U6,43,พรรคพลังประชารัฐ,1.0
KK10_โนนศิลา_โนนแดง_M6_U6,45,พรรคเป็นธรรม,1.0
KK10_โนนศิลา_โนนแดง_M6_U6,46,พรรคประชาชน,41.0
KK10_โนนศิลา_โนนแดง_M6_U6,47,พรรคประชาไทย,1.0
KK10_โนนศิลา_โนนแดง_M6_U6,56,พรรคเพื่อชาติ,1.0
KK10_โนนศิลา_โนนแดง_M6_U6,57,พรรคพลังไทยรักชาติ,1.0
KK10_โนนศิลา_โนนแดง_M7_U7,1,พรรคไทยทรัพย์ทวี,3.0
KK10_โนนศิลา_โนนแดง_M7_U7,2,พรรคเพื่อชาติไทย,4.0
KK10_โนนศิลา_โนนแดง_M7_U7,3,พรรคใหม่,1.0
KK10_โนนศิลา_โนนแดง_M7_U7,4,พรรคมิติใหม่,2.0
KK10_โนนศิลา_โนนแดง_M7_U7,5,พรรครวมใจไทย,8.0
KK10_โนนศิลา_โนนแดง_M7_U7,6,พรรครวมไทยสร้างชาติ,3.0
KK10_โนนศิลา_โนนแดง_M7_U7,8,พรรคประชาธิปไตยใหม่,4.0
KK10_โนนศิลา_โนนแดง_M7_U7,9,พรรคเพื่อไทย,97.0
KK10_โนนศิลา_โนนแดง_M7_U7,10,พรรคทางเลือกใหม่,1.0
KK10_โนนศิลา_โนนแดง_M7_U7,11,พรรคเศรษฐกิจ,2.0
KK10_โนนศิลา_โนนแดง_M7_U7,12,พรรคเสรีรวมไทย,1.0
KK10_โนนศิลา_โนนแดง_M7_U7,13,พรรครวมพลังประชาชน,1.0
KK10_โนนศิลา_โนนแดง_M7_U7,15,พรรคอนาคตไทย,1.0
KK10_โนนศิลา_โนนแดง_M7_U7,16,พรรคพลังเพื่อไทย,2.0
KK10_โนนศิลา_โนนแดง_M7_U7,17,พรรคไทยชนะ,1.0
KK10_โนนศิลา_โนนแดง_M7_U7,20,พรรคฟิวชัน,1.0
KK10_โนนศิลา_โนนแดง_M7_U7,27,พรรคประชาธิปัตย์,2.0
KK10_โนนศิลา_โนนแดง_M7_U7,29,พรรคไทยภักดี,1.0
KK10_โนนศิลา_โนนแดง_M7_U7,32,พรรคครูไทยเพื่อประชาชน,1.0
KK10_โนนศิลา_โนนแดง_M7_U7,34,พรรคสร้างอนาคตไทย,2.0
KK10_โนนศิลา_โนนแดง_M7_U7,35,พรรครักชาติ,3.0
KK10_โนนศิลา_โนนแดง_M7_U7,36,พรรคไทยพร้อม,2.0
KK10_โนนศิลา_โนนแดง_M7_U7,37,พรรคภูมิใจไทย,85.0
KK10_โนนศิลา_โนนแดง_M7_U7,38,พรรคพลังธรรมใหม่,1.0
KK10_โนนศิลา_โนนแดง_M7_U7,39,พรรคกรีน,1.0
KK10_โนนศิลา_โนนแดง_M7_U7,43,พรรคพลังประชารัฐ,1.0
KK10_โนนศิลา_โนนแดง_M7_U7,45,พรรคเป็นธรรม,1.0
KK10_โนนศิลา_โนนแดง_M7_U7,46,พรรคประชาชน,50.0
KK10_โนนศิลา_โนนแดง_M7_U7,51,พรรคพร้อม,1.0
KK10_โคกโพธิ์ไชย_ซับสมบูรณ์_M10_U10,1,พรรคไทยทรัพย์ทวี,6.0
KK10_โคกโพธิ์ไชย_ซับสมบูรณ์_M10_U10,2,พรรคเพื่อชาติไทย,4.0
KK10_โคกโพธิ์ไชย_ซับสมบูรณ์_M10_U10,3,พรรคใหม่,1.0
KK10_โคกโพธิ์ไชย_ซับสมบูรณ์_M10_U10,5,พรรครวมใจไทย,7.0
KK10_โคกโพธิ์ไชย_ซับสมบูรณ์_M10_U10,6,พรรครวมไทยสร้างชาติ,2.0
KK10_โคกโพธิ์ไชย_ซับสมบูรณ์_M10_U10,8,พรรคประชาธิปไตยใหม่,2.0
KK10_โคกโพธิ์ไชย_ซับสมบูรณ์_M10_U10,9,พรรคเพื่อไทย,58.0
KK10_โคกโพธิ์ไชย_ซับสมบูรณ์_M10_U10,10,พรรคทางเลือกใหม่,1.0
KK10_โคกโพธิ์ไชย_ซับสมบูรณ์_M10_U10,11,พรรคเศรษฐกิจ,16.0
KK10_โคกโพธิ์ไชย_ซับสมบูรณ์_M10_U10,12,พรรคเสรีรวมไทย,3.0
KK10_โคกโพธิ์ไชย_ซับสมบูรณ์_M10_U10,27,พรรคประชาธิปัตย์,8.0
KK10_โคกโพธิ์ไชย_ซับสมบูรณ์_M10_U10,29,พรรคไทยภักดี,1.0
KK10_โคกโพธิ์ไชย_ซับสมบูรณ์_M10_U10,31,พรรคประชากรไทย,1.0
KK10_โคกโพธิ์ไชย_ซับสมบูรณ์_M10_U10,32,พรรคครูไทยเพื่อประชาชน,1.0
KK10_โคกโพธิ์ไชย_ซับสมบูรณ์_M10_U10,35,พรรครักชาติ,1.0
KK10_โคกโพธิ์ไชย_ซับสมบูรณ์_M10_U10,36,พรรคไทยพร้อม,1.0
KK10_โคกโพธิ์ไชย_ซับสมบูรณ์_M10_U10,37,พรรคภูมิใจไทย,18.0
KK10_โคกโพธิ์ไชย_ซับสมบูรณ์_M10_U10,38,พรรคพลังธรรมใหม่,1.0
KK10_โคกโพธิ์ไชย_ซับสมบูรณ์_M10_U10,45,พรรคเป็นธรรม,1.0
KK10_โคกโพธิ์ไชย_ซับสมบูรณ์_M10_U10,46,พรรคประชาชน,24.0
KK10_โคกโพธิ์ไชย_ซับสมบูรณ์_M10_U10,48,พรรคไทยสร้างไทย,3.0
KK10_โคกโพธิ์ไชย_ซับสมบูรณ์_M10_U10,49,พรรคไทยก้าวใหม่,1.0
KK10_โคกโพธิ์ไชย_ซับสมบูรณ์_M11_U11,1,พรรคไทยทรัพย์ทวี,13.0
KK10_โคกโพธิ์ไชย_ซับสมบูรณ์_M11_U11,2,พรรคเพื่อชาติไทย,5.0
KK10_โคกโพธิ์ไชย_ซับสมบูรณ์_M11_U11,3,พรรคใหม่,3.0
KK10_โคกโพธิ์ไชย_ซับสมบูรณ์_M11_U11,5,พรรครวมใจไทย,4.0
KK10_โคกโพธิ์ไชย_ซับสมบูรณ์_M11_U11,6,พรรครวมไทยสร้างชาติ,3.0
KK10_โคกโพธิ์ไชย_ซับสมบูรณ์_M11_U11,9,พรรคเพื่อไทย,127.0
KK10_โคกโพธิ์ไชย_ซับสมบูรณ์_M11_U11,11,พรรคเศรษฐกิจ,4.0
KK10_โคกโพธิ์ไชย_ซับสมบูรณ์_M11_U11,13,พรรครวมพลังประชาชน,1.0
KK10_โคกโพธิ์ไชย_ซับสมบูรณ์_M11_U11,16,พรรคพลังเพื่อไทย,2.0
KK10_โคกโพธิ์ไชย_ซับสมบูรณ์_M11_U11,17,พรรคไทยชนะ,1.0
KK10_โคกโพธิ์ไชย_ซับสมบูรณ์_M11_U11,18,พรรคพลังสังคมใหม่,1.0
KK10_โคกโพธิ์ไชย_ซับสมบูรณ์_M11_U11,22,พรรคก้าวอิสระ,1.0
KK10_โคกโพธิ์ไชย_ซับสมบูรณ์_M11_U11,27,พรรคประชาธิปัตย์,3.0
KK10_โคกโพธิ์ไชย_ซับสมบูรณ์_M11_U11,29,พรรคไทยภักดี,1.0
KK10_โคกโพธิ์ไชย_ซับสมบูรณ์_M11_U11,32,พรรคครูไทยเพื่อประชาชน,1.0
KK10_โคกโพธิ์ไชย_ซับสมบูรณ์_M11_U11,37,พรรคภูมิใจไทย,36.0
KK10_โคกโพธิ์ไชย_ซับสมบูรณ์_M11_U11,38,พรรคพลังธรรมใหม่,3.0
KK10_โคกโพธิ์ไชย_ซับสมบูรณ์_M11_U11,46,พรรคประชาชน,53.0
KK10_โคกโพธิ์ไชย_ซับสมบูรณ์_M11_U11,49,พรรคไทยก้าวใหม่,1.0
KK10_โคกโพธิ์ไชย_ซับสมบูรณ์_M1_U1,1,พรรคไทยทรัพย์ทวี,2.0
KK10_โคกโพธิ์ไชย_ซับสมบูรณ์_M1_U1,2,พรรคเพื่อชาติไทย,4.0
KK10_โคกโพธิ์ไชย_ซับสมบูรณ์_M1_U1,5,พรรครวมใจไทย,32.0
KK10_โคกโพธิ์ไชย_ซับสมบูรณ์_M1_U1,6,พรรครวมไทยสร้างชาติ,1.0
KK10_โคกโพธิ์ไชย_ซับสมบูรณ์_M1_U1,8,พรรคประชาธิปไตยใหม่,2.0
KK10_โคกโพธิ์ไชย_ซับสมบูรณ์_M1_U1,9,พรรคเพื่อไทย,243.0
KK10_โคกโพธิ์ไชย_ซับสมบูรณ์_M1_U1,10,พรรคทางเลือกใหม่,3.0
KK10_โคกโพธิ์ไชย_ซับสมบูรณ์_M1_U1,11,พรรคเศรษฐกิจ,2.0
KK10_โคกโพธิ์ไชย_ซับสมบูรณ์_M1_U1,14,พรรคท้องที่ไทย,1.0
KK10_โคกโพธิ์ไชย_ซับสมบูรณ์_M1_U1,16,พรรคพลังเพื่อไทย,1.0
KK10_โคกโพธิ์ไชย_ซับสมบูรณ์_M1_U1,17,พรรคไทยชนะ,1.0
KK10_โคกโพธิ์ไชย_ซับสมบูรณ์_M1_U1,27,พรรคประชาธิปัตย์,2.0
KK10_โคกโพธิ์ไชย_ซับสมบูรณ์_M1_U1,31,พรรคประชากรไทย,1.0
KK10_โคกโพธิ์ไชย_ซับสมบูรณ์_M1_U1,36,พรรคไทยพร้อม,1.0
KK10_โคกโพธิ์ไชย_ซับสมบูรณ์_M1_U1,37,พรรคภูมิใจไทย,28.0
KK10_โคกโพธิ์ไชย_ซับสมบูรณ์_M1_U1,38,พรรคพลังธรรมใหม่,2.0
KK10_โคกโพธิ์ไชย_ซับสมบูรณ์_M1_U1,46,พรรคประชาชน,9.0
KK10_โคกโพธิ์ไชย_ซับสมบูรณ์_M2_U2,1,พรรคไทยทรัพย์ทวี,7.0
KK10_โคกโพธิ์ไชย_ซับสมบูรณ์_M2_U2,2,พรรคเพื่อชาติไทย,3.0
KK10_โคกโพธิ์ไชย_ซับสมบูรณ์_M2_U2,3,พรรคใหม่,1.0
KK10_โคกโพธิ์ไชย_ซับสมบูรณ์_M2_U2,5,พรรครวมใจไทย,9.0
KK10_โคกโพธิ์ไชย_ซับสมบูรณ์_M2_U2,6,พรรครวมไทยสร้างชาติ,2.0
KK10_โคกโพธิ์ไชย_ซับสมบูรณ์_M2_U2,9,พรรคเพื่อไทย,147.0
KK10_โคกโพธิ์ไชย_ซับสมบูรณ์_M2_U2,11,พรรคเศรษฐกิจ,10.0
KK10_โคกโพธิ์ไชย_ซับสมบูรณ์_M2_U2,12,พรรคเสรีรวมไทย,2.0
KK10_โคกโพธิ์ไชย_ซับสมบูรณ์_M2_U2,13,พรรครวมพลังประชาชน,1.0
KK10_โคกโพธิ์ไชย_ซับสมบูรณ์_M2_U2,16,พรรคพลังเพื่อไทย,2.0
KK10_โคกโพธิ์ไชย_ซับสมบูรณ์_M2_U2,17,พรรคไทยชนะ,2.0
KK10_โคกโพธิ์ไชย_ซับสมบูรณ์_M2_U2,19,พรรคสังคมประชาธิปไตยไทย,1.0
KK10_โคกโพธิ์ไชย_ซับสมบูรณ์_M2_U2,21,พรรคไทรวมพลัง,1.0
KK10_โคกโพธิ์ไชย_ซับสมบูรณ์_M2_U2,24,พรรควิชชั่นใหม่,1.0
KK10_โคกโพธิ์ไชย_ซับสมบูรณ์_M2_U2,27,พรรคประชาธิปัตย์,5.0
KK10_โคกโพธิ์ไชย_ซับสมบูรณ์_M2_U2,30,พรรคแรงงานสร้างชาติ,2.0
KK10_โคกโพธิ์ไชย_ซับสมบูรณ์_M2_U2,31,พรรคประชากรไทย,2.0
KK10_โคกโพธิ์ไชย_ซับสมบูรณ์_M2_U2,34,พรรคสร้างอนาคตไทย,1.0
KK10_โคกโพธิ์ไชย_ซับสมบูรณ์_M2_U2,37,พรรคภูมิใจไทย,81.0
KK10_โคกโพธิ์ไชย_ซับสมบูรณ์_M2_U2,38,พรรคพลังธรรมใหม่,2.0
KK10_โคกโพธิ์ไชย_ซับสมบูรณ์_M2_U2,40,พรรคไทยธรรม,1.0
KK10_โคกโพธิ์ไชย_ซับสมบูรณ์_M2_U2,42,พรรคกล้าธรรม,1.0
KK10_โคกโพธิ์ไชย_ซับสมบูรณ์_M2_U2,46,พรรคประชาชน,51.0
KK10_โคกโพธิ์ไชย_ซับสมบูรณ์_M2_U2,47,พรรคประชาไทย,1.0
KK10_โคกโพธิ์ไชย_ซับสมบูรณ์_M2_U2,48,พรรคไทยสร้างไทย,1.0
KK10_โคกโพธิ์ไชย_ซับสมบูรณ์_M2_U2,57,พรรคพลังไทยรักชาติ,1.0
KK10_โคกโพธิ์ไชย_ซับสมบูรณ์_M3_U3,1,พรรคไทยทรัพย์ทวี,29.0
KK10_โคกโพธิ์ไชย_ซับสมบูรณ์_M3_U3,2,พรรคเพื่อชาติไทย,8.0
KK10_โคกโพธิ์ไชย_ซับสมบูรณ์_M3_U3,3,พรรคใหม่,3.0
KK10_โคกโพธิ์ไชย_ซับสมบูรณ์_M3_U3,4,พรรคมิติใหม่,2.0
KK10_โคกโพธิ์ไชย_ซับสมบูรณ์_M3_U3,5,พรรครวมใจไทย,20.0
KK10_โคกโพธิ์ไชย_ซับสมบูรณ์_M3_U3,6,พรรครวมไทยสร้างชาติ,3.0
KK10_โคกโพธิ์ไชย_ซับสมบูรณ์_M3_U3,7,พรรคพลวัต,1.0
KK10_โคกโพธิ์ไชย_ซับสมบูรณ์_M3_U3,8,พรรคประชาธิปไตยใหม่,2.0
KK10_โคกโพธิ์ไชย_ซับสมบูรณ์_M3_U3,9,พรรคเพื่อไทย,141.0
KK10_โคกโพธิ์ไชย_ซับสมบูรณ์_M3_U3,11,พรรคเศรษฐกิจ,4.0
KK10_โคกโพธิ์ไชย_ซับสมบูรณ์_M3_U3,12,พรรคเสรีรวมไทย,4.0
KK10_โคกโพธิ์ไชย_ซับสมบูรณ์_M3_U3,13,พรรครวมพลังประชาชน,1.0
KK10_โคกโพธิ์ไชย_ซับสมบูรณ์_M3_U3,16,พรรคพลังเพื่อไทย,1.0
KK10_โคกโพธิ์ไชย_ซับสมบูรณ์_M3_U3,17,พรรคไทยชนะ,1.0
KK10_โคกโพธิ์ไชย_ซับสมบูรณ์_M3_U3,19,พรรคสังคมประชาธิปไตยไทย,1.0
KK10_โคกโพธิ์ไชย_ซับสมบูรณ์_M3_U3,27,พรรคประชาธิปัตย์,4.0
KK10_โคกโพธิ์ไชย_ซับสมบูรณ์_M3_U3,31,พรรคประชากรไทย,1.0
KK10_โคกโพธิ์ไชย_ซับสมบูรณ์_M3_U3,32,พรรคครูไทยเพื่อประชาชน,2.0
KK10_โคกโพธิ์ไชย_ซับสมบูรณ์_M3_U3,36,พรรคไทยพร้อม,1.0
KK10_โคกโพธิ์ไชย_ซับสมบูรณ์_M3_U3,37,พรรคภูมิใจไทย,75.0
KK10_โคกโพธิ์ไชย_ซับสมบูรณ์_M3_U3,38,พรรคพลังธรรมใหม่,2.0
KK10_โคกโพธิ์ไชย_ซับสมบูรณ์_M3_U3,42,พรรคกล้าธรรม,2.0
KK10_โคกโพธิ์ไชย_ซับสมบูรณ์_M3_U3,43,พรรคพลังประชารัฐ,1.0
KK10_โคกโพธิ์ไชย_ซับสมบูรณ์_M3_U3,45,พรรคเป็นธรรม,2.0
KK10_โคกโพธิ์ไชย_ซับสมบูรณ์_M3_U3,46,พรรคประชาชน,60.0
KK10_โคกโพธิ์ไชย_ซับสมบูรณ์_M4_U4,1,พรรคไทยทรัพย์ทวี,5.0
KK10_โคกโพธิ์ไชย_ซับสมบูรณ์_M4_U4,2,พรรคเพื่อชาติไทย,2.0
KK10_โคกโพธิ์ไชย_ซับสมบูรณ์_M4_U4,3,พรรคใหม่,1.0
KK10_โคกโพธิ์ไชย_ซับสมบูรณ์_M4_U4,4,พรรคมิติใหม่,1.0
KK10_โคกโพธิ์ไชย_ซับสมบูรณ์_M4_U4,5,พรรครวมใจไทย,10.0
KK10_โคกโพธิ์ไชย_ซับสมบูรณ์_M4_U4,6,พรรครวมไทยสร้างชาติ,1.0
KK10_โคกโพธิ์ไชย_ซับสมบูรณ์_M4_U4,7,พรรคพลวัต,1.0
KK10_โคกโพธิ์ไชย_ซับสมบูรณ์_M4_U4,8,พรรคประชาธิปไตยใหม่,2.0
KK10_โคกโพธิ์ไชย_ซับสมบูรณ์_M4_U4,9,พรรคเพื่อไทย,152.0
KK10_โคกโพธิ์ไชย_ซับสมบูรณ์_M4_U4,10,พรรคทางเลือกใหม่,1.0
KK10_โคกโพธิ์ไชย_ซับสมบูรณ์_M4_U4,11,พรรคเศรษฐกิจ,11.0
KK10_โคกโพธิ์ไชย_ซับสมบูรณ์_M4_U4,12,พรรคเสรีรวมไทย,1.0
KK10_โคกโพธิ์ไชย_ซับสมบูรณ์_M4_U4,13,พรรครวมพลังประชาชน,1.0
KK10_โคกโพธิ์ไชย_ซับสมบูรณ์_M4_U4,14,พรรคท้องที่ไทย,2.0
KK10_โคกโพธิ์ไชย_ซับสมบูรณ์_M4_U4,17,พรรคไทยชนะ,2.0
KK10_โคกโพธิ์ไชย_ซับสมบูรณ์_M4_U4,27,พรรคประชาธิปัตย์,2.0
KK10_โคกโพธิ์ไชย_ซับสมบูรณ์_M4_U4,31,พรรคประชากรไทย,1.0
KK10_โคกโพธิ์ไชย_ซับสมบูรณ์_M4_U4,35,พรรครักชาติ,2.0
KK10_โคกโพธิ์ไชย_ซับสมบูรณ์_M4_U4,36,พรรคไทยพร้อม,1.0
KK10_โคกโพธิ์ไชย_ซับสมบูรณ์_M4_U4,37,พรรคภูมิใจไทย,62.0
KK10_โคกโพธิ์ไชย_ซับสมบูรณ์_M4_U4,38,พรรคพลังธรรมใหม่,1.0
KK10_โคกโพธิ์ไชย_ซับสมบูรณ์_M4_U4,42,พรรคกล้าธรรม,1.0
KK10_โคกโพธิ์ไชย_ซับสมบูรณ์_M4_U4,46,พรรคประชาชน,15.0
KK10_โคกโพธิ์ไชย_ซับสมบูรณ์_M4_U4,48,พรรคไทยสร้างไทย,5.0
KK10_โคกโพธิ์ไชย_ซับสมบูรณ์_M4_U4,49,พรรคไทยก้าวใหม่,2.0
KK10_โคกโพธิ์ไชย_ซับสมบูรณ์_M4_U4,51,พรรคพร้อม,1.0
KK10_โคกโพธิ์ไชย_ซับสมบูรณ์_M4_U4,57,พรรคพลังไทยรักชาติ,1.0
KK10_โคกโพธิ์ไชย_ซับสมบูรณ์_M5_U5,1,พรรคไทยทรัพย์ทวี,11.0
KK10_โคกโพธิ์ไชย_ซับสมบูรณ์_M5_U5,2,พรรคเพื่อชาติไทย,4.0
KK10_โคกโพธิ์ไชย_ซับสมบูรณ์_M5_U5,3,พรรคใหม่,5.0
KK10_โคกโพธิ์ไชย_ซับสมบูรณ์_M5_U5,5,พรรครวมใจไทย,29.0
KK10_โคกโพธิ์ไชย_ซับสมบูรณ์_M5_U5,6,พรรครวมไทยสร้างชาติ,10.0
KK10_โคกโพธิ์ไชย_ซับสมบูรณ์_M5_U5,7,พรรคพลวัต,1.0
KK10_โคกโพธิ์ไชย_ซับสมบูรณ์_M5_U5,8,พรรคประชาธิปไตยใหม่,2.0
KK10_โคกโพธิ์ไชย_ซับสมบูรณ์_M5_U5,9,พรรคเพื่อไทย,153.0
KK10_โคกโพธิ์ไชย_ซับสมบูรณ์_M5_U5,11,พรรคเศรษฐกิจ,13.0
KK10_โคกโพธิ์ไชย_ซับสมบูรณ์_M5_U5,13,พรรครวมพลังประชาชน,1.0
KK10_โคกโพธิ์ไชย_ซับสมบูรณ์_M5_U5,19,พรรคสังคมประชาธิปไตยไทย,1.0
KK10_โคกโพธิ์ไชย_ซับสมบูรณ์_M5_U5,20,พรรคฟิวชัน,1.0
KK10_โคกโพธิ์ไชย_ซับสมบูรณ์_M5_U5,22,พรรคก้าวอิสระ,0.0
KK10_โคกโพธิ์ไชย_ซับสมบูรณ์_M5_U5,25,พรรคเพื่อชีวิตใหม่,1.0
KK10_โคกโพธิ์ไชย_ซับสมบูรณ์_M5_U5,27,พรรคประชาธิปัตย์,8.0
KK10_โคกโพธิ์ไชย_ซับสมบูรณ์_M5_U5,31,พรรคประชากรไทย,1.0
KK10_โคกโพธิ์ไชย_ซับสมบูรณ์_M5_U5,34,พรรคสร้างอนาคตไทย,2.0
KK10_โคกโพธิ์ไชย_ซับสมบูรณ์_M5_U5,35,พรรครักชาติ,1.0
KK10_โคกโพธิ์ไชย_ซับสมบูรณ์_M5_U5,36,พรรคไทยพร้อม,1.0
KK10_โคกโพธิ์ไชย_ซับสมบูรณ์_M5_U5,37,พรรคภูมิใจไทย,111.0
KK10_โคกโพธิ์ไชย_ซับสมบูรณ์_M5_U5,38,พรรคพลังธรรมใหม่,2.0
KK10_โคกโพธิ์ไชย_ซับสมบูรณ์_M5_U5,41,พรรคแผ่นดินธรรม,1.0
KK10_โคกโพธิ์ไชย_ซับสมบูรณ์_M5_U5,43,พรรคพลังประชารัฐ,2.0
KK10_โคกโพธิ์ไชย_ซับสมบูรณ์_M5_U5,46,พรรคประชาชน,44.0
KK10_โคกโพธิ์ไชย_ซับสมบูรณ์_M5_U5,48,พรรคไทยสร้างไทย,3.0
KK10_โคกโพธิ์ไชย_ซับสมบูรณ์_M6_U6,1,พรรคไทยทรัพย์ทวี,3.0
KK10_โคกโพธิ์ไชย_ซับสมบูรณ์_M6_U6,2,พรรคเพื่อชาติไทย,4.0
KK10_โคกโพธิ์ไชย_ซับสมบูรณ์_M6_U6,5,พรรครวมใจไทย,10.0
KK10_โคกโพธิ์ไชย_ซับสมบูรณ์_M6_U6,6,พรรครวมไทยสร้างชาติ,1.0
KK10_โคกโพธิ์ไชย_ซับสมบูรณ์_M6_U6,7,พรรคพลวัต,1.0
KK10_โคกโพธิ์ไชย_ซับสมบูรณ์_M6_U6,8,พรรคประชาธิปไตยใหม่,1.0
KK10_โคกโพธิ์ไชย_ซับสมบูรณ์_M6_U6,9,พรรคเพื่อไทย,72.0
KK10_โคกโพธิ์ไชย_ซับสมบูรณ์_M6_U6,11,พรรคเศรษฐกิจ,6.0
KK10_โคกโพธิ์ไชย_ซับสมบูรณ์_M6_U6,27,พรรคประชาธิปัตย์,2.0
KK10_โคกโพธิ์ไชย_ซับสมบูรณ์_M6_U6,29,พรรคไทยภักดี,1.0
KK10_โคกโพธิ์ไชย_ซับสมบูรณ์_M6_U6,37,พรรคภูมิใจไทย,17.0
KK10_โคกโพธิ์ไชย_ซับสมบูรณ์_M6_U6,38,พรรคพลังธรรมใหม่,2.0
KK10_โคกโพธิ์ไชย_ซับสมบูรณ์_M6_U6,44,พรรคโอกาสใหม่,1.0
KK10_โคกโพธิ์ไชย_ซับสมบูรณ์_M6_U6,46,พรรคประชาชน,23.0
KK10_โคกโพธิ์ไชย_ซับสมบูรณ์_M6_U6,57,พรรคพลังไทยรักชาติ,1.0
KK10_โคกโพธิ์ไชย_ซับสมบูรณ์_M7_U7,1,พรรคไทยทรัพย์ทวี,10.0
KK10_โคกโพธิ์ไชย_ซับสมบูรณ์_M7_U7,2,พรรคเพื่อชาติไทย,3.0
KK10_โคกโพธิ์ไชย_ซับสมบูรณ์_M7_U7,3,พรรคใหม่,3.0
KK10_โคกโพธิ์ไชย_ซับสมบูรณ์_M7_U7,5,พรรครวมใจไทย,10.0
KK10_โคกโพธิ์ไชย_ซับสมบูรณ์_M7_U7,6,พรรครวมไทยสร้างชาติ,4.0
KK10_โคกโพธิ์ไชย_ซับสมบูรณ์_M7_U7,8,พรรคประชาธิปไตยใหม่,1.0
KK10_โคกโพธิ์ไชย_ซับสมบูรณ์_M7_U7,9,พรรคเพื่อไทย,101.0
KK10_โคกโพธิ์ไชย_ซับสมบูรณ์_M7_U7,10,พรรคทางเลือกใหม่,3.0
KK10_โคกโพธิ์ไชย_ซับสมบูรณ์_M7_U7,11,พรรคเศรษฐกิจ,5.0
KK10_โคกโพธิ์ไชย_ซับสมบูรณ์_M7_U7,13,พรรครวมพลังประชาชน,2.0
KK10_โคกโพธิ์ไชย_ซับสมบูรณ์_M7_U7,27,พรรคประชาธิปัตย์,2.0
KK10_โคกโพธิ์ไชย_ซับสมบูรณ์_M7_U7,28,พรรคไทยก้าวหน้า,1.0
KK10_โคกโพธิ์ไชย_ซับสมบูรณ์_M7_U7,30,พรรคแรงงานสร้างชาติ,4.0
KK10_โคกโพธิ์ไชย_ซับสมบูรณ์_M7_U7,32,พรรคครูไทยเพื่อประชาชน,3.0
KK10_โคกโพธิ์ไชย_ซับสมบูรณ์_M7_U7,37,พรรคภูมิใจไทย,26.0
KK10_โคกโพธิ์ไชย_ซับสมบูรณ์_M7_U7,38,พรรคพลังธรรมใหม่,1.0
KK10_โคกโพธิ์ไชย_ซับสมบูรณ์_M7_U7,39,พรรคกรีน,1.0
KK10_โคกโพธิ์ไชย_ซับสมบูรณ์_M7_U7,40,พรรคไทยธรรม,1.0
KK10_โคกโพธิ์ไชย_ซับสมบูรณ์_M7_U7,45,พรรคเป็นธรรม,1.0
KK10_โคกโพธิ์ไชย_ซับสมบูรณ์_M7_U7,46,พรรคประชาชน,30.0
KK10_โคกโพธิ์ไชย_ซับสมบูรณ์_M7_U7,49,พรรคไทยก้าวใหม่,2.0
KK10_โคกโพธิ์ไชย_ซับสมบูรณ์_M8_U8,1,พรรคไทยทรัพย์ทวี,2.0
KK10_โคกโพธิ์ไชย_ซับสมบูรณ์_M8_U8,2,พรรคเพื่อชาติไทย,2.0
KK10_โคกโพธิ์ไชย_ซับสมบูรณ์_M8_U8,3,พรรคใหม่,1.0
KK10_โคกโพธิ์ไชย_ซับสมบูรณ์_M8_U8,4,พรรคมิติใหม่,1.0
KK10_โคกโพธิ์ไชย_ซับสมบูรณ์_M8_U8,5,พรรครวมใจไทย,5.0
KK10_โคกโพธิ์ไชย_ซับสมบูรณ์_M8_U8,9,พรรคเพื่อไทย,83.0
KK10_โคกโพธิ์ไชย_ซับสมบูรณ์_M8_U8,11,พรรคเศรษฐกิจ,2.0
KK10_โคกโพธิ์ไชย_ซับสมบูรณ์_M8_U8,27,พรรคประชาธิปัตย์,1.0
KK10_โคกโพธิ์ไชย_ซับสมบูรณ์_M8_U8,29,พรรคไทยภักดี,1.0
KK10_โคกโพธิ์ไชย_ซับสมบูรณ์_M8_U8,31,พรรคประชากรไทย,1.0
KK10_โคกโพธิ์ไชย_ซับสมบูรณ์_M8_U8,34,พรรคสร้างอนาคตไทย,1.0
KK10_โคกโพธิ์ไชย_ซับสมบูรณ์_M8_U8,37,พรรคภูมิใจไทย,24.0
KK10_โคกโพธิ์ไชย_ซับสมบูรณ์_M8_U8,38,พรรคพลังธรรมใหม่,4.0
KK10_โคกโพธิ์ไชย_ซับสมบูรณ์_M8_U8,46,พรรคประชาชน,23.0
KK10_โคกโพธิ์ไชย_ซับสมบูรณ์_M8_U8,48,พรรคไทยสร้างไทย,3.0
KK10_โคกโพธิ์ไชย_ซับสมบูรณ์_M8_U8,49,พรรคไทยก้าวใหม่,2.0
KK10_โคกโพธิ์ไชย_ซับสมบูรณ์_M9_U9,1,พรรคไทยทรัพย์ทวี,5.0
KK10_โคกโพธิ์ไชย_ซับสมบูรณ์_M9_U9,2,พรรคเพื่อชาติไทย,2.0
KK10_โคกโพธิ์ไชย_ซับสมบูรณ์_M9_U9,3,พรรคใหม่,1.0
KK10_โคกโพธิ์ไชย_ซับสมบูรณ์_M9_U9,5,พรรครวมใจไทย,1.0
KK10_โคกโพธิ์ไชย_ซับสมบูรณ์_M9_U9,6,พรรครวมไทยสร้างชาติ,1.0
KK10_โคกโพธิ์ไชย_ซับสมบูรณ์_M9_U9,8,พรรคประชาธิปไตยใหม่,1.0
KK10_โคกโพธิ์ไชย_ซับสมบูรณ์_M9_U9,9,พรรคเพื่อไทย,186.0
KK10_โคกโพธิ์ไชย_ซับสมบูรณ์_M9_U9,11,พรรคเศรษฐกิจ,3.0
KK10_โคกโพธิ์ไชย_ซับสมบูรณ์_M9_U9,12,พรรคเสรีรวมไทย,1.0
KK10_โคกโพธิ์ไชย_ซับสมบูรณ์_M9_U9,19,พรรคสังคมประชาธิปไตยไทย,1.0
KK10_โคกโพธิ์ไชย_ซับสมบูรณ์_M9_U9,26,พรรคคลองไทย,1.0
KK10_โคกโพธิ์ไชย_ซับสมบูรณ์_M9_U9,27,พรรคประชาธิปัตย์,2.0
KK10_โคกโพธิ์ไชย_ซับสมบูรณ์_M9_U9,29,พรรคไทยภักดี,2.0
KK10_โคกโพธิ์ไชย_ซับสมบูรณ์_M9_U9,32,พรรคครูไทยเพื่อประชาชน,1.0
KK10_โคกโพธิ์ไชย_ซับสมบูรณ์_M9_U9,36,พรรคไทยพร้อม,1.0
KK10_โคกโพธิ์ไชย_ซับสมบูรณ์_M9_U9,37,พรรคภูมิใจไทย,14.0
KK10_โคกโพธิ์ไชย_ซับสมบูรณ์_M9_U9,38,พรรคพลังธรรมใหม่,1.0
KK10_โคกโพธิ์ไชย_ซับสมบูรณ์_M9_U9,42,พรรคกล้าธรรม,0.0
KK10_โคกโพธิ์ไชย_ซับสมบูรณ์_M9_U9,43,พรรคพลังประชารัฐ,1.0
KK10_โคกโพธิ์ไชย_ซับสมบูรณ์_M9_U9,46,พรรคประชาชน,45.0
KK10_โคกโพธิ์ไชย_ซับสมบูรณ์_M9_U9,47,พรรคประชาไทย,1.0
KK10_โคกโพธิ์ไชย_ซับสมบูรณ์_M9_U9,48,พรรคไทยสร้างไทย,1.0
KK10_โคกโพธิ์ไชย_นาแพง_M1_U1,1,พรรคไทยทรัพย์ทวี,11.0
KK10_โคกโพธิ์ไชย_นาแพง_M1_U1,2,พรรคเพื่อชาติไทย,5.0
KK10_โคกโพธิ์ไชย_นาแพง_M1_U1,3,พรรคใหม่,2.0
KK10_โคกโพธิ์ไชย_นาแพง_M1_U1,4,พรรคมิติใหม่,1.0
KK10_โคกโพธิ์ไชย_นาแพง_M1_U1,5,พรรครวมใจไทย,1.0
KK10_โคกโพธิ์ไชย_นาแพง_M1_U1,8,พรรคประชาธิปไตยใหม่,2.0
KK10_โคกโพธิ์ไชย_นาแพง_M1_U1,9,พรรคเพื่อไทย,148.0
KK10_โคกโพธิ์ไชย_นาแพง_M1_U1,11,พรรคเศรษฐกิจ,14.0
KK10_โคกโพธิ์ไชย_นาแพง_M1_U1,12,พรรคเสรีรวมไทย,1.0
KK10_โคกโพธิ์ไชย_นาแพง_M1_U1,25,พรรคเพื่อชีวิตใหม่,1.0
KK10_โคกโพธิ์ไชย_นาแพง_M1_U1,31,พรรคประชากรไทย,1.0
KK10_โคกโพธิ์ไชย_นาแพง_M1_U1,32,พรรคครูไทยเพื่อประชาชน,2.0
KK10_โคกโพธิ์ไชย_นาแพง_M1_U1,37,พรรคภูมิใจไทย,23.0
KK10_โคกโพธิ์ไชย_นาแพง_M1_U1,38,พรรคพลังธรรมใหม่,2.0
KK10_โคกโพธิ์ไชย_นาแพง_M1_U1,39,พรรคกรีน,1.0
KK10_โคกโพธิ์ไชย_นาแพง_M1_U1,42,พรรคกล้าธรรม,1.0
KK10_โคกโพธิ์ไชย_นาแพง_M1_U1,46,พรรคประชาชน,35.0
KK10_โคกโพธิ์ไชย_นาแพง_M2_U2,11,พรรคเศรษฐกิจ,8.0
KK10_โคกโพธิ์ไชย_นาแพง_M2_U2,12,พรรคเสรีรวมไทย,1.0
KK10_โคกโพธิ์ไชย_นาแพง_M2_U2,13,พรรครวมพลังประชาชน,2.0
KK10_โคกโพธิ์ไชย_นาแพง_M2_U2,20,พรรคฟิวชัน,1.0
KK10_โคกโพธิ์ไชย_นาแพง_M2_U2,27,พรรคประชาธิปัตย์,12.0
KK10_โคกโพธิ์ไชย_นาแพง_M2_U2,29,พรรคไทยภักดี,1.0
KK10_โคกโพธิ์ไชย_นาแพง_M2_U2,30,พรรคแรงงานสร้างชาติ,1.0
KK10_โคกโพธิ์ไชย_นาแพง_M2_U2,32,พรรคครูไทยเพื่อประชาชน,2.0
KK10_โคกโพธิ์ไชย_นาแพง_M2_U2,34,พรรคสร้างอนาคตไทย,3.0
KK10_โคกโพธิ์ไชย_นาแพง_M2_U2,37,พรรคภูมิใจไทย,52.0
KK10_โคกโพธิ์ไชย_นาแพง_M2_U2,38,พรรคพลังธรรมใหม่,9.0
KK10_โคกโพธิ์ไชย_นาแพง_M2_U2,40,พรรคไทยธรรม,2.0
KK10_โคกโพธิ์ไชย_นาแพง_M2_U2,42,พรรคกล้าธรรม,1.0
KK10_โคกโพธิ์ไชย_นาแพง_M2_U2,46,พรรคประชาชน,58.0
KK10_โคกโพธิ์ไชย_นาแพง_M2_U2,47,พรรคประชาไทย,1.0
KK10_โคกโพธิ์ไชย_นาแพง_M2_U2,49,พรรคไทยก้าวใหม่,1.0
KK10_โคกโพธิ์ไชย_นาแพง_M3_U3,1,พรรคไทยทรัพย์ทวี,14.0
KK10_โคกโพธิ์ไชย_นาแพง_M3_U3,2,พรรคเพื่อชาติไทย,5.0
KK10_โคกโพธิ์ไชย_นาแพง_M3_U3,3,พรรคใหม่,1.0
KK10_โคกโพธิ์ไชย_นาแพง_M3_U3,4,พรรคมิติใหม่,1.0
KK10_โคกโพธิ์ไชย_นาแพง_M3_U3,5,พรรครวมใจไทย,8.0
KK10_โคกโพธิ์ไชย_นาแพง_M3_U3,6,พรรครวมไทยสร้างชาติ,1.0
KK10_โคกโพธิ์ไชย_นาแพง_M3_U3,8,พรรคประชาธิปไตยใหม่,2.0
KK10_โคกโพธิ์ไชย_นาแพง_M3_U3,9,พรรคเพื่อไทย,102.0
KK10_โคกโพธิ์ไชย_นาแพง_M3_U3,10,พรรคทางเลือกใหม่,1.0
KK10_โคกโพธิ์ไชย_นาแพง_M3_U3,11,พรรคเศรษฐกิจ,2.0
KK10_โคกโพธิ์ไชย_นาแพง_M3_U3,27,พรรคประชาธิปัตย์,1.0
KK10_โคกโพธิ์ไชย_นาแพง_M3_U3,30,พรรคแรงงานสร้างชาติ,2.0
KK10_โคกโพธิ์ไชย_นาแพง_M3_U3,37,พรรคภูมิใจไทย,20.0
KK10_โคกโพธิ์ไชย_นาแพง_M3_U3,39,พรรคกรีน,1.0
KK10_โคกโพธิ์ไชย_นาแพง_M3_U3,46,พรรคประชาชน,28.0
KK10_โคกโพธิ์ไชย_นาแพง_M4_U4,1,พรรคไทยทรัพย์ทวี,22.0
KK10_โคกโพธิ์ไชย_นาแพง_M4_U4,2,พรรคเพื่อชาติไทย,5.0
KK10_โคกโพธิ์ไชย_นาแพง_M4_U4,3,พรรคใหม่,3.0
KK10_โคกโพธิ์ไชย_นาแพง_M4_U4,5,พรรครวมใจไทย,8.0
KK10_โคกโพธิ์ไชย_นาแพง_M4_U4,6,พรรครวมไทยสร้างชาติ,4.0
KK10_โคกโพธิ์ไชย_นาแพง_M4_U4,8,พรรคประชาธิปไตยใหม่,6.0
KK10_โคกโพธิ์ไชย_นาแพง_M4_U4,9,พรรคเพื่อไทย,102.0
KK10_โคกโพธิ์ไชย_นาแพง_M4_U4,11,พรรคเศรษฐกิจ,14.0
KK10_โคกโพธิ์ไชย_นาแพง_M4_U4,12,พรรคเสรีรวมไทย,3.0
KK10_โคกโพธิ์ไชย_นาแพง_M4_U4,15,พรรคอนาคตไทย,1.0
KK10_โคกโพธิ์ไชย_นาแพง_M4_U4,16,พรรคพลังเพื่อไทย,2.0
KK10_โคกโพธิ์ไชย_นาแพง_M4_U4,17,พรรคไทยชนะ,1.0
KK10_โคกโพธิ์ไชย_นาแพง_M4_U4,27,พรรคประชาธิปัตย์,5.0
KK10_โคกโพธิ์ไชย_นาแพง_M4_U4,28,พรรคไทยก้าวหน้า,1.0
KK10_โคกโพธิ์ไชย_นาแพง_M4_U4,32,พรรคครูไทยเพื่อประชาชน,1.0
KK10_โคกโพธิ์ไชย_นาแพง_M4_U4,33,พรรคประชาชาติ,1.0
KK10_โคกโพธิ์ไชย_นาแพง_M4_U4,35,พรรครักชาติ,1.0
KK10_โคกโพธิ์ไชย_นาแพง_M4_U4,37,พรรคภูมิใจไทย,32.0
KK10_โคกโพธิ์ไชย_นาแพง_M4_U4,43,พรรคพลังประชารัฐ,1.0
KK10_โคกโพธิ์ไชย_นาแพง_M4_U4,45,พรรคเป็นธรรม,1.0
KK10_โคกโพธิ์ไชย_นาแพง_M4_U4,46,พรรคประชาชน,58.0
KK10_โคกโพธิ์ไชย_นาแพง_M4_U4,48,พรรคไทยสร้างไทย,2.0
KK10_โคกโพธิ์ไชย_นาแพง_M4_U4,49,พรรคไทยก้าวใหม่,1.0
KK10_โคกโพธิ์ไชย_นาแพง_M4_U4,57,พรรคพลังไทยรักชาติ,1.0
KK10_โคกโพธิ์ไชย_นาแพง_M5_U5,1,พรรคไทยทรัพย์ทวี,18.0
KK10_โคกโพธิ์ไชย_นาแพง_M5_U5,2,พรรคเพื่อชาติไทย,5.0
KK10_โคกโพธิ์ไชย_นาแพง_M5_U5,3,พรรคใหม่,3.0
KK10_โคกโพธิ์ไชย_นาแพง_M5_U5,5,พรรครวมใจไทย,10.0
KK10_โคกโพธิ์ไชย_นาแพง_M5_U5,6,พรรครวมไทยสร้างชาติ,2.0
KK10_โคกโพธิ์ไชย_นาแพง_M5_U5,8,พรรคประชาธิปไตยใหม่,23.0
KK10_โคกโพธิ์ไชย_นาแพง_M5_U5,9,พรรคเพื่อไทย,107.0
KK10_โคกโพธิ์ไชย_นาแพง_M5_U5,10,พรรคทางเลือกใหม่,2.0
KK10_โคกโพธิ์ไชย_นาแพง_M5_U5,11,พรรคเศรษฐกิจ,12.0
KK10_โคกโพธิ์ไชย_นาแพง_M5_U5,12,พรรคเสรีรวมไทย,4.0
KK10_โคกโพธิ์ไชย_นาแพง_M5_U5,14,พรรคท้องที่ไทย,1.0
KK10_โคกโพธิ์ไชย_นาแพง_M5_U5,16,พรรคพลังเพื่อไทย,2.0
KK10_โคกโพธิ์ไชย_นาแพง_M5_U5,18,พรรคพลังสังคมใหม่,1.0
KK10_โคกโพธิ์ไชย_นาแพง_M5_U5,19,พรรคสังคมประชาธิปไตยไทย,1.0
KK10_โคกโพธิ์ไชย_นาแพง_M5_U5,24,พรรควิชชั่นใหม่,1.0
KK10_โคกโพธิ์ไชย_นาแพง_M5_U5,27,พรรคประชาธิปัตย์,1.0
KK10_โคกโพธิ์ไชย_นาแพง_M5_U5,29,พรรคไทยภักดี,3.0
KK10_โคกโพธิ์ไชย_นาแพง_M5_U5,30,พรรคแรงงานสร้างชาติ,1.0
KK10_โคกโพธิ์ไชย_นาแพง_M5_U5,37,พรรคภูมิใจไทย,38.0
KK10_โคกโพธิ์ไชย_นาแพง_M5_U5,38,พรรคพลังธรรมใหม่,1.0
KK10_โคกโพธิ์ไชย_นาแพง_M5_U5,46,พรรคประชาชน,72.0
KK10_โคกโพธิ์ไชย_นาแพง_M5_U5,48,พรรคไทยสร้างไทย,1.0
KK10_โคกโพธิ์ไชย_นาแพง_M5_U5,57,พรรคพลังไทยรักชาติ,1.0
KK10_โคกโพธิ์ไชย_นาแพง_M6_U6,1,พรรคไทยทรัพย์ทวี,7.0
KK10_โคกโพธิ์ไชย_นาแพง_M6_U6,2,พรรคเพื่อชาติไทย,6.0
KK10_โคกโพธิ์ไชย_นาแพง_M6_U6,3,พรรคใหม่,1.0
KK10_โคกโพธิ์ไชย_นาแพง_M6_U6,5,พรรครวมใจไทย,3.0
KK10_โคกโพธิ์ไชย_นาแพง_M6_U6,8,พรรคประชาธิปไตยใหม่,4.0
KK10_โคกโพธิ์ไชย_นาแพง_M6_U6,9,พรรคเพื่อไทย,132.0
KK10_โคกโพธิ์ไชย_นาแพง_M6_U6,11,พรรคเศรษฐกิจ,1.0
KK10_โคกโพธิ์ไชย_นาแพง_M6_U6,12,พรรคเสรีรวมไทย,3.0
KK10_โคกโพธิ์ไชย_นาแพง_M6_U6,13,พรรครวมพลังประชาชน,1.0
KK10_โคกโพธิ์ไชย_นาแพง_M6_U6,15,พรรคอนาคตไทย,1.0
KK10_โคกโพธิ์ไชย_นาแพง_M6_U6,16,พรรคพลังเพื่อไทย,1.0
KK10_โคกโพธิ์ไชย_นาแพง_M6_U6,24,พรรควิชชั่นใหม่,2.0
KK10_โคกโพธิ์ไชย_นาแพง_M6_U6,30,พรรคแรงงานสร้างชาติ,1.0
KK10_โคกโพธิ์ไชย_นาแพง_M6_U6,31,พรรคประชากรไทย,1.0
KK10_โคกโพธิ์ไชย_นาแพง_M6_U6,35,พรรครักชาติ,1.0
KK10_โคกโพธิ์ไชย_นาแพง_M6_U6,37,พรรคภูมิใจไทย,43.0
KK10_โคกโพธิ์ไชย_นาแพง_M6_U6,38,พรรคพลังธรรมใหม่,3.0
KK10_โคกโพธิ์ไชย_นาแพง_M6_U6,42,พรรคกล้าธรรม,1.0
KK10_โคกโพธิ์ไชย_นาแพง_M6_U6,43,พรรคพลังประชารัฐ,1.0
KK10_โคกโพธิ์ไชย_นาแพง_M6_U6,44,พรรคโอกาสใหม่,1.0
KK10_โคกโพธิ์ไชย_นาแพง_M6_U6,45,พรรคเป็นธรรม,1.0
KK10_โคกโพธิ์ไชย_นาแพง_M6_U6,46,พรรคประชาชน,54.0
KK10_โคกโพธิ์ไชย_นาแพง_M6_U6,47,พรรคประชาไทย,1.0
KK10_โคกโพธิ์ไชย_นาแพง_M6_U6,48,พรรคไทยสร้างไทย,1.0
KK10_โคกโพธิ์ไชย_นาแพง_M6_U6,49,พรรคไทยก้าวใหม่,1.0
KK10_โคกโพธิ์ไชย_นาแพง_M6_U6,50,พรรคอาสาสมัครประชาชนไทย,1.0
KK10_โคกโพธิ์ไชย_นาแพง_M6_U6,53,พรรคไทยพิทักษ์ธรรม,1.0
KK10_โคกโพธิ์ไชย_นาแพง_M7_U7,1,พรรคไทยทรัพย์ทวี,8.0
KK10_โคกโพธิ์ไชย_นาแพง_M7_U7,2,พรรคเพื่อชาติไทย,1.0
KK10_โคกโพธิ์ไชย_นาแพง_M7_U7,3,พรรคใหม่,1.0
KK10_โคกโพธิ์ไชย_นาแพง_M7_U7,5,พรรครวมใจไทย,6.0
KK10_โคกโพธิ์ไชย_นาแพง_M7_U7,6,พรรครวมไทยสร้างชาติ,5.0
KK10_โคกโพธิ์ไชย_นาแพง_M7_U7,8,พรรคประชาธิปไตยใหม่,2.0
KK10_โคกโพธิ์ไชย_นาแพง_M7_U7,9,พรรคเพื่อไทย,147.0
KK10_โคกโพธิ์ไชย_นาแพง_M7_U7,11,พรรคเศรษฐกิจ,5.0
KK10_โคกโพธิ์ไชย_นาแพง_M7_U7,12,พรรคเสรีรวมไทย,1.0
KK10_โคกโพธิ์ไชย_นาแพง_M7_U7,13,พรรครวมพลังประชาชน,1.0
KK10_โคกโพธิ์ไชย_นาแพง_M7_U7,23,พรรคปวงชนไทย,1.0
KK10_โคกโพธิ์ไชย_นาแพง_M7_U7,30,พรรคแรงงานสร้างชาติ,1.0
KK10_โคกโพธิ์ไชย_นาแพง_M7_U7,37,พรรคภูมิใจไทย,15.0
KK10_โคกโพธิ์ไชย_นาแพง_M7_U7,38,พรรคพลังธรรมใหม่,3.0
KK10_โคกโพธิ์ไชย_นาแพง_M7_U7,46,พรรคประชาชน,36.0
KK10_โคกโพธิ์ไชย_นาแพง_M9_U8,1,พรรคไทยทรัพย์ทวี,15.0
KK10_โคกโพธิ์ไชย_นาแพง_M9_U8,2,พรรคเพื่อชาติไทย,4.0
KK10_โคกโพธิ์ไชย_นาแพง_M9_U8,5,พรรครวมใจไทย,9.0
KK10_โคกโพธิ์ไชย_นาแพง_M9_U8,9,พรรคเพื่อไทย,159.0
KK10_โคกโพธิ์ไชย_นาแพง_M9_U8,11,พรรคเศรษฐกิจ,6.0
KK10_โคกโพธิ์ไชย_นาแพง_M9_U8,12,พรรคเสรีรวมไทย,1.0
KK10_โคกโพธิ์ไชย_นาแพง_M9_U8,17,พรรคไทยชนะ,1.0
KK10_โคกโพธิ์ไชย_นาแพง_M9_U8,25,พรรคเพื่อชีวิตใหม่,1.0
KK10_โคกโพธิ์ไชย_นาแพง_M9_U8,27,พรรคประชาธิปัตย์,5.0
KK10_โคกโพธิ์ไชย_นาแพง_M9_U8,34,พรรคสร้างอนาคตไทย,3.0
KK10_โคกโพธิ์ไชย_นาแพง_M9_U8,37,พรรคภูมิใจไทย,89.0
KK10_โคกโพธิ์ไชย_นาแพง_M9_U8,38,พรรคพลังธรรมใหม่,2.0
KK10_โคกโพธิ์ไชย_นาแพง_M9_U8,46,พรรคประชาชน,1.0
KK10_โคกโพธิ์ไชย_นาแพง_M9_U8,47,พรรคประชาไทย,1.0
KK10_โคกโพธิ์ไชย_นาแพง_M9_U8,48,พรรคไทยสร้างไทย,1.0
KK10_โคกโพธิ์ไชย_นาแพง_M9_U8,55,พรรคไทยรวมไทย,1.0
KK10_โคกโพธิ์ไชย_บ้านโคก_M1_U1,1,พรรคไทยทรัพย์ทวี,22.0
KK10_โคกโพธิ์ไชย_บ้านโคก_M1_U1,2,พรรคเพื่อชาติไทย,4.0
KK10_โคกโพธิ์ไชย_บ้านโคก_M1_U1,3,พรรคใหม่,1.0
KK10_โคกโพธิ์ไชย_บ้านโคก_M1_U1,4,พรรคมิติใหม่,1.0
KK10_โคกโพธิ์ไชย_บ้านโคก_M1_U1,5,พรรครวมใจไทย,21.0
KK10_โคกโพธิ์ไชย_บ้านโคก_M1_U1,6,พรรครวมไทยสร้างชาติ,4.0
KK10_โคกโพธิ์ไชย_บ้านโคก_M1_U1,7,พรรคพลวัต,2.0
KK10_โคกโพธิ์ไชย_บ้านโคก_M1_U1,8,พรรคประชาธิปไตยใหม่,1.0
KK10_โคกโพธิ์ไชย_บ้านโคก_M1_U1,9,พรรคเพื่อไทย,116.0
KK10_โคกโพธิ์ไชย_บ้านโคก_M1_U1,10,พรรคทางเลือกใหม่,1.0
KK10_โคกโพธิ์ไชย_บ้านโคก_M1_U1,11,พรรคเศรษฐกิจ,3.0
KK10_โคกโพธิ์ไชย_บ้านโคก_M1_U1,12,พรรคเสรีรวมไทย,3.0
KK10_โคกโพธิ์ไชย_บ้านโคก_M1_U1,13,พรรครวมพลังประชาชน,4.0
KK10_โคกโพธิ์ไชย_บ้านโคก_M1_U1,15,พรรคอนาคตไทย,1.0
KK10_โคกโพธิ์ไชย_บ้านโคก_M1_U1,16,พรรคพลังเพื่อไทย,3.0
KK10_โคกโพธิ์ไชย_บ้านโคก_M1_U1,27,พรรคประชาธิปัตย์,3.0
KK10_โคกโพธิ์ไชย_บ้านโคก_M1_U1,28,พรรคไทยก้าวหน้า,1.0
KK10_โคกโพธิ์ไชย_บ้านโคก_M1_U1,29,พรรคไทยภักดี,3.0
KK10_โคกโพธิ์ไชย_บ้านโคก_M1_U1,30,พรรคแรงงานสร้างชาติ,1.0
KK10_โคกโพธิ์ไชย_บ้านโคก_M1_U1,31,พรรคประชากรไทย,1.0
KK10_โคกโพธิ์ไชย_บ้านโคก_M1_U1,32,พรรคครูไทยเพื่อประชาชน,3.0
KK10_โคกโพธิ์ไชย_บ้านโคก_M1_U1,34,พรรคสร้างอนาคตไทย,1.0
KK10_โคกโพธิ์ไชย_บ้านโคก_M1_U1,37,พรรคภูมิใจไทย,53.0
KK10_โคกโพธิ์ไชย_บ้านโคก_M1_U1,42,พรรคกล้าธรรม,1.0
KK10_โคกโพธิ์ไชย_บ้านโคก_M1_U1,45,พรรคเป็นธรรม,1.0
KK10_โคกโพธิ์ไชย_บ้านโคก_M1_U1,46,พรรคประชาชน,68.0
KK10_โคกโพธิ์ไชย_บ้านโคก_M1_U1,48,พรรคไทยสร้างไทย,2.0
KK10_โคกโพธิ์ไชย_บ้านโคก_M4_U1,1,พรรคไทยทรัพย์ทวี,15.0
KK10_โคกโพธิ์ไชย_บ้านโคก_M4_U1,2,พรรคเพื่อชาติไทย,9.0
KK10_โคกโพธิ์ไชย_บ้านโคก_M4_U1,3,พรรคใหม่,3.0
KK10_โคกโพธิ์ไชย_บ้านโคก_M4_U1,5,พรรครวมใจไทย,11.0
KK10_โคกโพธิ์ไชย_บ้านโคก_M4_U1,6,พรรครวมไทยสร้างชาติ,4.0
KK10_โคกโพธิ์ไชย_บ้านโคก_M4_U1,8,พรรคประชาธิปไตยใหม่,1.0
KK10_โคกโพธิ์ไชย_บ้านโคก_M4_U1,9,พรรคเพื่อไทย,185.0
KK10_โคกโพธิ์ไชย_บ้านโคก_M4_U1,10,พรรคทางเลือกใหม่,1.0
KK10_โคกโพธิ์ไชย_บ้านโคก_M4_U1,11,พรรคเศรษฐกิจ,7.0
KK10_โคกโพธิ์ไชย_บ้านโคก_M4_U1,12,พรรคเสรีรวมไทย,1.0
KK10_โคกโพธิ์ไชย_บ้านโคก_M4_U1,13,พรรครวมพลังประชาชน,1.0
KK10_โคกโพธิ์ไชย_บ้านโคก_M4_U1,14,พรรคท้องที่ไทย,1.0
KK10_โคกโพธิ์ไชย_บ้านโคก_M4_U1,17,พรรคไทยชนะ,1.0
KK10_โคกโพธิ์ไชย_บ้านโคก_M4_U1,19,พรรคสังคมประชาธิปไตยไทย,1.0
KK10_โคกโพธิ์ไชย_บ้านโคก_M4_U1,25,พรรคเพื่อชีวิตใหม่,1.0
KK10_โคกโพธิ์ไชย_บ้านโคก_M4_U1,27,พรรคประชาธิปัตย์,3.0
KK10_โคกโพธิ์ไชย_บ้านโคก_M4_U1,28,พรรคไทยก้าวหน้า,1.0
KK10_โคกโพธิ์ไชย_บ้านโคก_M4_U1,30,พรรคแรงงานสร้างชาติ,1.0
KK10_โคกโพธิ์ไชย_บ้านโคก_M4_U1,33,พรรคประชาชาติ,1.0
KK10_โคกโพธิ์ไชย_บ้านโคก_M4_U1,34,พรรคสร้างอนาคตไทย,2.0
KK10_โคกโพธิ์ไชย_บ้านโคก_M4_U1,37,พรรคภูมิใจไทย,70.0
KK10_โคกโพธิ์ไชย_บ้านโคก_M4_U1,38,พรรคพลังธรรมใหม่,2.0
KK10_โคกโพธิ์ไชย_บ้านโคก_M4_U1,42,พรรคกล้าธรรม,1.0
KK10_โคกโพธิ์ไชย_บ้านโคก_M4_U1,46,พรรคประชาชน,68.0
KK10_โคกโพธิ์ไชย_บ้านโคก_M4_U1,48,พรรคไทยสร้างไทย,1.0
KK10_โคกโพธิ์ไชย_บ้านโคก_M4_U1,49,พรรคไทยก้าวใหม่,3.0
KK10_โคกโพธิ์ไชย_บ้านโคก_M4_U1,51,พรรคพร้อม,1.0
KK10_โคกโพธิ์ไชย_บ้านโคก_M4_U1,55,พรรคไทยรวมไทย,1.0
KK10_โคกโพธิ์ไชย_บ้านโคก_M4_U1,56,พรรคเพื่อชาติ,1.0
KK10_โคกโพธิ์ไชย_บ้านโคก_M2_U2,1,พรรคไทยทรัพย์ทวี,16.0
KK10_โคกโพธิ์ไชย_บ้านโคก_M2_U2,2,พรรคเพื่อชาติไทย,5.0
KK10_โคกโพธิ์ไชย_บ้านโคก_M2_U2,3,พรรคใหม่,4.0
KK10_โคกโพธิ์ไชย_บ้านโคก_M2_U2,5,พรรครวมใจไทย,31.0
KK10_โคกโพธิ์ไชย_บ้านโคก_M2_U2,6,พรรครวมไทยสร้างชาติ,1.0
KK10_โคกโพธิ์ไชย_บ้านโคก_M2_U2,7,พรรคพลวัต,1.0
KK10_โคกโพธิ์ไชย_บ้านโคก_M2_U2,8,พรรคประชาธิปไตยใหม่,6.0
KK10_โคกโพธิ์ไชย_บ้านโคก_M2_U2,9,พรรคเพื่อไทย,169.0
KK10_โคกโพธิ์ไชย_บ้านโคก_M2_U2,10,พรรคทางเลือกใหม่,2.0
KK10_โคกโพธิ์ไชย_บ้านโคก_M2_U2,11,พรรคเศรษฐกิจ,12.0
KK10_โคกโพธิ์ไชย_บ้านโคก_M2_U2,12,พรรคเสรีรวมไทย,4.0
KK10_โคกโพธิ์ไชย_บ้านโคก_M2_U2,13,พรรครวมพลังประชาชน,2.0
KK10_โคกโพธิ์ไชย_บ้านโคก_M2_U2,16,พรรคพลังเพื่อไทย,1.0
KK10_โคกโพธิ์ไชย_บ้านโคก_M2_U2,27,พรรคประชาธิปัตย์,12.0
KK10_โคกโพธิ์ไชย_บ้านโคก_M2_U2,29,พรรคไทยภักดี,6.0
KK10_โคกโพธิ์ไชย_บ้านโคก_M2_U2,31,พรรคประชากรไทย,1.0
KK10_โคกโพธิ์ไชย_บ้านโคก_M2_U2,32,พรรคครูไทยเพื่อประชาชน,3.0
KK10_โคกโพธิ์ไชย_บ้านโคก_M2_U2,33,พรรคประชาชาติ,2.0
KK10_โคกโพธิ์ไชย_บ้านโคก_M2_U2,34,พรรคสร้างอนาคตไทย,1.0
KK10_โคกโพธิ์ไชย_บ้านโคก_M2_U2,35,พรรครักชาติ,1.0
KK10_โคกโพธิ์ไชย_บ้านโคก_M2_U2,37,พรรคภูมิใจไทย,72.0
KK10_โคกโพธิ์ไชย_บ้านโคก_M2_U2,38,พรรคพลังธรรมใหม่,4.0
KK10_โคกโพธิ์ไชย_บ้านโคก_M2_U2,39,พรรคกรีน,1.0
KK10_โคกโพธิ์ไชย_บ้านโคก_M2_U2,43,พรรคพลังประชารัฐ,1.0
KK10_โคกโพธิ์ไชย_บ้านโคก_M2_U2,46,พรรคประชาชน,111.0
KK10_โคกโพธิ์ไชย_บ้านโคก_M2_U2,47,พรรคประชาไทย,1.0
KK10_โคกโพธิ์ไชย_บ้านโคก_M2_U2,48,พรรคไทยสร้างไทย,1.0
KK10_โคกโพธิ์ไชย_บ้านโคก_M2_U2,49,พรรคไทยก้าวใหม่,3.0
KK10_โคกโพธิ์ไชย_บ้านโคก_M2_U2,55,พรรคไทยรวมไทย,1.0
KK10_โคกโพธิ์ไชย_บ้านโคก_M5_U2,1,พรรคไทยทรัพย์ทวี,7.0
KK10_โคกโพธิ์ไชย_บ้านโคก_M5_U2,2,พรรคเพื่อชาติไทย,5.0
KK10_โคกโพธิ์ไชย_บ้านโคก_M5_U2,3,พรรคใหม่,1.0
KK10_โคกโพธิ์ไชย_บ้านโคก_M5_U2,5,พรรครวมใจไทย,10.0
KK10_โคกโพธิ์ไชย_บ้านโคก_M5_U2,6,พรรครวมไทยสร้างชาติ,1.0
KK10_โคกโพธิ์ไชย_บ้านโคก_M5_U2,9,พรรคเพื่อไทย,94.0
KK10_โคกโพธิ์ไชย_บ้านโคก_M5_U2,11,พรรคเศรษฐกิจ,7.0
KK10_โคกโพธิ์ไชย_บ้านโคก_M5_U2,12,พรรคเสรีรวมไทย,4.0
KK10_โคกโพธิ์ไชย_บ้านโคก_M5_U2,27,พรรคประชาธิปัตย์,2.0
KK10_โคกโพธิ์ไชย_บ้านโคก_M5_U2,35,พรรครักชาติ,2.0
KK10_โคกโพธิ์ไชย_บ้านโคก_M5_U2,37,พรรคภูมิใจไทย,29.0
KK10_โคกโพธิ์ไชย_บ้านโคก_M5_U2,38,พรรคพลังธรรมใหม่,2.0
KK10_โคกโพธิ์ไชย_บ้านโคก_M5_U2,46,พรรคประชาชน,31.0
KK10_โคกโพธิ์ไชย_บ้านโคก_M5_U2,55,พรรคไทยรวมไทย,1.0
KK10_โคกโพธิ์ไชย_บ้านโคก_M2_U3,1,พรรคไทยทรัพย์ทวี,11.0
KK10_โคกโพธิ์ไชย_บ้านโคก_M2_U3,2,พรรคเพื่อชาติไทย,5.0
KK10_โคกโพธิ์ไชย_บ้านโคก_M2_U3,5,พรรครวมใจไทย,7.0
KK10_โคกโพธิ์ไชย_บ้านโคก_M2_U3,9,พรรคเพื่อไทย,81.0
KK10_โคกโพธิ์ไชย_บ้านโคก_M2_U3,10,พรรคทางเลือกใหม่,1.0
KK10_โคกโพธิ์ไชย_บ้านโคก_M2_U3,11,พรรคเศรษฐกิจ,1.0
KK10_โคกโพธิ์ไชย_บ้านโคก_M2_U3,13,พรรครวมพลังประชาชน,1.0
KK10_โคกโพธิ์ไชย_บ้านโคก_M2_U3,16,พรรคพลังเพื่อไทย,2.0
KK10_โคกโพธิ์ไชย_บ้านโคก_M2_U3,27,พรรคประชาธิปัตย์,2.0
KK10_โคกโพธิ์ไชย_บ้านโคก_M2_U3,30,พรรคแรงงานสร้างชาติ,2.0
KK10_โคกโพธิ์ไชย_บ้านโคก_M2_U3,32,พรรคครูไทยเพื่อประชาชน,1.0
KK10_โคกโพธิ์ไชย_บ้านโคก_M2_U3,33,พรรคประชาชาติ,1.0
KK10_โคกโพธิ์ไชย_บ้านโคก_M2_U3,35,พรรครักชาติ,2.0
KK10_โคกโพธิ์ไชย_บ้านโคก_M2_U3,37,พรรคภูมิใจไทย,8.0
KK10_โคกโพธิ์ไชย_บ้านโคก_M2_U3,39,พรรคกรีน,1.0
KK10_โคกโพธิ์ไชย_บ้านโคก_M2_U3,46,พรรคประชาชน,27.0
KK10_โคกโพธิ์ไชย_บ้านโคก_M2_U3,48,พรรคไทยสร้างไทย,2.0
KK10_โคกโพธิ์ไชย_บ้านโคก_M3_U3,1,พรรคไทยทรัพย์ทวี,4.0
KK10_โคกโพธิ์ไชย_บ้านโคก_M3_U3,3,พรรคใหม่,2.0
KK10_โคกโพธิ์ไชย_บ้านโคก_M3_U3,5,พรรครวมใจไทย,8.0
KK10_โคกโพธิ์ไชย_บ้านโคก_M3_U3,6,พรรครวมไทยสร้างชาติ,5.0
KK10_โคกโพธิ์ไชย_บ้านโคก_M3_U3,8,พรรคประชาธิปไตยใหม่,1.0
KK10_โคกโพธิ์ไชย_บ้านโคก_M3_U3,9,พรรคเพื่อไทย,66.0
KK10_โคกโพธิ์ไชย_บ้านโคก_M3_U3,10,พรรคทางเลือกใหม่,1.0
KK10_โคกโพธิ์ไชย_บ้านโคก_M3_U3,11,พรรคเศรษฐกิจ,10.0
KK10_โคกโพธิ์ไชย_บ้านโคก_M3_U3,12,พรรคเสรีรวมไทย,1.0
KK10_โคกโพธิ์ไชย_บ้านโคก_M3_U3,16,พรรคพลังเพื่อไทย,1.0
KK10_โคกโพธิ์ไชย_บ้านโคก_M3_U3,27,พรรคประชาธิปัตย์,8.0
KK10_โคกโพธิ์ไชย_บ้านโคก_M3_U3,31,พรรคประชากรไทย,2.0
KK10_โคกโพธิ์ไชย_บ้านโคก_M3_U3,32,พรรคครูไทยเพื่อประชาชน,1.0
KK10_โคกโพธิ์ไชย_บ้านโคก_M3_U3,33,พรรคประชาชาติ,1.0
KK10_โคกโพธิ์ไชย_บ้านโคก_M3_U3,35,พรรครักชาติ,2.0
KK10_โคกโพธิ์ไชย_บ้านโคก_M3_U3,37,พรรคภูมิใจไทย,69.0
KK10_โคกโพธิ์ไชย_บ้านโคก_M3_U3,38,พรรคพลังธรรมใหม่,3.0
KK10_โคกโพธิ์ไชย_บ้านโคก_M3_U3,39,พรรคกรีน,1.0
KK10_โคกโพธิ์ไชย_บ้านโคก_M3_U3,43,พรรคพลังประชารัฐ,1.0
KK10_โคกโพธิ์ไชย_บ้านโคก_M3_U3,45,พรรคเป็นธรรม,1.0
KK10_โคกโพธิ์ไชย_บ้านโคก_M3_U3,46,พรรคประชาชน,66.0
KK10_โคกโพธิ์ไชย_บ้านโคก_M3_U3,48,พรรคไทยสร้างไทย,1.0
KK10_โคกโพธิ์ไชย_บ้านโคก_M3_U3,51,พรรคพร้อม,1.0
KK10_โคกโพธิ์ไชย_บ้านโคก_M7_U4,1,พรรคไทยทรัพย์ทวี,12.0
KK10_โคกโพธิ์ไชย_บ้านโคก_M7_U4,2,พรรคเพื่อชาติไทย,9.0
KK10_โคกโพธิ์ไชย_บ้านโคก_M7_U4,3,พรรคใหม่,5.0
KK10_โคกโพธิ์ไชย_บ้านโคก_M7_U4,4,พรรคมิติใหม่,1.0
KK10_โคกโพธิ์ไชย_บ้านโคก_M7_U4,5,พรรครวมใจไทย,17.0
KK10_โคกโพธิ์ไชย_บ้านโคก_M7_U4,6,พรรครวมไทยสร้างชาติ,7.0
KK10_โคกโพธิ์ไชย_บ้านโคก_M7_U4,8,พรรคประชาธิปไตยใหม่,3.0
KK10_โคกโพธิ์ไชย_บ้านโคก_M7_U4,9,พรรคเพื่อไทย,121.0
KK10_โคกโพธิ์ไชย_บ้านโคก_M7_U4,10,พรรคทางเลือกใหม่,1.0
KK10_โคกโพธิ์ไชย_บ้านโคก_M7_U4,11,พรรคเศรษฐกิจ,10.0
KK10_โคกโพธิ์ไชย_บ้านโคก_M7_U4,12,พรรคเสรีรวมไทย,7.0
KK10_โคกโพธิ์ไชย_บ้านโคก_M7_U4,13,พรรครวมพลังประชาชน,7.0
KK10_โคกโพธิ์ไชย_บ้านโคก_M7_U4,15,พรรคอนาคตไทย,1.0
KK10_โคกโพธิ์ไชย_บ้านโคก_M7_U4,16,พรรคพลังเพื่อไทย,1.0
KK10_โคกโพธิ์ไชย_บ้านโคก_M7_U4,23,พรรคปวงชนไทย,1.0
KK10_โคกโพธิ์ไชย_บ้านโคก_M7_U4,27,พรรคประชาธิปัตย์,13.0
KK10_โคกโพธิ์ไชย_บ้านโคก_M7_U4,29,พรรคไทยภักดี,3.0
KK10_โคกโพธิ์ไชย_บ้านโคก_M7_U4,31,พรรคประชากรไทย,1.0
KK10_โคกโพธิ์ไชย_บ้านโคก_M7_U4,32,พรรคครูไทยเพื่อประชาชน,5.0
KK10_โคกโพธิ์ไชย_บ้านโคก_M7_U4,33,พรรคประชาชาติ,1.0
KK10_โคกโพธิ์ไชย_บ้านโคก_M7_U4,34,พรรคสร้างอนาคตไทย,1.0
KK10_โคกโพธิ์ไชย_บ้านโคก_M7_U4,35,พรรครักชาติ,1.0
KK10_โคกโพธิ์ไชย_บ้านโคก_M7_U4,36,พรรคไทยพร้อม,1.0
KK10_โคกโพธิ์ไชย_บ้านโคก_M7_U4,37,พรรคภูมิใจไทย,94.0
KK10_โคกโพธิ์ไชย_บ้านโคก_M7_U4,38,พรรคพลังธรรมใหม่,1.0
KK10_โคกโพธิ์ไชย_บ้านโคก_M7_U4,42,พรรคกล้าธรรม,2.0
KK10_โคกโพธิ์ไชย_บ้านโคก_M7_U4,43,พรรคพลังประชารัฐ,3.0
KK10_โคกโพธิ์ไชย_บ้านโคก_M7_U4,46,พรรคประชาชน,87.0
KK10_โคกโพธิ์ไชย_บ้านโคก_M7_U4,47,พรรคประชาไทย,2.0
KK10_โคกโพธิ์ไชย_บ้านโคก_M7_U4,48,พรรคไทยสร้างไทย,1.0
KK10_โคกโพธิ์ไชย_บ้านโคก_M7_U4,49,พรรคไทยก้าวใหม่,1.0
KK10_โคกโพธิ์ไชย_บ้านโคก_M7_U4,56,พรรคเพื่อชาติ,1.0
KK10_โคกโพธิ์ไชย_บ้านโคก_M1_U4,1,พรรคไทยทรัพย์ทวี,15.0
KK10_โคกโพธิ์ไชย_บ้านโคก_M1_U4,2,พรรคเพื่อชาติไทย,4.0
KK10_โคกโพธิ์ไชย_บ้านโคก_M1_U4,3,พรรคใหม่,1.0
KK10_โคกโพธิ์ไชย_บ้านโคก_M1_U4,4,พรรคมิติใหม่,0.0
KK10_โคกโพธิ์ไชย_บ้านโคก_M1_U4,5,พรรครวมใจไทย,17.0
KK10_โคกโพธิ์ไชย_บ้านโคก_M1_U4,6,พรรครวมไทยสร้างชาติ,8.0
KK10_โคกโพธิ์ไชย_บ้านโคก_M1_U4,7,พรรคพลวัต,1.0
KK10_โคกโพธิ์ไชย_บ้านโคก_M1_U4,8,พรรคประชาธิปไตยใหม่,0.0
KK10_โคกโพธิ์ไชย_บ้านโคก_M1_U4,9,พรรคเพื่อไทย,185.0
KK10_โคกโพธิ์ไชย_บ้านโคก_M1_U4,10,พรรคทางเลือกใหม่,0.0
KK10_โคกโพธิ์ไชย_บ้านโคก_M1_U4,11,พรรคเศรษฐกิจ,13.0
KK10_โคกโพธิ์ไชย_บ้านโคก_M1_U4,12,พรรคเสรีรวมไทย,2.0
KK10_โคกโพธิ์ไชย_บ้านโคก_M1_U4,13,พรรครวมพลังประชาชน,1.0
KK10_โคกโพธิ์ไชย_บ้านโคก_M1_U4,14,พรรคท้องที่ไทย,0.0
KK10_โคกโพธิ์ไชย_บ้านโคก_M1_U4,15,พรรคอนาคตไทย,0.0
KK10_โคกโพธิ์ไชย_บ้านโคก_M1_U4,16,พรรคพลังเพื่อไทย,2.0
KK10_โคกโพธิ์ไชย_บ้านโคก_M1_U4,17,พรรคไทยชนะ,1.0
KK10_โคกโพธิ์ไชย_บ้านโคก_M1_U4,18,พรรคพลังสังคมใหม่,0.0
KK10_โคกโพธิ์ไชย_บ้านโคก_M1_U4,19,พรรคสังคมประชาธิปไตยไทย,0.0
KK10_โคกโพธิ์ไชย_บ้านโคก_M1_U4,20,พรรคฟิวชัน,0.0
KK10_โคกโพธิ์ไชย_บ้านโคก_M1_U4,21,พรรคไทรวมพลัง,0.0
KK10_โคกโพธิ์ไชย_บ้านโคก_M1_U4,22,พรรคก้าวอิสระ,0.0
KK10_โคกโพธิ์ไชย_บ้านโคก_M1_U4,23,พรรคปวงชนไทย,0.0
KK10_โคกโพธิ์ไชย_บ้านโคก_M1_U4,24,พรรควิชชั่นใหม่,0.0
KK10_โคกโพธิ์ไชย_บ้านโคก_M1_U4,25,พรรคเพื่อชีวิตใหม่,0.0
KK10_โคกโพธิ์ไชย_บ้านโคก_M1_U4,26,พรรคคลองไทย,0.0
KK10_โคกโพธิ์ไชย_บ้านโคก_M1_U4,27,พรรคประชาธิปัตย์,7.0
KK10_โคกโพธิ์ไชย_บ้านโคก_M1_U4,28,พรรคไทยก้าวหน้า,0.0
KK10_โคกโพธิ์ไชย_บ้านโคก_M1_U4,29,พรรคไทยภักดี,0.0
KK10_โคกโพธิ์ไชย_บ้านโคก_M1_U4,30,พรรคแรงงานสร้างชาติ,1.0
KK10_โคกโพธิ์ไชย_บ้านโคก_M1_U4,31,พรรคประชากรไทย,1.0
KK10_โคกโพธิ์ไชย_บ้านโคก_M1_U4,32,พรรคครูไทยเพื่อประชาชน,3.0
KK10_โคกโพธิ์ไชย_บ้านโคก_M1_U4,33,พรรคประชาชาติ,0.0
KK10_โคกโพธิ์ไชย_บ้านโคก_M1_U4,34,พรรคสร้างอนาคตไทย,1.0
KK10_โคกโพธิ์ไชย_บ้านโคก_M1_U4,35,พรรครักชาติ,1.0
KK10_โคกโพธิ์ไชย_บ้านโคก_M1_U4,36,พรรคไทยพร้อม,0.0
KK10_โคกโพธิ์ไชย_บ้านโคก_M1_U4,37,พรรคภูมิใจไทย,30.0
KK10_โคกโพธิ์ไชย_บ้านโคก_M1_U4,38,พรรคพลังธรรมใหม่,4.0
KK10_โคกโพธิ์ไชย_บ้านโคก_M1_U4,39,พรรคกรีน,2.0
KK10_โคกโพธิ์ไชย_บ้านโคก_M1_U4,40,พรรคไทยธรรม,0.0
KK10_โคกโพธิ์ไชย_บ้านโคก_M1_U4,41,พรรคแผ่นดินธรรม,0.0
KK10_โคกโพธิ์ไชย_บ้านโคก_M1_U4,42,พรรคกล้าธรรม,3.0
KK10_โคกโพธิ์ไชย_บ้านโคก_M1_U4,43,พรรคพลังประชารัฐ,0.0
KK10_โคกโพธิ์ไชย_บ้านโคก_M1_U4,44,พรรคโอกาสใหม่,0.0
KK10_โคกโพธิ์ไชย_บ้านโคก_M1_U4,45,พรรคเป็นธรรม,0.0
KK10_โคกโพธิ์ไชย_บ้านโคก_M1_U4,46,พรรคประชาชน,71.0
KK10_โคกโพธิ์ไชย_บ้านโคก_M1_U4,47,พรรคประชาไทย,1.0
KK10_โคกโพธิ์ไชย_บ้านโคก_M1_U4,48,พรรคไทยสร้างไทย,0.0
KK10_โคกโพธิ์ไชย_บ้านโคก_M1_U4,49,พรรคไทยก้าวใหม่,2.0
KK10_โคกโพธิ์ไชย_บ้านโคก_M1_U4,50,พรรคอาสาสมัครประชาชนไทย,0.0
KK10_โคกโพธิ์ไชย_บ้านโคก_M1_U4,51,พรรคพร้อม,0.0
KK10_โคกโพธิ์ไชย_บ้านโคก_M1_U4,52,พรรคเครือข่ายชาวนาแห่งประเทศไทย,0.0
KK10_โคกโพธิ์ไชย_บ้านโคก_M1_U4,53,พรรคไทยพิทักษ์ธรรม,0.0
KK10_โคกโพธิ์ไชย_บ้านโคก_M1_U4,54,พรรคความหวังใหม่,0.0
KK10_โคกโพธิ์ไชย_บ้านโคก_M1_U4,55,พรรคไทยรวมไทย,0.0
KK10_โคกโพธิ์ไชย_บ้านโคก_M1_U4,56,พรรคเพื่อชาติ,0.0
KK10_โคกโพธิ์ไชย_บ้านโคก_M1_U4,57,พรรคพลังไทยรักชาติ,0.0
KK10_โคกโพธิ์ไชย_บ้านโคก_M10_U5,1,พรรคไทยทรัพย์ทวี,8.0
KK10_โคกโพธิ์ไชย_บ้านโคก_M10_U5,2,พรรคเพื่อชาติไทย,4.0
KK10_โคกโพธิ์ไชย_บ้านโคก_M10_U5,3,พรรคใหม่,2.0
KK10_โคกโพธิ์ไชย_บ้านโคก_M10_U5,5,พรรครวมใจไทย,4.0
KK10_โคกโพธิ์ไชย_บ้านโคก_M10_U5,6,พรรครวมไทยสร้างชาติ,2.0
KK10_โคกโพธิ์ไชย_บ้านโคก_M10_U5,9,พรรคเพื่อไทย,79.0
KK10_โคกโพธิ์ไชย_บ้านโคก_M10_U5,10,พรรคทางเลือกใหม่,3.0
KK10_โคกโพธิ์ไชย_บ้านโคก_M10_U5,11,พรรคเศรษฐกิจ,7.0
KK10_โคกโพธิ์ไชย_บ้านโคก_M10_U5,12,พรรคเสรีรวมไทย,1.0
KK10_โคกโพธิ์ไชย_บ้านโคก_M10_U5,15,พรรคอนาคตไทย,2.0
KK10_โคกโพธิ์ไชย_บ้านโคก_M10_U5,27,พรรคประชาธิปัตย์,2.0
KK10_โคกโพธิ์ไชย_บ้านโคก_M10_U5,31,พรรคประชากรไทย,2.0
KK10_โคกโพธิ์ไชย_บ้านโคก_M10_U5,32,พรรคครูไทยเพื่อประชาชน,2.0
KK10_โคกโพธิ์ไชย_บ้านโคก_M10_U5,33,พรรคประชาชาติ,1.0
KK10_โคกโพธิ์ไชย_บ้านโคก_M10_U5,37,พรรคภูมิใจไทย,39.0
KK10_โคกโพธิ์ไชย_บ้านโคก_M10_U5,38,พรรคพลังธรรมใหม่,3.0
KK10_โคกโพธิ์ไชย_บ้านโคก_M10_U5,43,พรรคพลังประชารัฐ,1.0
KK10_โคกโพธิ์ไชย_บ้านโคก_M10_U5,46,พรรคประชาชน,28.0
KK10_โคกโพธิ์ไชย_บ้านโคก_M10_U5,48,พรรคไทยสร้างไทย,2.0
KK10_โคกโพธิ์ไชย_บ้านโคก_M10_U5,51,พรรคพร้อม,1.0
KK10_โคกโพธิ์ไชย_บ้านโคก_M8_U5,1,พรรคไทยทรัพย์ทวี,11.0
KK10_โคกโพธิ์ไชย_บ้านโคก_M8_U5,2,พรรคเพื่อชาติไทย,3.0
KK10_โคกโพธิ์ไชย_บ้านโคก_M8_U5,3,พรรคใหม่,1.0
KK10_โคกโพธิ์ไชย_บ้านโคก_M8_U5,5,พรรครวมใจไทย,15.0
KK10_โคกโพธิ์ไชย_บ้านโคก_M8_U5,6,พรรครวมไทยสร้างชาติ,5.0
KK10_โคกโพธิ์ไชย_บ้านโคก_M8_U5,8,พรรคประชาธิปไตยใหม่,1.0
KK10_โคกโพธิ์ไชย_บ้านโคก_M8_U5,9,พรรคเพื่อไทย,117.0
KK10_โคกโพธิ์ไชย_บ้านโคก_M8_U5,10,พรรคทางเลือกใหม่,1.0
KK10_โคกโพธิ์ไชย_บ้านโคก_M8_U5,11,พรรคเศรษฐกิจ,13.0
KK10_โคกโพธิ์ไชย_บ้านโคก_M8_U5,12,พรรคเสรีรวมไทย,10.0
KK10_โคกโพธิ์ไชย_บ้านโคก_M8_U5,13,พรรครวมพลังประชาชน,1.0
KK10_โคกโพธิ์ไชย_บ้านโคก_M8_U5,16,พรรคพลังเพื่อไทย,2.0
KK10_โคกโพธิ์ไชย_บ้านโคก_M8_U5,27,พรรคประชาธิปัตย์,7.0
KK10_โคกโพธิ์ไชย_บ้านโคก_M8_U5,29,พรรคไทยภักดี,4.0
KK10_โคกโพธิ์ไชย_บ้านโคก_M8_U5,32,พรรคครูไทยเพื่อประชาชน,1.0
KK10_โคกโพธิ์ไชย_บ้านโคก_M8_U5,35,พรรครักชาติ,1.0
KK10_โคกโพธิ์ไชย_บ้านโคก_M8_U5,37,พรรคภูมิใจไทย,92.0
KK10_โคกโพธิ์ไชย_บ้านโคก_M8_U5,42,พรรคกล้าธรรม,3.0
KK10_โคกโพธิ์ไชย_บ้านโคก_M8_U5,46,พรรคประชาชน,83.0
KK10_โคกโพธิ์ไชย_บ้านโคก_M8_U5,48,พรรคไทยสร้างไทย,1.0
KK10_โคกโพธิ์ไชย_บ้านโคก_M8_U5,49,พรรคไทยก้าวใหม่,3.0
KK10_โคกโพธิ์ไชย_บ้านโคก_M8_U5,54,พรรคความหวังใหม่,1.0
KK10_โคกโพธิ์ไชย_บ้านโคก_M11_U6,1,พรรคไทยทรัพย์ทวี,8.0
KK10_โคกโพธิ์ไชย_บ้านโคก_M11_U6,5,พรรครวมใจไทย,5.0
KK10_โคกโพธิ์ไชย_บ้านโคก_M11_U6,6,พรรครวมไทยสร้างชาติ,1.0
KK10_โคกโพธิ์ไชย_บ้านโคก_M11_U6,8,พรรคประชาธิปไตยใหม่,1.0
KK10_โคกโพธิ์ไชย_บ้านโคก_M11_U6,9,พรรคเพื่อไทย,98.0
KK10_โคกโพธิ์ไชย_บ้านโคก_M11_U6,11,พรรคเศรษฐกิจ,10.0
KK10_โคกโพธิ์ไชย_บ้านโคก_M11_U6,12,พรรคเสรีรวมไทย,3.0
KK10_โคกโพธิ์ไชย_บ้านโคก_M11_U6,16,พรรคพลังเพื่อไทย,2.0
KK10_โคกโพธิ์ไชย_บ้านโคก_M11_U6,27,พรรคประชาธิปัตย์,2.0
KK10_โคกโพธิ์ไชย_บ้านโคก_M11_U6,32,พรรคครูไทยเพื่อประชาชน,1.0
KK10_โคกโพธิ์ไชย_บ้านโคก_M11_U6,37,พรรคภูมิใจไทย,38.0
KK10_โคกโพธิ์ไชย_บ้านโคก_M11_U6,38,พรรคพลังธรรมใหม่,3.0
KK10_โคกโพธิ์ไชย_บ้านโคก_M11_U6,39,พรรคกรีน,1.0
KK10_โคกโพธิ์ไชย_บ้านโคก_M11_U6,43,พรรคพลังประชารัฐ,1.0
KK10_โคกโพธิ์ไชย_บ้านโคก_M11_U6,46,พรรคประชาชน,59.0
KK10_โคกโพธิ์ไชย_บ้านโคก_M11_U6,48,พรรคไทยสร้างไทย,9.0
KK10_โคกโพธิ์ไชย_บ้านโคก_M11_U6,49,พรรคไทยก้าวใหม่,1.0
KK10_โคกโพธิ์ไชย_โพธิ์ไชย_M10_U10,1,พรรคไทยทรัพย์ทวี,8.0
KK10_โคกโพธิ์ไชย_โพธิ์ไชย_M10_U10,2,พรรคเพื่อชาติไทย,5.0
KK10_โคกโพธิ์ไชย_โพธิ์ไชย_M10_U10,3,พรรคใหม่,4.0
KK10_โคกโพธิ์ไชย_โพธิ์ไชย_M10_U10,5,พรรครวมใจไทย,10.0
KK10_โคกโพธิ์ไชย_โพธิ์ไชย_M10_U10,6,พรรครวมไทยสร้างชาติ,3.0
KK10_โคกโพธิ์ไชย_โพธิ์ไชย_M10_U10,7,พรรคพลวัต,1.0
KK10_โคกโพธิ์ไชย_โพธิ์ไชย_M10_U10,9,พรรคเพื่อไทย,116.0
KK10_โคกโพธิ์ไชย_โพธิ์ไชย_M10_U10,11,พรรคเศรษฐกิจ,5.0
KK10_โคกโพธิ์ไชย_โพธิ์ไชย_M10_U10,12,พรรคเสรีรวมไทย,1.0
KK10_โคกโพธิ์ไชย_โพธิ์ไชย_M10_U10,13,พรรครวมพลังประชาชน,1.0
KK10_โคกโพธิ์ไชย_โพธิ์ไชย_M10_U10,16,พรรคพลังเพื่อไทย,1.0
KK10_โคกโพธิ์ไชย_โพธิ์ไชย_M10_U10,17,พรรคไทยชนะ,1.0
KK10_โคกโพธิ์ไชย_โพธิ์ไชย_M10_U10,27,พรรคประชาธิปัตย์,3.0
KK10_โคกโพธิ์ไชย_โพธิ์ไชย_M10_U10,28,พรรคไทยก้าวหน้า,1.0
KK10_โคกโพธิ์ไชย_โพธิ์ไชย_M10_U10,29,พรรคไทยภักดี,2.0
KK10_โคกโพธิ์ไชย_โพธิ์ไชย_M10_U10,30,พรรคแรงงานสร้างชาติ,4.0
KK10_โคกโพธิ์ไชย_โพธิ์ไชย_M10_U10,31,พรรคประชากรไทย,1.0
KK10_โคกโพธิ์ไชย_โพธิ์ไชย_M10_U10,34,พรรคสร้างอนาคตไทย,2.0
KK10_โคกโพธิ์ไชย_โพธิ์ไชย_M10_U10,36,พรรคไทยพร้อม,3.0
KK10_โคกโพธิ์ไชย_โพธิ์ไชย_M10_U10,37,พรรคภูมิใจไทย,54.0
KK10_โคกโพธิ์ไชย_โพธิ์ไชย_M10_U10,42,พรรคกล้าธรรม,1.0
KK10_โคกโพธิ์ไชย_โพธิ์ไชย_M10_U10,45,พรรคเป็นธรรม,1.0
KK10_โคกโพธิ์ไชย_โพธิ์ไชย_M10_U10,46,พรรคประชาชน,55.0
KK10_โคกโพธิ์ไชย_โพธิ์ไชย_M10_U10,48,พรรคไทยสร้างไทย,4.0
KK10_โคกโพธิ์ไชย_โพธิ์ไชย_M10_U10,49,พรรคไทยก้าวใหม่,1.0
KK10_โคกโพธิ์ไชย_โพธิ์ไชย_M1_U1,1,พรรคไทยทรัพย์ทวี,15.0
KK10_โคกโพธิ์ไชย_โพธิ์ไชย_M1_U1,2,พรรคเพื่อชาติไทย,1.0
KK10_โคกโพธิ์ไชย_โพธิ์ไชย_M1_U1,3,พรรคใหม่,1.0
KK10_โคกโพธิ์ไชย_โพธิ์ไชย_M1_U1,5,พรรครวมใจไทย,12.0
KK10_โคกโพธิ์ไชย_โพธิ์ไชย_M1_U1,6,พรรครวมไทยสร้างชาติ,2.0
KK10_โคกโพธิ์ไชย_โพธิ์ไชย_M1_U1,8,พรรคประชาธิปไตยใหม่,3.0
KK10_โคกโพธิ์ไชย_โพธิ์ไชย_M1_U1,9,พรรคเพื่อไทย,107.0
KK10_โคกโพธิ์ไชย_โพธิ์ไชย_M1_U1,11,พรรคเศรษฐกิจ,13.0
KK10_โคกโพธิ์ไชย_โพธิ์ไชย_M1_U1,17,พรรคไทยชนะ,1.0
KK10_โคกโพธิ์ไชย_โพธิ์ไชย_M1_U1,22,พรรคก้าวอิสระ,57.0
KK10_โคกโพธิ์ไชย_โพธิ์ไชย_M1_U1,27,พรรคประชาธิปัตย์,5.0
KK10_โคกโพธิ์ไชย_โพธิ์ไชย_M1_U1,30,พรรคแรงงานสร้างชาติ,4.0
KK10_โคกโพธิ์ไชย_โพธิ์ไชย_M1_U1,32,พรรคครูไทยเพื่อประชาชน,2.0
KK10_โคกโพธิ์ไชย_โพธิ์ไชย_M1_U1,35,พรรครักชาติ,1.0
KK10_โคกโพธิ์ไชย_โพธิ์ไชย_M1_U1,36,พรรคไทยพร้อม,2.0
KK10_โคกโพธิ์ไชย_โพธิ์ไชย_M1_U1,37,พรรคภูมิใจไทย,89.0
KK10_โคกโพธิ์ไชย_โพธิ์ไชย_M1_U1,38,พรรคพลังธรรมใหม่,3.0
KK10_โคกโพธิ์ไชย_โพธิ์ไชย_M1_U1,39,พรรคกรีน,1.0
KK10_โคกโพธิ์ไชย_โพธิ์ไชย_M1_U1,43,พรรคพลังประชารัฐ,1.0
KK10_โคกโพธิ์ไชย_โพธิ์ไชย_M1_U1,45,พรรคเป็นธรรม,1.0
KK10_โคกโพธิ์ไชย_โพธิ์ไชย_M1_U1,46,พรรคประชาชน,62.0
KK10_โคกโพธิ์ไชย_โพธิ์ไชย_M1_U1,47,พรรคประชาไทย,1.0
KK10_โคกโพธิ์ไชย_โพธิ์ไชย_M1_U1,48,พรรคไทยสร้างไทย,1.0
KK10_โคกโพธิ์ไชย_โพธิ์ไชย_M2_U2,1,พรรคไทยทรัพย์ทวี,10.0
KK10_โคกโพธิ์ไชย_โพธิ์ไชย_M2_U2,2,พรรคเพื่อชาติไทย,7.0
KK10_โคกโพธิ์ไชย_โพธิ์ไชย_M2_U2,5,พรรครวมใจไทย,20.0
KK10_โคกโพธิ์ไชย_โพธิ์ไชย_M2_U2,7,พรรคพลวัต,1.0
KK10_โคกโพธิ์ไชย_โพธิ์ไชย_M2_U2,8,พรรคประชาธิปไตยใหม่,2.0
KK10_โคกโพธิ์ไชย_โพธิ์ไชย_M2_U2,9,พรรคเพื่อไทย,123.0
KK10_โคกโพธิ์ไชย_โพธิ์ไชย_M2_U2,10,พรรคทางเลือกใหม่,2.0
KK10_โคกโพธิ์ไชย_โพธิ์ไชย_M2_U2,11,พรรคเศรษฐกิจ,13.0
KK10_โคกโพธิ์ไชย_โพธิ์ไชย_M2_U2,12,พรรคเสรีรวมไทย,1.0
KK10_โคกโพธิ์ไชย_โพธิ์ไชย_M2_U2,13,พรรครวมพลังประชาชน,3.0
KK10_โคกโพธิ์ไชย_โพธิ์ไชย_M2_U2,22,พรรคก้าวอิสระ,1.0
KK10_โคกโพธิ์ไชย_โพธิ์ไชย_M2_U2,25,พรรคเพื่อชีวิตใหม่,1.0
KK10_โคกโพธิ์ไชย_โพธิ์ไชย_M2_U2,27,พรรคประชาธิปัตย์,4.0
KK10_โคกโพธิ์ไชย_โพธิ์ไชย_M2_U2,30,พรรคแรงงานสร้างชาติ,3.0
KK10_โคกโพธิ์ไชย_โพธิ์ไชย_M2_U2,31,พรรคประชากรไทย,1.0
KK10_โคกโพธิ์ไชย_โพธิ์ไชย_M2_U2,32,พรรคครูไทยเพื่อประชาชน,3.0
KK10_โคกโพธิ์ไชย_โพธิ์ไชย_M2_U2,33,พรรคประชาชาติ,1.0
KK10_โคกโพธิ์ไชย_โพธิ์ไชย_M2_U2,37,พรรคภูมิใจไทย,88.0
KK10_โคกโพธิ์ไชย_โพธิ์ไชย_M2_U2,38,พรรคพลังธรรมใหม่,4.0
KK10_โคกโพธิ์ไชย_โพธิ์ไชย_M2_U2,46,พรรคประชาชน,51.0
KK10_โคกโพธิ์ไชย_โพธิ์ไชย_M2_U2,47,พรรคประชาไทย,1.0
KK10_โคกโพธิ์ไชย_โพธิ์ไชย_M2_U2,48,พรรคไทยสร้างไทย,2.0
KK10_โคกโพธิ์ไชย_โพธิ์ไชย_M2_U2,49,พรรคไทยก้าวใหม่,1.0
KK10_โคกโพธิ์ไชย_โพธิ์ไชย_M2_U2,54,พรรคความหวังใหม่,1.0
KK10_โคกโพธิ์ไชย_โพธิ์ไชย_M3_U3,1,พรรคไทยทรัพย์ทวี,14.0
KK10_โคกโพธิ์ไชย_โพธิ์ไชย_M3_U3,2,พรรคเพื่อชาติไทย,3.0
KK10_โคกโพธิ์ไชย_โพธิ์ไชย_M3_U3,3,พรรคใหม่,1.0
KK10_โคกโพธิ์ไชย_โพธิ์ไชย_M3_U3,5,พรรครวมใจไทย,14.0
KK10_โคกโพธิ์ไชย_โพธิ์ไชย_M3_U3,6,พรรครวมไทยสร้างชาติ,5.0
KK10_โคกโพธิ์ไชย_โพธิ์ไชย_M3_U3,8,พรรคประชาธิปไตยใหม่,4.0
KK10_โคกโพธิ์ไชย_โพธิ์ไชย_M3_U3,9,พรรคเพื่อไทย,176.0
KK10_โคกโพธิ์ไชย_โพธิ์ไชย_M3_U3,11,พรรคเศรษฐกิจ,16.0
KK10_โคกโพธิ์ไชย_โพธิ์ไชย_M3_U3,12,พรรคเสรีรวมไทย,1.0
KK10_โคกโพธิ์ไชย_โพธิ์ไชย_M3_U3,13,พรรครวมพลังประชาชน,3.0
KK10_โคกโพธิ์ไชย_โพธิ์ไชย_M3_U3,17,พรรคไทยชนะ,1.0
KK10_โคกโพธิ์ไชย_โพธิ์ไชย_M3_U3,22,พรรคก้าวอิสระ,1.0
KK10_โคกโพธิ์ไชย_โพธิ์ไชย_M3_U3,27,พรรคประชาธิปัตย์,5.0
KK10_โคกโพธิ์ไชย_โพธิ์ไชย_M3_U3,28,พรรคไทยก้าวหน้า,1.0
KK10_โคกโพธิ์ไชย_โพธิ์ไชย_M3_U3,29,พรรคไทยภักดี,1.0
KK10_โคกโพธิ์ไชย_โพธิ์ไชย_M3_U3,30,พรรคแรงงานสร้างชาติ,1.0
KK10_โคกโพธิ์ไชย_โพธิ์ไชย_M3_U3,32,พรรคครูไทยเพื่อประชาชน,1.0
KK10_โคกโพธิ์ไชย_โพธิ์ไชย_M3_U3,34,พรรคสร้างอนาคตไทย,1.0
KK10_โคกโพธิ์ไชย_โพธิ์ไชย_M3_U3,37,พรรคภูมิใจไทย,117.0
KK10_โคกโพธิ์ไชย_โพธิ์ไชย_M3_U3,38,พรรคพลังธรรมใหม่,5.0
KK10_โคกโพธิ์ไชย_โพธิ์ไชย_M3_U3,42,พรรคกล้าธรรม,1.0
KK10_โคกโพธิ์ไชย_โพธิ์ไชย_M3_U3,43,พรรคพลังประชารัฐ,1.0
KK10_โคกโพธิ์ไชย_โพธิ์ไชย_M3_U3,46,พรรคประชาชน,73.0
KK10_โคกโพธิ์ไชย_โพธิ์ไชย_M3_U3,48,พรรคไทยสร้างไทย,1.0
KK10_โคกโพธิ์ไชย_โพธิ์ไชย_M3_U3,49,พรรคไทยก้าวใหม่,5.0
KK10_โคกโพธิ์ไชย_โพธิ์ไชย_M3_U3,55,พรรคไทยรวมไทย,1.0
KK10_โคกโพธิ์ไชย_โพธิ์ไชย_M4_U4,1,พรรคไทยทรัพย์ทวี,8.0
KK10_โคกโพธิ์ไชย_โพธิ์ไชย_M4_U4,2,พรรคเพื่อชาติไทย,12.0
KK10_โคกโพธิ์ไชย_โพธิ์ไชย_M4_U4,3,พรรคใหม่,1.0
KK10_โคกโพธิ์ไชย_โพธิ์ไชย_M4_U4,5,พรรครวมใจไทย,9.0
KK10_โคกโพธิ์ไชย_โพธิ์ไชย_M4_U4,6,พรรครวมไทยสร้างชาติ,1.0
KK10_โคกโพธิ์ไชย_โพธิ์ไชย_M4_U4,9,พรรคเพื่อไทย,163.0
KK10_โคกโพธิ์ไชย_โพธิ์ไชย_M4_U4,10,พรรคทางเลือกใหม่,2.0
KK10_โคกโพธิ์ไชย_โพธิ์ไชย_M4_U4,11,พรรคเศรษฐกิจ,11.0
KK10_โคกโพธิ์ไชย_โพธิ์ไชย_M4_U4,12,พรรคเสรีรวมไทย,2.0
KK10_โคกโพธิ์ไชย_โพธิ์ไชย_M4_U4,13,พรรครวมพลังประชาชน,1.0
KK10_โคกโพธิ์ไชย_โพธิ์ไชย_M4_U4,27,พรรคประชาธิปัตย์,7.0
KK10_โคกโพธิ์ไชย_โพธิ์ไชย_M4_U4,29,พรรคไทยภักดี,1.0
KK10_โคกโพธิ์ไชย_โพธิ์ไชย_M4_U4,32,พรรคครูไทยเพื่อประชาชน,1.0
KK10_โคกโพธิ์ไชย_โพธิ์ไชย_M4_U4,34,พรรคสร้างอนาคตไทย,1.0
KK10_โคกโพธิ์ไชย_โพธิ์ไชย_M4_U4,37,พรรคภูมิใจไทย,52.0
KK10_โคกโพธิ์ไชย_โพธิ์ไชย_M4_U4,38,พรรคพลังธรรมใหม่,1.0
KK10_โคกโพธิ์ไชย_โพธิ์ไชย_M4_U4,43,พรรคพลังประชารัฐ,1.0
KK10_โคกโพธิ์ไชย_โพธิ์ไชย_M4_U4,46,พรรคประชาชน,57.0
KK10_โคกโพธิ์ไชย_โพธิ์ไชย_M4_U4,48,พรรคไทยสร้างไทย,2.0
KK10_โคกโพธิ์ไชย_โพธิ์ไชย_M4_U4,54,พรรคความหวังใหม่,7.0
KK10_โคกโพธิ์ไชย_โพธิ์ไชย_M4_U4,57,พรรคพลังไทยรักชาติ,1.0
KK10_โคกโพธิ์ไชย_โพธิ์ไชย_M5_U5,1,พรรคไทยทรัพย์ทวี,16.0
KK10_โคกโพธิ์ไชย_โพธิ์ไชย_M5_U5,2,พรรคเพื่อชาติไทย,6.0
KK10_โคกโพธิ์ไชย_โพธิ์ไชย_M5_U5,3,พรรคใหม่,7.0
KK10_โคกโพธิ์ไชย_โพธิ์ไชย_M5_U5,4,พรรคมิติใหม่,1.0
KK10_โคกโพธิ์ไชย_โพธิ์ไชย_M5_U5,5,พรรครวมใจไทย,13.0
KK10_โคกโพธิ์ไชย_โพธิ์ไชย_M5_U5,6,พรรครวมไทยสร้างชาติ,4.0
KK10_โคกโพธิ์ไชย_โพธิ์ไชย_M5_U5,7,พรรคพลวัต,0.0
KK10_โคกโพธิ์ไชย_โพธิ์ไชย_M5_U5,8,พรรคประชาธิปไตยใหม่,0.0
KK10_โคกโพธิ์ไชย_โพธิ์ไชย_M5_U5,9,พรรคเพื่อไทย,182.0
KK10_โคกโพธิ์ไชย_โพธิ์ไชย_M5_U5,10,พรรคทางเลือกใหม่,0.0
KK10_โคกโพธิ์ไชย_โพธิ์ไชย_M5_U5,11,พรรคเศรษฐกิจ,13.0
KK10_โคกโพธิ์ไชย_โพธิ์ไชย_M5_U5,12,พรรคเสรีรวมไทย,0.0
KK10_โคกโพธิ์ไชย_โพธิ์ไชย_M5_U5,13,พรรครวมพลังประชาชน,1.0
KK10_โคกโพธิ์ไชย_โพธิ์ไชย_M5_U5,14,พรรคท้องที่ไทย,0.0
KK10_โคกโพธิ์ไชย_โพธิ์ไชย_M5_U5,15,พรรคอนาคตไทย,1.0
KK10_โคกโพธิ์ไชย_โพธิ์ไชย_M5_U5,16,พรรคพลังเพื่อไทย,1.0
KK10_โคกโพธิ์ไชย_โพธิ์ไชย_M5_U5,17,พรรคไทยชนะ,0.0
KK10_โคกโพธิ์ไชย_โพธิ์ไชย_M5_U5,18,พรรคพลังสังคมใหม่,0.0
KK10_โคกโพธิ์ไชย_โพธิ์ไชย_M5_U5,19,พรรคสังคมประชาธิปไตยไทย,0.0
KK10_โคกโพธิ์ไชย_โพธิ์ไชย_M5_U5,20,พรรคฟิวชัน,0.0
KK10_โคกโพธิ์ไชย_โพธิ์ไชย_M5_U5,21,พรรคไทรวมพลัง,0.0
KK10_โคกโพธิ์ไชย_โพธิ์ไชย_M5_U5,22,พรรคก้าวอิสระ,0.0
KK10_โคกโพธิ์ไชย_โพธิ์ไชย_M5_U5,23,พรรคปวงชนไทย,0.0
KK10_โคกโพธิ์ไชย_โพธิ์ไชย_M5_U5,24,พรรควิชชั่นใหม่,0.0
KK10_โคกโพธิ์ไชย_โพธิ์ไชย_M5_U5,25,พรรคเพื่อชีวิตใหม่,0.0
KK10_โคกโพธิ์ไชย_โพธิ์ไชย_M5_U5,26,พรรคคลองไทย,0.0
KK10_โคกโพธิ์ไชย_โพธิ์ไชย_M5_U5,27,พรรคประชาธิปัตย์,7.0
KK10_โคกโพธิ์ไชย_โพธิ์ไชย_M5_U5,28,พรรคไทยก้าวหน้า,2.0
KK10_โคกโพธิ์ไชย_โพธิ์ไชย_M5_U5,29,พรรคไทยภักดี,0.0
KK10_โคกโพธิ์ไชย_โพธิ์ไชย_M5_U5,30,พรรคแรงงานสร้างชาติ,3.0
KK10_โคกโพธิ์ไชย_โพธิ์ไชย_M5_U5,31,พรรคประชากรไทย,1.0
KK10_โคกโพธิ์ไชย_โพธิ์ไชย_M5_U5,32,พรรคครูไทยเพื่อประชาชน,2.0
KK10_โคกโพธิ์ไชย_โพธิ์ไชย_M5_U5,33,พรรคประชาชาติ,0.0
KK10_โคกโพธิ์ไชย_โพธิ์ไชย_M5_U5,34,พรรคสร้างอนาคตไทย,2.0
KK10_โคกโพธิ์ไชย_โพธิ์ไชย_M5_U5,35,พรรครักชาติ,0.0
KK10_โคกโพธิ์ไชย_โพธิ์ไชย_M5_U5,36,พรรคไทยพร้อม,0.0
KK10_โคกโพธิ์ไชย_โพธิ์ไชย_M5_U5,37,พรรคภูมิใจไทย,46.0
KK10_โคกโพธิ์ไชย_โพธิ์ไชย_M5_U5,38,พรรคพลังธรรมใหม่,4.0
KK10_โคกโพธิ์ไชย_โพธิ์ไชย_M5_U5,39,พรรคกรีน,0.0
KK10_โคกโพธิ์ไชย_โพธิ์ไชย_M5_U5,40,พรรคไทยธรรม,0.0
KK10_โคกโพธิ์ไชย_โพธิ์ไชย_M5_U5,41,พรรคแผ่นดินธรรม,0.0
KK10_โคกโพธิ์ไชย_โพธิ์ไชย_M5_U5,42,พรรคกล้าธรรม,0.0
KK10_โคกโพธิ์ไชย_โพธิ์ไชย_M5_U5,43,พรรคพลังประชารัฐ,0.0
KK10_โคกโพธิ์ไชย_โพธิ์ไชย_M5_U5,44,พรรคโอกาสใหม่,0.0
KK10_โคกโพธิ์ไชย_โพธิ์ไชย_M5_U5,45,พรรคเป็นธรรม,1.0
KK10_โคกโพธิ์ไชย_โพธิ์ไชย_M5_U5,46,พรรคประชาชน,62.0
KK10_โคกโพธิ์ไชย_โพธิ์ไชย_M5_U5,47,พรรคประชาไทย,1.0
KK10_โคกโพธิ์ไชย_โพธิ์ไชย_M5_U5,48,พรรคไทยสร้างไทย,2.0
KK10_โคกโพธิ์ไชย_โพธิ์ไชย_M5_U5,49,พรรคไทยก้าวใหม่,0.0
KK10_โคกโพธิ์ไชย_โพธิ์ไชย_M5_U5,50,พรรคอาสาสมัครประชาชนไทย,0.0
KK10_โคกโพธิ์ไชย_โพธิ์ไชย_M5_U5,51,พรรคพร้อม,1.0
KK10_โคกโพธิ์ไชย_โพธิ์ไชย_M5_U5,52,พรรคเครือข่ายชาวนาแห่งประเทศไทย,0.0
KK10_โคกโพธิ์ไชย_โพธิ์ไชย_M5_U5,53,พรรคไทยพิทักษ์ธรรม,0.0
KK10_โคกโพธิ์ไชย_โพธิ์ไชย_M5_U5,54,พรรคความหวังใหม่,0.0
KK10_โคกโพธิ์ไชย_โพธิ์ไชย_M5_U5,55,พรรคไทยรวมไทย,0.0
KK10_โคกโพธิ์ไชย_โพธิ์ไชย_M5_U5,56,พรรคเพื่อชาติ,0.0
KK10_โคกโพธิ์ไชย_โพธิ์ไชย_M5_U5,57,พรรคพลังไทยรักชาติ,1.0
KK10_โคกโพธิ์ไชย_โพธิ์ไชย_M6_U6,1,พรรคไทยทรัพย์ทวี,6.0
KK10_โคกโพธิ์ไชย_โพธิ์ไชย_M6_U6,2,พรรคเพื่อชาติไทย,1.0
KK10_โคกโพธิ์ไชย_โพธิ์ไชย_M6_U6,3,พรรคใหม่,2.0
KK10_โคกโพธิ์ไชย_โพธิ์ไชย_M6_U6,4,พรรคมิติใหม่,0.0
KK10_โคกโพธิ์ไชย_โพธิ์ไชย_M6_U6,5,พรรครวมใจไทย,7.0
KK10_โคกโพธิ์ไชย_โพธิ์ไชย_M6_U6,6,พรรครวมไทยสร้างชาติ,3.0
KK10_โคกโพธิ์ไชย_โพธิ์ไชย_M6_U6,7,พรรคพลวัต,0.0
KK10_โคกโพธิ์ไชย_โพธิ์ไชย_M6_U6,8,พรรคประชาธิปไตยใหม่,0.0
KK10_โคกโพธิ์ไชย_โพธิ์ไชย_M6_U6,9,พรรคเพื่อไทย,95.0
KK10_โคกโพธิ์ไชย_โพธิ์ไชย_M6_U6,10,พรรคทางเลือกใหม่,2.0
KK10_โคกโพธิ์ไชย_โพธิ์ไชย_M6_U6,11,พรรคเศรษฐกิจ,13.0
KK10_โคกโพธิ์ไชย_โพธิ์ไชย_M6_U6,12,พรรคเสรีรวมไทย,1.0
KK10_โคกโพธิ์ไชย_โพธิ์ไชย_M6_U6,13,พรรครวมพลังประชาชน,2.0
KK10_โคกโพธิ์ไชย_โพธิ์ไชย_M6_U6,14,พรรคท้องที่ไทย,0.0
KK10_โคกโพธิ์ไชย_โพธิ์ไชย_M6_U6,15,พรรคอนาคตไทย,0.0
KK10_โคกโพธิ์ไชย_โพธิ์ไชย_M6_U6,16,พรรคพลังเพื่อไทย,3.0
KK10_โคกโพธิ์ไชย_โพธิ์ไชย_M6_U6,17,พรรคไทยชนะ,0.0
KK10_โคกโพธิ์ไชย_โพธิ์ไชย_M6_U6,18,พรรคพลังสังคมใหม่,0.0
KK10_โคกโพธิ์ไชย_โพธิ์ไชย_M6_U6,19,พรรคสังคมประชาธิปไตยไทย,0.0
KK10_โคกโพธิ์ไชย_โพธิ์ไชย_M6_U6,20,พรรคฟิวชัน,1.0
KK10_โคกโพธิ์ไชย_โพธิ์ไชย_M6_U6,21,พรรคไทรวมพลัง,0.0
KK10_โคกโพธิ์ไชย_โพธิ์ไชย_M6_U6,22,พรรคก้าวอิสระ,0.0
KK10_โคกโพธิ์ไชย_โพธิ์ไชย_M6_U6,23,พรรคปวงชนไทย,0.0
KK10_โคกโพธิ์ไชย_โพธิ์ไชย_M6_U6,24,พรรควิชชั่นใหม่,0.0
KK10_โคกโพธิ์ไชย_โพธิ์ไชย_M6_U6,25,พรรคเพื่อชีวิตใหม่,0.0
KK10_โคกโพธิ์ไชย_โพธิ์ไชย_M6_U6,26,พรรคคลองไทย,0.0
KK10_โคกโพธิ์ไชย_โพธิ์ไชย_M6_U6,27,พรรคประชาธิปัตย์,2.0
KK10_โคกโพธิ์ไชย_โพธิ์ไชย_M6_U6,28,พรรคไทยก้าวหน้า,0.0
KK10_โคกโพธิ์ไชย_โพธิ์ไชย_M6_U6,29,พรรคไทยภักดี,0.0
KK10_โคกโพธิ์ไชย_โพธิ์ไชย_M6_U6,30,พรรคแรงงานสร้างชาติ,1.0
KK10_โคกโพธิ์ไชย_โพธิ์ไชย_M6_U6,31,พรรคประชากรไทย,0.0
KK10_โคกโพธิ์ไชย_โพธิ์ไชย_M6_U6,32,พรรคครูไทยเพื่อประชาชน,0.0
KK10_โคกโพธิ์ไชย_โพธิ์ไชย_M6_U6,33,พรรคประชาชาติ,2.0
KK10_โคกโพธิ์ไชย_โพธิ์ไชย_M6_U6,34,พรรคสร้างอนาคตไทย,0.0
KK10_โคกโพธิ์ไชย_โพธิ์ไชย_M6_U6,35,พรรครักชาติ,0.0
KK10_โคกโพธิ์ไชย_โพธิ์ไชย_M6_U6,36,พรรคไทยพร้อม,0.0
KK10_โคกโพธิ์ไชย_โพธิ์ไชย_M6_U6,37,พรรคภูมิใจไทย,46.0
KK10_โคกโพธิ์ไชย_โพธิ์ไชย_M6_U6,38,พรรคพลังธรรมใหม่,0.0
KK10_โคกโพธิ์ไชย_โพธิ์ไชย_M6_U6,39,พรรคกรีน,0.0
KK10_โคกโพธิ์ไชย_โพธิ์ไชย_M6_U6,40,พรรคไทยธรรม,0.0
KK10_โคกโพธิ์ไชย_โพธิ์ไชย_M6_U6,41,พรรคแผ่นดินธรรม,0.0
KK10_โคกโพธิ์ไชย_โพธิ์ไชย_M6_U6,42,พรรคกล้าธรรม,0.0
KK10_โคกโพธิ์ไชย_โพธิ์ไชย_M6_U6,43,พรรคพลังประชารัฐ,0.0
KK10_โคกโพธิ์ไชย_โพธิ์ไชย_M6_U6,44,พรรคโอกาสใหม่,1.0
KK10_โคกโพธิ์ไชย_โพธิ์ไชย_M6_U6,45,พรรคเป็นธรรม,0.0
KK10_โคกโพธิ์ไชย_โพธิ์ไชย_M6_U6,46,พรรคประชาชน,34.0
KK10_โคกโพธิ์ไชย_โพธิ์ไชย_M6_U6,47,พรรคประชาไทย,1.0
KK10_โคกโพธิ์ไชย_โพธิ์ไชย_M6_U6,48,พรรคไทยสร้างไทย,0.0
KK10_โคกโพธิ์ไชย_โพธิ์ไชย_M6_U6,49,พรรคไทยก้าวใหม่,0.0
KK10_โคกโพธิ์ไชย_โพธิ์ไชย_M6_U6,50,พรรคอาสาสมัครประชาชนไทย,0.0
KK10_โคกโพธิ์ไชย_โพธิ์ไชย_M6_U6,51,พรรคพร้อม,0.0
KK10_โคกโพธิ์ไชย_โพธิ์ไชย_M6_U6,52,พรรคเครือข่ายชาวนาแห่งประเทศไทย,0.0
KK10_โคกโพธิ์ไชย_โพธิ์ไชย_M6_U6,53,พรรคไทยพิทักษ์ธรรม,0.0
KK10_โคกโพธิ์ไชย_โพธิ์ไชย_M6_U6,54,พรรคความหวังใหม่,1.0
KK10_โคกโพธิ์ไชย_โพธิ์ไชย_M6_U6,55,พรรคไทยรวมไทย,0.0
KK10_โคกโพธิ์ไชย_โพธิ์ไชย_M6_U6,56,พรรคเพื่อชาติ,0.0
KK10_โคกโพธิ์ไชย_โพธิ์ไชย_M6_U6,57,พรรคพลังไทยรักชาติ,0.0
KK10_โคกโพธิ์ไชย_โพธิ์ไชย_M7_U7,1,พรรคไทยทรัพย์ทวี,12.0
KK10_โคกโพธิ์ไชย_โพธิ์ไชย_M7_U7,2,พรรคเพื่อชาติไทย,6.0
KK10_โคกโพธิ์ไชย_โพธิ์ไชย_M7_U7,3,พรรคใหม่,3.0
KK10_โคกโพธิ์ไชย_โพธิ์ไชย_M7_U7,4,พรรคมิติใหม่,1.0
KK10_โคกโพธิ์ไชย_โพธิ์ไชย_M7_U7,5,พรรครวมใจไทย,15.0
KK10_โคกโพธิ์ไชย_โพธิ์ไชย_M7_U7,6,พรรครวมไทยสร้างชาติ,5.0
KK10_โคกโพธิ์ไชย_โพธิ์ไชย_M7_U7,7,พรรคพลวัต,0.0
KK10_โคกโพธิ์ไชย_โพธิ์ไชย_M7_U7,8,พรรคประชาธิปไตยใหม่,1.0
KK10_โคกโพธิ์ไชย_โพธิ์ไชย_M7_U7,9,พรรคเพื่อไทย,138.0
KK10_โคกโพธิ์ไชย_โพธิ์ไชย_M7_U7,10,พรรคทางเลือกใหม่,4.0
KK10_โคกโพธิ์ไชย_โพธิ์ไชย_M7_U7,11,พรรคเศรษฐกิจ,13.0
KK10_โคกโพธิ์ไชย_โพธิ์ไชย_M7_U7,12,พรรคเสรีรวมไทย,1.0
KK10_โคกโพธิ์ไชย_โพธิ์ไชย_M7_U7,13,พรรครวมพลังประชาชน,2.0
KK10_โคกโพธิ์ไชย_โพธิ์ไชย_M7_U7,14,พรรคท้องที่ไทย,0.0
KK10_โคกโพธิ์ไชย_โพธิ์ไชย_M7_U7,15,พรรคอนาคตไทย,0.0
KK10_โคกโพธิ์ไชย_โพธิ์ไชย_M7_U7,16,พรรคพลังเพื่อไทย,0.0
KK10_โคกโพธิ์ไชย_โพธิ์ไชย_M7_U7,17,พรรคไทยชนะ,0.0
KK10_โคกโพธิ์ไชย_โพธิ์ไชย_M7_U7,18,พรรคพลังสังคมใหม่,0.0
KK10_โคกโพธิ์ไชย_โพธิ์ไชย_M7_U7,19,พรรคสังคมประชาธิปไตยไทย,0.0
KK10_โคกโพธิ์ไชย_โพธิ์ไชย_M7_U7,20,พรรคฟิวชัน,0.0
KK10_โคกโพธิ์ไชย_โพธิ์ไชย_M7_U7,21,พรรคไทรวมพลัง,0.0
KK10_โคกโพธิ์ไชย_โพธิ์ไชย_M7_U7,22,พรรคก้าวอิสระ,0.0
KK10_โคกโพธิ์ไชย_โพธิ์ไชย_M7_U7,23,พรรคปวงชนไทย,0.0
KK10_โคกโพธิ์ไชย_โพธิ์ไชย_M7_U7,24,พรรควิชชั่นใหม่,1.0
KK10_โคกโพธิ์ไชย_โพธิ์ไชย_M7_U7,25,พรรคเพื่อชีวิตใหม่,0.0
KK10_โคกโพธิ์ไชย_โพธิ์ไชย_M7_U7,26,พรรคคลองไทย,1.0
KK10_โคกโพธิ์ไชย_โพธิ์ไชย_M7_U7,27,พรรคประชาธิปัตย์,1.0
KK10_โคกโพธิ์ไชย_โพธิ์ไชย_M7_U7,28,พรรคไทยก้าวหน้า,0.0
KK10_โคกโพธิ์ไชย_โพธิ์ไชย_M7_U7,29,พรรคไทยภักดี,2.0
KK10_โคกโพธิ์ไชย_โพธิ์ไชย_M7_U7,30,พรรคแรงงานสร้างชาติ,0.0
KK10_โคกโพธิ์ไชย_โพธิ์ไชย_M7_U7,31,พรรคประชากรไทย,0.0
KK10_โคกโพธิ์ไชย_โพธิ์ไชย_M7_U7,32,พรรคครูไทยเพื่อประชาชน,0.0
KK10_โคกโพธิ์ไชย_โพธิ์ไชย_M7_U7,33,พรรคประชาชาติ,0.0
KK10_โคกโพธิ์ไชย_โพธิ์ไชย_M7_U7,34,พรรคสร้างอนาคตไทย,1.0
KK10_โคกโพธิ์ไชย_โพธิ์ไชย_M7_U7,35,พรรครักชาติ,1.0
KK10_โคกโพธิ์ไชย_โพธิ์ไชย_M7_U7,36,พรรคไทยพร้อม,0.0
KK10_โคกโพธิ์ไชย_โพธิ์ไชย_M7_U7,37,พรรคภูมิใจไทย,56.0
KK10_โคกโพธิ์ไชย_โพธิ์ไชย_M7_U7,38,พรรคพลังธรรมใหม่,4.0
KK10_โคกโพธิ์ไชย_โพธิ์ไชย_M7_U7,39,พรรคกรีน,0.0
KK10_โคกโพธิ์ไชย_โพธิ์ไชย_M7_U7,40,พรรคไทยธรรม,0.0
KK10_โคกโพธิ์ไชย_โพธิ์ไชย_M7_U7,41,พรรคแผ่นดินธรรม,0.0
KK10_โคกโพธิ์ไชย_โพธิ์ไชย_M7_U7,42,พรรคกล้าธรรม,1.0
KK10_โคกโพธิ์ไชย_โพธิ์ไชย_M7_U7,43,พรรคพลังประชารัฐ,0.0
KK10_โคกโพธิ์ไชย_โพธิ์ไชย_M7_U7,44,พรรคโอกาสใหม่,0.0
KK10_โคกโพธิ์ไชย_โพธิ์ไชย_M7_U7,45,พรรคเป็นธรรม,0.0
KK10_โคกโพธิ์ไชย_โพธิ์ไชย_M7_U7,46,พรรคประชาชน,83.0
KK10_โคกโพธิ์ไชย_โพธิ์ไชย_M7_U7,47,พรรคประชาไทย,2.0
KK10_โคกโพธิ์ไชย_โพธิ์ไชย_M7_U7,48,พรรคไทยสร้างไทย,3.0
KK10_โคกโพธิ์ไชย_โพธิ์ไชย_M7_U7,49,พรรคไทยก้าวใหม่,0.0
KK10_โคกโพธิ์ไชย_โพธิ์ไชย_M7_U7,50,พรรคอาสาสมัครประชาชนไทย,0.0
KK10_โคกโพธิ์ไชย_โพธิ์ไชย_M7_U7,51,พรรคพร้อม,0.0
KK10_โคกโพธิ์ไชย_โพธิ์ไชย_M7_U7,52,พรรคเครือข่ายชาวนาแห่งประเทศไทย,0.0
KK10_โคกโพธิ์ไชย_โพธิ์ไชย_M7_U7,53,พรรคไทยพิทักษ์ธรรม,0.0
KK10_โคกโพธิ์ไชย_โพธิ์ไชย_M7_U7,54,พรรคความหวังใหม่,0.0
KK10_โคกโพธิ์ไชย_โพธิ์ไชย_M7_U7,55,พรรคไทยรวมไทย,0.0
KK10_โคกโพธิ์ไชย_โพธิ์ไชย_M7_U7,56,พรรคเพื่อชาติ,0.0
KK10_โคกโพธิ์ไชย_โพธิ์ไชย_M7_U7,57,พรรคพลังไทยรักชาติ,0.0
KK10_โคกโพธิ์ไชย_โพธิ์ไชย_M8_U8,1,พรรคไทยทรัพย์ทวี,4.0
KK10_โคกโพธิ์ไชย_โพธิ์ไชย_M8_U8,2,พรรคเพื่อชาติไทย,4.0
KK10_โคกโพธิ์ไชย_โพธิ์ไชย_M8_U8,3,พรรคใหม่,1.0
KK10_โคกโพธิ์ไชย_โพธิ์ไชย_M8_U8,5,พรรครวมใจไทย,8.0
KK10_โคกโพธิ์ไชย_โพธิ์ไชย_M8_U8,8,พรรคประชาธิปไตยใหม่,2.0
KK10_โคกโพธิ์ไชย_โพธิ์ไชย_M8_U8,9,พรรคเพื่อไทย,102.0
KK10_โคกโพธิ์ไชย_โพธิ์ไชย_M8_U8,11,พรรคเศรษฐกิจ,8.0
KK10_โคกโพธิ์ไชย_โพธิ์ไชย_M8_U8,12,พรรคเสรีรวมไทย,3.0
KK10_โคกโพธิ์ไชย_โพธิ์ไชย_M8_U8,13,พรรครวมพลังประชาชน,1.0
KK10_โคกโพธิ์ไชย_โพธิ์ไชย_M8_U8,14,พรรคท้องที่ไทย,1.0
KK10_โคกโพธิ์ไชย_โพธิ์ไชย_M8_U8,16,พรรคพลังเพื่อไทย,1.0
KK10_โคกโพธิ์ไชย_โพธิ์ไชย_M8_U8,27,พรรคประชาธิปัตย์,6.0
KK10_โคกโพธิ์ไชย_โพธิ์ไชย_M8_U8,29,พรรคไทยภักดี,1.0
KK10_โคกโพธิ์ไชย_โพธิ์ไชย_M8_U8,32,พรรคครูไทยเพื่อประชาชน,1.0
KK10_โคกโพธิ์ไชย_โพธิ์ไชย_M8_U8,36,พรรคไทยพร้อม,1.0
KK10_โคกโพธิ์ไชย_โพธิ์ไชย_M8_U8,37,พรรคภูมิใจไทย,15.0
KK10_โคกโพธิ์ไชย_โพธิ์ไชย_M8_U8,38,พรรคพลังธรรมใหม่,5.0
KK10_โคกโพธิ์ไชย_โพธิ์ไชย_M8_U8,46,พรรคประชาชน,53.0
KK10_โคกโพธิ์ไชย_โพธิ์ไชย_M8_U8,48,พรรคไทยสร้างไทย,1.0
KK10_โคกโพธิ์ไชย_โพธิ์ไชย_M8_U9,1,พรรคไทยทรัพย์ทวี,3.0
KK10_โคกโพธิ์ไชย_โพธิ์ไชย_M8_U9,2,พรรคเพื่อชาติไทย,2.0
KK10_โคกโพธิ์ไชย_โพธิ์ไชย_M8_U9,3,พรรคใหม่,2.0
KK10_โคกโพธิ์ไชย_โพธิ์ไชย_M8_U9,4,พรรคมิติใหม่,0.0
KK10_โคกโพธิ์ไชย_โพธิ์ไชย_M8_U9,5,พรรครวมใจไทย,6.0
KK10_โคกโพธิ์ไชย_โพธิ์ไชย_M8_U9,6,พรรครวมไทยสร้างชาติ,5.0
KK10_โคกโพธิ์ไชย_โพธิ์ไชย_M8_U9,7,พรรคพลวัต,0.0
KK10_โคกโพธิ์ไชย_โพธิ์ไชย_M8_U9,8,พรรคประชาธิปไตยใหม่,1.0
KK10_โคกโพธิ์ไชย_โพธิ์ไชย_M8_U9,9,พรรคเพื่อไทย,91.0
KK10_โคกโพธิ์ไชย_โพธิ์ไชย_M8_U9,10,พรรคทางเลือกใหม่,1.0
KK10_โคกโพธิ์ไชย_โพธิ์ไชย_M8_U9,11,พรรคเศรษฐกิจ,7.0
KK10_โคกโพธิ์ไชย_โพธิ์ไชย_M8_U9,12,พรรคเสรีรวมไทย,1.0
KK10_โคกโพธิ์ไชย_โพธิ์ไชย_M8_U9,13,พรรครวมพลังประชาชน,0.0
KK10_โคกโพธิ์ไชย_โพธิ์ไชย_M8_U9,14,พรรคท้องที่ไทย,0.0
KK10_โคกโพธิ์ไชย_โพธิ์ไชย_M8_U9,15,พรรคอนาคตไทย,1.0
KK10_โคกโพธิ์ไชย_โพธิ์ไชย_M8_U9,16,พรรคพลังเพื่อไทย,1.0
KK10_โคกโพธิ์ไชย_โพธิ์ไชย_M8_U9,17,พรรคไทยชนะ,0.0
KK10_โคกโพธิ์ไชย_โพธิ์ไชย_M8_U9,18,พรรคพลังสังคมใหม่,0.0
KK10_โคกโพธิ์ไชย_โพธิ์ไชย_M8_U9,19,พรรคสังคมประชาธิปไตยไทย,0.0
KK10_โคกโพธิ์ไชย_โพธิ์ไชย_M8_U9,20,พรรคฟิวชัน,0.0
KK10_โคกโพธิ์ไชย_โพธิ์ไชย_M8_U9,21,พรรคไทรวมพลัง,0.0
KK10_โคกโพธิ์ไชย_โพธิ์ไชย_M8_U9,22,พรรคก้าวอิสระ,0.0
KK10_โคกโพธิ์ไชย_โพธิ์ไชย_M8_U9,23,พรรคปวงชนไทย,0.0
KK10_โคกโพธิ์ไชย_โพธิ์ไชย_M8_U9,24,พรรควิชชั่นใหม่,0.0
KK10_โคกโพธิ์ไชย_โพธิ์ไชย_M8_U9,25,พรรคเพื่อชีวิตใหม่,0.0
KK10_โคกโพธิ์ไชย_โพธิ์ไชย_M8_U9,26,พรรคคลองไทย,1.0
KK10_โคกโพธิ์ไชย_โพธิ์ไชย_M8_U9,27,พรรคประชาธิปัตย์,3.0
KK10_โคกโพธิ์ไชย_โพธิ์ไชย_M8_U9,28,พรรคไทยก้าวหน้า,0.0
KK10_โคกโพธิ์ไชย_โพธิ์ไชย_M8_U9,29,พรรคไทยภักดี,3.0
KK10_โคกโพธิ์ไชย_โพธิ์ไชย_M8_U9,30,พรรคแรงงานสร้างชาติ,2.0
KK10_โคกโพธิ์ไชย_โพธิ์ไชย_M8_U9,31,พรรคประชากรไทย,2.0
KK10_โคกโพธิ์ไชย_โพธิ์ไชย_M8_U9,32,พรรคครูไทยเพื่อประชาชน,2.0
KK10_โคกโพธิ์ไชย_โพธิ์ไชย_M8_U9,33,พรรคประชาชาติ,0.0
KK10_โคกโพธิ์ไชย_โพธิ์ไชย_M8_U9,34,พรรคสร้างอนาคตไทย,1.0
KK10_โคกโพธิ์ไชย_โพธิ์ไชย_M8_U9,35,พรรครักชาติ,0.0
KK10_โคกโพธิ์ไชย_โพธิ์ไชย_M8_U9,36,พรรคไทยพร้อม,0.0
KK10_โคกโพธิ์ไชย_โพธิ์ไชย_M8_U9,37,พรรคภูมิใจไทย,45.0
KK10_โคกโพธิ์ไชย_โพธิ์ไชย_M8_U9,38,พรรคพลังธรรมใหม่,3.0
KK10_โคกโพธิ์ไชย_โพธิ์ไชย_M8_U9,39,พรรคกรีน,0.0
KK10_โคกโพธิ์ไชย_โพธิ์ไชย_M8_U9,40,พรรคไทยธรรม,1.0
KK10_โคกโพธิ์ไชย_โพธิ์ไชย_M8_U9,41,พรรคแผ่นดินธรรม,0.0
KK10_โคกโพธิ์ไชย_โพธิ์ไชย_M8_U9,42,พรรคกล้าธรรม,0.0
KK10_โคกโพธิ์ไชย_โพธิ์ไชย_M8_U9,43,พรรคพลังประชารัฐ,1.0
KK10_โคกโพธิ์ไชย_โพธิ์ไชย_M8_U9,44,พรรคโอกาสใหม่,0.0
KK10_โคกโพธิ์ไชย_โพธิ์ไชย_M8_U9,45,พรรคเป็นธรรม,0.0
KK10_โคกโพธิ์ไชย_โพธิ์ไชย_M8_U9,46,พรรคประชาชน,68.0
KK10_โคกโพธิ์ไชย_โพธิ์ไชย_M8_U9,47,พรรคประชาไทย,1.0
KK10_โคกโพธิ์ไชย_โพธิ์ไชย_M8_U9,48,พรรคไทยสร้างไทย,2.0
KK10_โคกโพธิ์ไชย_โพธิ์ไชย_M8_U9,49,พรรคไทยก้าวใหม่,3.0
KK10_โคกโพธิ์ไชย_โพธิ์ไชย_M8_U9,50,พรรคอาสาสมัครประชาชนไทย,0.0
KK10_โคกโพธิ์ไชย_โพธิ์ไชย_M8_U9,51,พรรคพร้อม,1.0
KK10_โคกโพธิ์ไชย_โพธิ์ไชย_M8_U9,52,พรรคเครือข่ายชาวนาแห่งประเทศไทย,0.0
KK10_โคกโพธิ์ไชย_โพธิ์ไชย_M8_U9,53,พรรคไทยพิทักษ์ธรรม,0.0
KK10_โคกโพธิ์ไชย_โพธิ์ไชย_M8_U9,54,พรรคความหวังใหม่,2.0
KK10_โคกโพธิ์ไชย_โพธิ์ไชย_M8_U9,55,พรรคไทยรวมไทย,0.0
KK10_โคกโพธิ์ไชย_โพธิ์ไชย_M8_U9,56,พรรคเพื่อชาติ,0.0
KK10_โคกโพธิ์ไชย_โพธิ์ไชย_M8_U9,57,พรรคพลังไทยรักชาติ,0.0
KK10_เปือยน้อย_ขามป้อม_M10_U10,1,พรรคไทยทรัพย์ทวี,4.0
KK10_เปือยน้อย_ขามป้อม_M10_U10,2,พรรคเพื่อชาติไทย,2.0
KK10_เปือยน้อย_ขามป้อม_M10_U10,3,พรรคใหม่,1.0
KK10_เปือยน้อย_ขามป้อม_M10_U10,5,พรรครวมใจไทย,6.0
KK10_เปือยน้อย_ขามป้อม_M10_U10,6,พรรครวมไทยสร้างชาติ,2.0
KK10_เปือยน้อย_ขามป้อม_M10_U10,8,พรรคประชาธิปไตยใหม่,1.0
KK10_เปือยน้อย_ขามป้อม_M10_U10,9,พรรคเพื่อไทย,34.0
KK10_เปือยน้อย_ขามป้อม_M10_U10,11,พรรคเศรษฐกิจ,9.0
KK10_เปือยน้อย_ขามป้อม_M10_U10,12,พรรคเสรีรวมไทย,2.0
KK10_เปือยน้อย_ขามป้อม_M10_U10,17,พรรคไทยชนะ,1.0
KK10_เปือยน้อย_ขามป้อม_M10_U10,22,พรรคก้าวอิสระ,1.0
KK10_เปือยน้อย_ขามป้อม_M10_U10,27,พรรคประชาธิปัตย์,1.0
KK10_เปือยน้อย_ขามป้อม_M10_U10,31,พรรคประชากรไทย,3.0
KK10_เปือยน้อย_ขามป้อม_M10_U10,32,พรรคครูไทยเพื่อประชาชน,1.0
KK10_เปือยน้อย_ขามป้อม_M10_U10,33,พรรคประชาชาติ,1.0
KK10_เปือยน้อย_ขามป้อม_M10_U10,37,พรรคภูมิใจไทย,23.0
KK10_เปือยน้อย_ขามป้อม_M10_U10,43,พรรคพลังประชารัฐ,1.0
KK10_เปือยน้อย_ขามป้อม_M10_U10,46,พรรคประชาชน,31.0
KK10_เปือยน้อย_ขามป้อม_M10_U10,48,พรรคไทยสร้างไทย,5.0
KK10_เปือยน้อย_ขามป้อม_M10_U10,56,พรรคเพื่อชาติ,1.0
KK10_เปือยน้อย_ขามป้อม_M1_U1,1,พรรคไทยทรัพย์ทวี,6.0
KK10_เปือยน้อย_ขามป้อม_M1_U1,2,พรรคเพื่อชาติไทย,4.0
KK10_เปือยน้อย_ขามป้อม_M1_U1,5,พรรครวมใจไทย,6.0
KK10_เปือยน้อย_ขามป้อม_M1_U1,6,พรรครวมไทยสร้างชาติ,1.0
KK10_เปือยน้อย_ขามป้อม_M1_U1,9,พรรคเพื่อไทย,95.0
KK10_เปือยน้อย_ขามป้อม_M1_U1,11,พรรคเศรษฐกิจ,8.0
KK10_เปือยน้อย_ขามป้อม_M1_U1,12,พรรคเสรีรวมไทย,4.0
KK10_เปือยน้อย_ขามป้อม_M1_U1,13,พรรครวมพลังประชาชน,1.0
KK10_เปือยน้อย_ขามป้อม_M1_U1,16,พรรคพลังเพื่อไทย,1.0
KK10_เปือยน้อย_ขามป้อม_M1_U1,18,พรรคพลังสังคมใหม่,1.0
KK10_เปือยน้อย_ขามป้อม_M1_U1,19,พรรคสังคมประชาธิปไตยไทย,1.0
KK10_เปือยน้อย_ขามป้อม_M1_U1,25,พรรคเพื่อชีวิตใหม่,1.0
KK10_เปือยน้อย_ขามป้อม_M1_U1,27,พรรคประชาธิปัตย์,2.0
KK10_เปือยน้อย_ขามป้อม_M1_U1,29,พรรคไทยภักดี,2.0
KK10_เปือยน้อย_ขามป้อม_M1_U1,30,พรรคแรงงานสร้างชาติ,2.0
KK10_เปือยน้อย_ขามป้อม_M1_U1,31,พรรคประชากรไทย,1.0
KK10_เปือยน้อย_ขามป้อม_M1_U1,33,พรรคประชาชาติ,1.0
KK10_เปือยน้อย_ขามป้อม_M1_U1,36,พรรคไทยพร้อม,1.0
KK10_เปือยน้อย_ขามป้อม_M1_U1,37,พรรคภูมิใจไทย,35.0
KK10_เปือยน้อย_ขามป้อม_M1_U1,39,พรรคกรีน,1.0
KK10_เปือยน้อย_ขามป้อม_M1_U1,45,พรรคเป็นธรรม,1.0
KK10_เปือยน้อย_ขามป้อม_M1_U1,46,พรรคประชาชน,90.0
KK10_เปือยน้อย_ขามป้อม_M1_U1,47,พรรคประชาไทย,1.0
KK10_เปือยน้อย_ขามป้อม_M2_U2,1,พรรคไทยทรัพย์ทวี,21.0
KK10_เปือยน้อย_ขามป้อม_M2_U2,2,พรรคเพื่อชาติไทย,5.0
KK10_เปือยน้อย_ขามป้อม_M2_U2,4,พรรคมิติใหม่,1.0
KK10_เปือยน้อย_ขามป้อม_M2_U2,5,พรรครวมใจไทย,13.0
KK10_เปือยน้อย_ขามป้อม_M2_U2,6,พรรครวมไทยสร้างชาติ,4.0
KK10_เปือยน้อย_ขามป้อม_M2_U2,7,พรรคพลวัต,1.0
KK10_เปือยน้อย_ขามป้อม_M2_U2,8,พรรคประชาธิปไตยใหม่,1.0
KK10_เปือยน้อย_ขามป้อม_M2_U2,9,พรรคเพื่อไทย,99.0
KK10_เปือยน้อย_ขามป้อม_M2_U2,10,พรรคทางเลือกใหม่,4.0
KK10_เปือยน้อย_ขามป้อม_M2_U2,11,พรรคเศรษฐกิจ,3.0
KK10_เปือยน้อย_ขามป้อม_M2_U2,12,พรรคเสรีรวมไทย,4.0
KK10_เปือยน้อย_ขามป้อม_M2_U2,13,พรรครวมพลังประชาชน,3.0
KK10_เปือยน้อย_ขามป้อม_M2_U2,15,พรรคอนาคตไทย,1.0
KK10_เปือยน้อย_ขามป้อม_M2_U2,17,พรรคไทยชนะ,2.0
KK10_เปือยน้อย_ขามป้อม_M2_U2,18,พรรคพลังสังคมใหม่,1.0
KK10_เปือยน้อย_ขามป้อม_M2_U2,20,พรรคฟิวชัน,1.0
KK10_เปือยน้อย_ขามป้อม_M2_U2,27,พรรคประชาธิปัตย์,9.0
KK10_เปือยน้อย_ขามป้อม_M2_U2,29,พรรคไทยภักดี,2.0
KK10_เปือยน้อย_ขามป้อม_M2_U2,30,พรรคแรงงานสร้างชาติ,3.0
KK10_เปือยน้อย_ขามป้อม_M2_U2,31,พรรคประชากรไทย,2.0
KK10_เปือยน้อย_ขามป้อม_M2_U2,32,พรรคครูไทยเพื่อประชาชน,2.0
KK10_เปือยน้อย_ขามป้อม_M2_U2,33,พรรคประชาชาติ,2.0
KK10_เปือยน้อย_ขามป้อม_M2_U2,34,พรรคสร้างอนาคตไทย,2.0
KK10_เปือยน้อย_ขามป้อม_M2_U2,37,พรรคภูมิใจไทย,66.0
KK10_เปือยน้อย_ขามป้อม_M2_U2,38,พรรคพลังธรรมใหม่,7.0
KK10_เปือยน้อย_ขามป้อม_M2_U2,39,พรรคกรีน,1.0
KK10_เปือยน้อย_ขามป้อม_M2_U2,40,พรรคไทยธรรม,1.0
KK10_เปือยน้อย_ขามป้อม_M2_U2,43,พรรคพลังประชารัฐ,2.0
KK10_เปือยน้อย_ขามป้อม_M2_U2,46,พรรคประชาชน,37.0
KK10_เปือยน้อย_ขามป้อม_M2_U2,47,พรรคประชาไทย,1.0
KK10_เปือยน้อย_ขามป้อม_M2_U2,49,พรรคไทยก้าวใหม่,1.0
KK10_เปือยน้อย_ขามป้อม_M3_U3,1,พรรคไทยทรัพย์ทวี,15.0
KK10_เปือยน้อย_ขามป้อม_M3_U3,2,พรรคเพื่อชาติไทย,2.0
KK10_เปือยน้อย_ขามป้อม_M3_U3,3,พรรคใหม่,3.0
KK10_เปือยน้อย_ขามป้อม_M3_U3,4,พรรคมิติใหม่,0.0
KK10_เปือยน้อย_ขามป้อม_M3_U3,5,พรรครวมใจไทย,20.0
KK10_เปือยน้อย_ขามป้อม_M3_U3,6,พรรครวมไทยสร้างชาติ,4.0
KK10_เปือยน้อย_ขามป้อม_M3_U3,7,พรรคพลวัต,0.0
KK10_เปือยน้อย_ขามป้อม_M3_U3,8,พรรคประชาธิปไตยใหม่,0.0
KK10_เปือยน้อย_ขามป้อม_M3_U3,9,พรรคเพื่อไทย,101.0
KK10_เปือยน้อย_ขามป้อม_M3_U3,10,พรรคทางเลือกใหม่,0.0
KK10_เปือยน้อย_ขามป้อม_M3_U3,11,พรรคเศรษฐกิจ,7.0
KK10_เปือยน้อย_ขามป้อม_M3_U3,12,พรรคเสรีรวมไทย,2.0
KK10_เปือยน้อย_ขามป้อม_M3_U3,13,พรรครวมพลังประชาชน,1.0
KK10_เปือยน้อย_ขามป้อม_M3_U3,14,พรรคท้องที่ไทย,0.0
KK10_เปือยน้อย_ขามป้อม_M3_U3,15,พรรคอนาคตไทย,0.0
KK10_เปือยน้อย_ขามป้อม_M3_U3,16,พรรคพลังเพื่อไทย,0.0
KK10_เปือยน้อย_ขามป้อม_M3_U3,17,พรรคไทยชนะ,0.0
KK10_เปือยน้อย_ขามป้อม_M3_U3,18,พรรคพลังสังคมใหม่,0.0
KK10_เปือยน้อย_ขามป้อม_M3_U3,19,พรรคสังคมประชาธิปไตยไทย,1.0
KK10_เปือยน้อย_ขามป้อม_M3_U3,20,พรรคฟิวชัน,0.0
KK10_เปือยน้อย_ขามป้อม_M3_U3,21,พรรคไทรวมพลัง,0.0
KK10_เปือยน้อย_ขามป้อม_M3_U3,22,พรรคก้าวอิสระ,0.0
KK10_เปือยน้อย_ขามป้อม_M3_U3,23,พรรคปวงชนไทย,0.0
KK10_เปือยน้อย_ขามป้อม_M3_U3,24,พรรควิชชั่นใหม่,0.0
KK10_เปือยน้อย_ขามป้อม_M3_U3,25,พรรคเพื่อชีวิตใหม่,0.0
KK10_เปือยน้อย_ขามป้อม_M3_U3,26,พรรคคลองไทย,0.0
KK10_เปือยน้อย_ขามป้อม_M3_U3,27,พรรคประชาธิปัตย์,5.0
KK10_เปือยน้อย_ขามป้อม_M3_U3,28,พรรคไทยก้าวหน้า,0.0
KK10_เปือยน้อย_ขามป้อม_M3_U3,29,พรรคไทยภักดี,3.0
KK10_เปือยน้อย_ขามป้อม_M3_U3,30,พรรคแรงงานสร้างชาติ,1.0
KK10_เปือยน้อย_ขามป้อม_M3_U3,31,พรรคประชากรไทย,1.0
KK10_เปือยน้อย_ขามป้อม_M3_U3,32,พรรคครูไทยเพื่อประชาชน,0.0
KK10_เปือยน้อย_ขามป้อม_M3_U3,33,พรรคประชาชาติ,0.0
KK10_เปือยน้อย_ขามป้อม_M3_U3,34,พรรคสร้างอนาคตไทย,3.0
KK10_เปือยน้อย_ขามป้อม_M3_U3,35,พรรครักชาติ,1.0
KK10_เปือยน้อย_ขามป้อม_M3_U3,36,พรรคไทยพร้อม,0.0
KK10_เปือยน้อย_ขามป้อม_M3_U3,37,พรรคภูมิใจไทย,38.0
KK10_เปือยน้อย_ขามป้อม_M3_U3,38,พรรคพลังธรรมใหม่,1.0
KK10_เปือยน้อย_ขามป้อม_M3_U3,39,พรรคกรีน,1.0
KK10_เปือยน้อย_ขามป้อม_M3_U3,40,พรรคไทยธรรม,0.0
KK10_เปือยน้อย_ขามป้อม_M3_U3,41,พรรคแผ่นดินธรรม,0.0
KK10_เปือยน้อย_ขามป้อม_M3_U3,42,พรรคกล้าธรรม,0.0
KK10_เปือยน้อย_ขามป้อม_M3_U3,43,พรรคพลังประชารัฐ,0.0
KK10_เปือยน้อย_ขามป้อม_M3_U3,44,พรรคโอกาสใหม่,0.0
KK10_เปือยน้อย_ขามป้อม_M3_U3,45,พรรคเป็นธรรม,0.0
KK10_เปือยน้อย_ขามป้อม_M3_U3,46,พรรคประชาชน,47.0
KK10_เปือยน้อย_ขามป้อม_M3_U3,47,พรรคประชาไทย,0.0
KK10_เปือยน้อย_ขามป้อม_M3_U3,48,พรรคไทยสร้างไทย,1.0
KK10_เปือยน้อย_ขามป้อม_M3_U3,49,พรรคไทยก้าวใหม่,0.0
KK10_เปือยน้อย_ขามป้อม_M3_U3,50,พรรคอาสาสมัครประชาชนไทย,0.0
KK10_เปือยน้อย_ขามป้อม_M3_U3,51,พรรคพร้อม,1.0
KK10_เปือยน้อย_ขามป้อม_M3_U3,52,พรรคเครือข่ายชาวนาแห่งประเทศไทย,0.0
KK10_เปือยน้อย_ขามป้อม_M3_U3,53,พรรคไทยพิทักษ์ธรรม,0.0
KK10_เปือยน้อย_ขามป้อม_M3_U3,54,พรรคความหวังใหม่,0.0
KK10_เปือยน้อย_ขามป้อม_M3_U3,55,พรรคไทยรวมไทย,0.0
KK10_เปือยน้อย_ขามป้อม_M3_U3,56,พรรคเพื่อชาติ,1.0
KK10_เปือยน้อย_ขามป้อม_M3_U3,57,พรรคพลังไทยรักชาติ,0.0
KK10_เปือยน้อย_ขามป้อม_M4_U4,1,พรรคไทยทรัพย์ทวี,13.0
KK10_เปือยน้อย_ขามป้อม_M4_U4,2,พรรคเพื่อชาติไทย,8.0
KK10_เปือยน้อย_ขามป้อม_M4_U4,3,พรรคใหม่,3.0
KK10_เปือยน้อย_ขามป้อม_M4_U4,5,พรรครวมใจไทย,22.0
KK10_เปือยน้อย_ขามป้อม_M4_U4,6,พรรครวมไทยสร้างชาติ,1.0
KK10_เปือยน้อย_ขามป้อม_M4_U4,8,พรรคประชาธิปไตยใหม่,2.0
KK10_เปือยน้อย_ขามป้อม_M4_U4,9,พรรคเพื่อไทย,125.0
KK10_เปือยน้อย_ขามป้อม_M4_U4,10,พรรคทางเลือกใหม่,2.0
KK10_เปือยน้อย_ขามป้อม_M4_U4,11,พรรคเศรษฐกิจ,14.0
KK10_เปือยน้อย_ขามป้อม_M4_U4,12,พรรคเสรีรวมไทย,5.0
KK10_เปือยน้อย_ขามป้อม_M4_U4,13,พรรครวมพลังประชาชน,4.0
KK10_เปือยน้อย_ขามป้อม_M4_U4,17,พรรคไทยชนะ,1.0
KK10_เปือยน้อย_ขามป้อม_M4_U4,19,พรรคสังคมประชาธิปไตยไทย,1.0
KK10_เปือยน้อย_ขามป้อม_M4_U4,24,พรรควิชชั่นใหม่,1.0
KK10_เปือยน้อย_ขามป้อม_M4_U4,26,พรรคคลองไทย,1.0
KK10_เปือยน้อย_ขามป้อม_M4_U4,27,พรรคประชาธิปัตย์,12.0
KK10_เปือยน้อย_ขามป้อม_M4_U4,31,พรรคประชากรไทย,1.0
KK10_เปือยน้อย_ขามป้อม_M4_U4,32,พรรคครูไทยเพื่อประชาชน,1.0
KK10_เปือยน้อย_ขามป้อม_M4_U4,33,พรรคประชาชาติ,1.0
KK10_เปือยน้อย_ขามป้อม_M4_U4,34,พรรคสร้างอนาคตไทย,2.0
KK10_เปือยน้อย_ขามป้อม_M4_U4,35,พรรครักชาติ,1.0
KK10_เปือยน้อย_ขามป้อม_M4_U4,36,พรรคไทยพร้อม,1.0
KK10_เปือยน้อย_ขามป้อม_M4_U4,37,พรรคภูมิใจไทย,71.0
KK10_เปือยน้อย_ขามป้อม_M4_U4,38,พรรคพลังธรรมใหม่,8.0
KK10_เปือยน้อย_ขามป้อม_M4_U4,39,พรรคกรีน,2.0
KK10_เปือยน้อย_ขามป้อม_M4_U4,42,พรรคกล้าธรรม,2.0
KK10_เปือยน้อย_ขามป้อม_M4_U4,43,พรรคพลังประชารัฐ,1.0
KK10_เปือยน้อย_ขามป้อม_M4_U4,46,พรรคประชาชน,92.0
KK10_เปือยน้อย_ขามป้อม_M4_U4,47,พรรคประชาไทย,2.0
KK10_เปือยน้อย_ขามป้อม_M4_U4,48,พรรคไทยสร้างไทย,4.0
KK10_เปือยน้อย_ขามป้อม_M5_U5,1,พรรคไทยทรัพย์ทวี,5.0
KK10_เปือยน้อย_ขามป้อม_M5_U5,2,พรรคเพื่อชาติไทย,3.0
KK10_เปือยน้อย_ขามป้อม_M5_U5,3,พรรคใหม่,0.0
KK10_เปือยน้อย_ขามป้อม_M5_U5,4,พรรคมิติใหม่,1.0
KK10_เปือยน้อย_ขามป้อม_M5_U5,5,พรรครวมใจไทย,13.0
KK10_เปือยน้อย_ขามป้อม_M5_U5,6,พรรครวมไทยสร้างชาติ,2.0
KK10_เปือยน้อย_ขามป้อม_M5_U5,7,พรรคพลวัต,0.0
KK10_เปือยน้อย_ขามป้อม_M5_U5,8,พรรคประชาธิปไตยใหม่,1.0
KK10_เปือยน้อย_ขามป้อม_M5_U5,9,พรรคเพื่อไทย,87.0
KK10_เปือยน้อย_ขามป้อม_M5_U5,10,พรรคทางเลือกใหม่,0.0
KK10_เปือยน้อย_ขามป้อม_M5_U5,11,พรรคเศรษฐกิจ,4.0
KK10_เปือยน้อย_ขามป้อม_M5_U5,12,พรรคเสรีรวมไทย,3.0
KK10_เปือยน้อย_ขามป้อม_M5_U5,13,พรรครวมพลังประชาชน,0.0
KK10_เปือยน้อย_ขามป้อม_M5_U5,14,พรรคท้องที่ไทย,0.0
KK10_เปือยน้อย_ขามป้อม_M5_U5,15,พรรคอนาคตไทย,1.0
KK10_เปือยน้อย_ขามป้อม_M5_U5,16,พรรคพลังเพื่อไทย,0.0
KK10_เปือยน้อย_ขามป้อม_M5_U5,17,พรรคไทยชนะ,0.0
KK10_เปือยน้อย_ขามป้อม_M5_U5,18,พรรคพลังสังคมใหม่,0.0
KK10_เปือยน้อย_ขามป้อม_M5_U5,19,พรรคสังคมประชาธิปไตยไทย,0.0
KK10_เปือยน้อย_ขามป้อม_M5_U5,20,พรรคฟิวชัน,0.0
KK10_เปือยน้อย_ขามป้อม_M5_U5,21,พรรคไทรวมพลัง,0.0
KK10_เปือยน้อย_ขามป้อม_M5_U5,22,พรรคก้าวอิสระ,0.0
KK10_เปือยน้อย_ขามป้อม_M5_U5,23,พรรคปวงชนไทย,0.0
KK10_เปือยน้อย_ขามป้อม_M5_U5,24,พรรควิชชั่นใหม่,0.0
KK10_เปือยน้อย_ขามป้อม_M5_U5,25,พรรคเพื่อชีวิตใหม่,0.0
KK10_เปือยน้อย_ขามป้อม_M5_U5,26,พรรคคลองไทย,1.0
KK10_เปือยน้อย_ขามป้อม_M5_U5,27,พรรคประชาธิปัตย์,3.0
KK10_เปือยน้อย_ขามป้อม_M5_U5,28,พรรคไทยก้าวหน้า,1.0
KK10_เปือยน้อย_ขามป้อม_M5_U5,29,พรรคไทยภักดี,1.0
KK10_เปือยน้อย_ขามป้อม_M5_U5,30,พรรคแรงงานสร้างชาติ,0.0
KK10_เปือยน้อย_ขามป้อม_M5_U5,31,พรรคประชากรไทย,1.0
KK10_เปือยน้อย_ขามป้อม_M5_U5,32,พรรคครูไทยเพื่อประชาชน,0.0
KK10_เปือยน้อย_ขามป้อม_M5_U5,33,พรรคประชาชาติ,0.0
KK10_เปือยน้อย_ขามป้อม_M5_U5,34,พรรคสร้างอนาคตไทย,0.0
KK10_เปือยน้อย_ขามป้อม_M5_U5,35,พรรครักชาติ,0.0
KK10_เปือยน้อย_ขามป้อม_M5_U5,36,พรรคไทยพร้อม,1.0
KK10_เปือยน้อย_ขามป้อม_M5_U5,37,พรรคภูมิใจไทย,58.0
KK10_เปือยน้อย_ขามป้อม_M5_U5,38,พรรคพลังธรรมใหม่,0.0
KK10_เปือยน้อย_ขามป้อม_M5_U5,39,พรรคกรีน,0.0
KK10_เปือยน้อย_ขามป้อม_M5_U5,40,พรรคไทยธรรม,1.0
KK10_เปือยน้อย_ขามป้อม_M5_U5,41,พรรคแผ่นดินธรรม,0.0
KK10_เปือยน้อย_ขามป้อม_M5_U5,42,พรรคกล้าธรรม,0.0
KK10_เปือยน้อย_ขามป้อม_M5_U5,43,พรรคพลังประชารัฐ,0.0
KK10_เปือยน้อย_ขามป้อม_M5_U5,44,พรรคโอกาสใหม่,0.0
KK10_เปือยน้อย_ขามป้อม_M5_U5,45,พรรคเป็นธรรม,0.0
KK10_เปือยน้อย_ขามป้อม_M5_U5,46,พรรคประชาชน,27.0
KK10_เปือยน้อย_ขามป้อม_M5_U5,47,พรรคประชาไทย,1.0
KK10_เปือยน้อย_ขามป้อม_M5_U5,48,พรรคไทยสร้างไทย,4.0
KK10_เปือยน้อย_ขามป้อม_M5_U5,49,พรรคไทยก้าวใหม่,0.0
KK10_เปือยน้อย_ขามป้อม_M5_U5,50,พรรคอาสาสมัครประชาชนไทย,0.0
KK10_เปือยน้อย_ขามป้อม_M5_U5,51,พรรคพร้อม,0.0
KK10_เปือยน้อย_ขามป้อม_M5_U5,52,พรรคเครือข่ายชาวนาแห่งประเทศไทย,0.0
KK10_เปือยน้อย_ขามป้อม_M5_U5,53,พรรคไทยพิทักษ์ธรรม,0.0
KK10_เปือยน้อย_ขามป้อม_M5_U5,54,พรรคความหวังใหม่,0.0
KK10_เปือยน้อย_ขามป้อม_M5_U5,55,พรรคไทยรวมไทย,0.0
KK10_เปือยน้อย_ขามป้อม_M5_U5,56,พรรคเพื่อชาติ,0.0
KK10_เปือยน้อย_ขามป้อม_M5_U5,57,พรรคพลังไทยรักชาติ,0.0
KK10_เปือยน้อย_ขามป้อม_M6_U6,1,พรรคไทยทรัพย์ทวี,6.0
KK10_เปือยน้อย_ขามป้อม_M6_U6,2,พรรคเพื่อชาติไทย,7.0
KK10_เปือยน้อย_ขามป้อม_M6_U6,3,พรรคใหม่,4.0
KK10_เปือยน้อย_ขามป้อม_M6_U6,4,พรรคมิติใหม่,1.0
KK10_เปือยน้อย_ขามป้อม_M6_U6,5,พรรครวมใจไทย,10.0
KK10_เปือยน้อย_ขามป้อม_M6_U6,6,พรรครวมไทยสร้างชาติ,1.0
KK10_เปือยน้อย_ขามป้อม_M6_U6,7,พรรคพลวัต,1.0
KK10_เปือยน้อย_ขามป้อม_M6_U6,8,พรรคประชาธิปไตยใหม่,2.0
KK10_เปือยน้อย_ขามป้อม_M6_U6,9,พรรคเพื่อไทย,142.0
KK10_เปือยน้อย_ขามป้อม_M6_U6,10,พรรคทางเลือกใหม่,1.0
KK10_เปือยน้อย_ขามป้อม_M6_U6,11,พรรคเศรษฐกิจ,9.0
KK10_เปือยน้อย_ขามป้อม_M6_U6,12,พรรคเสรีรวมไทย,2.0
KK10_เปือยน้อย_ขามป้อม_M6_U6,13,พรรครวมพลังประชาชน,2.0
KK10_เปือยน้อย_ขามป้อม_M6_U6,15,พรรคอนาคตไทย,1.0
KK10_เปือยน้อย_ขามป้อม_M6_U6,16,พรรคพลังเพื่อไทย,1.0
KK10_เปือยน้อย_ขามป้อม_M6_U6,27,พรรคประชาธิปัตย์,13.0
KK10_เปือยน้อย_ขามป้อม_M6_U6,28,พรรคไทยก้าวหน้า,1.0
KK10_เปือยน้อย_ขามป้อม_M6_U6,30,พรรคแรงงานสร้างชาติ,1.0
KK10_เปือยน้อย_ขามป้อม_M6_U6,31,พรรคประชากรไทย,1.0
KK10_เปือยน้อย_ขามป้อม_M6_U6,32,พรรคครูไทยเพื่อประชาชน,1.0
KK10_เปือยน้อย_ขามป้อม_M6_U6,34,พรรคสร้างอนาคตไทย,2.0
KK10_เปือยน้อย_ขามป้อม_M6_U6,37,พรรคภูมิใจไทย,46.0
KK10_เปือยน้อย_ขามป้อม_M6_U6,38,พรรคพลังธรรมใหม่,1.0
KK10_เปือยน้อย_ขามป้อม_M6_U6,41,พรรคแผ่นดินธรรม,1.0
KK10_เปือยน้อย_ขามป้อม_M6_U6,42,พรรคกล้าธรรม,2.0
KK10_เปือยน้อย_ขามป้อม_M6_U6,46,พรรคประชาชน,45.0
KK10_เปือยน้อย_ขามป้อม_M6_U6,48,พรรคไทยสร้างไทย,5.0
KK10_เปือยน้อย_ขามป้อม_M6_U6,56,พรรคเพื่อชาติ,1.0
KK10_เปือยน้อย_ขามป้อม_M7_U7,1,พรรคไทยทรัพย์ทวี,7.0
KK10_เปือยน้อย_ขามป้อม_M7_U7,2,พรรคเพื่อชาติไทย,4.0
KK10_เปือยน้อย_ขามป้อม_M7_U7,3,พรรคใหม่,4.0
KK10_เปือยน้อย_ขามป้อม_M7_U7,4,พรรคมิติใหม่,0.0
KK10_เปือยน้อย_ขามป้อม_M7_U7,5,พรรครวมใจไทย,19.0
KK10_เปือยน้อย_ขามป้อม_M7_U7,6,พรรครวมไทยสร้างชาติ,1.0
KK10_เปือยน้อย_ขามป้อม_M7_U7,7,พรรคพลวัต,1.0
KK10_เปือยน้อย_ขามป้อม_M7_U7,8,พรรคประชาธิปไตยใหม่,1.0
KK10_เปือยน้อย_ขามป้อม_M7_U7,9,พรรคเพื่อไทย,70.0
KK10_เปือยน้อย_ขามป้อม_M7_U7,10,พรรคทางเลือกใหม่,3.0
KK10_เปือยน้อย_ขามป้อม_M7_U7,11,พรรคเศรษฐกิจ,13.0
KK10_เปือยน้อย_ขามป้อม_M7_U7,12,พรรคเสรีรวมไทย,1.0
KK10_เปือยน้อย_ขามป้อม_M7_U7,13,พรรครวมพลังประชาชน,2.0
KK10_เปือยน้อย_ขามป้อม_M7_U7,14,พรรคท้องที่ไทย,0.0
KK10_เปือยน้อย_ขามป้อม_M7_U7,15,พรรคอนาคตไทย,1.0
KK10_เปือยน้อย_ขามป้อม_M7_U7,16,พรรคพลังเพื่อไทย,0.0
KK10_เปือยน้อย_ขามป้อม_M7_U7,17,พรรคไทยชนะ,1.0
KK10_เปือยน้อย_ขามป้อม_M7_U7,18,พรรคพลังสังคมใหม่,0.0
KK10_เปือยน้อย_ขามป้อม_M7_U7,19,พรรคสังคมประชาธิปไตยไทย,1.0
KK10_เปือยน้อย_ขามป้อม_M7_U7,20,พรรคฟิวชัน,0.0
KK10_เปือยน้อย_ขามป้อม_M7_U7,21,พรรคไทรวมพลัง,0.0
KK10_เปือยน้อย_ขามป้อม_M7_U7,22,พรรคก้าวอิสระ,0.0
KK10_เปือยน้อย_ขามป้อม_M7_U7,23,พรรคปวงชนไทย,0.0
KK10_เปือยน้อย_ขามป้อม_M7_U7,24,พรรควิชชั่นใหม่,0.0
KK10_เปือยน้อย_ขามป้อม_M7_U7,25,พรรคเพื่อชีวิตใหม่,0.0
KK10_เปือยน้อย_ขามป้อม_M7_U7,26,พรรคคลองไทย,0.0
KK10_เปือยน้อย_ขามป้อม_M7_U7,27,พรรคประชาธิปัตย์,5.0
KK10_เปือยน้อย_ขามป้อม_M7_U7,28,พรรคไทยก้าวหน้า,1.0
KK10_เปือยน้อย_ขามป้อม_M7_U7,29,พรรคไทยภักดี,0.0
KK10_เปือยน้อย_ขามป้อม_M7_U7,30,พรรคแรงงานสร้างชาติ,0.0
KK10_เปือยน้อย_ขามป้อม_M7_U7,31,พรรคประชากรไทย,0.0
KK10_เปือยน้อย_ขามป้อม_M7_U7,32,พรรคครูไทยเพื่อประชาชน,1.0
KK10_เปือยน้อย_ขามป้อม_M7_U7,33,พรรคประชาชาติ,0.0
KK10_เปือยน้อย_ขามป้อม_M7_U7,34,พรรคสร้างอนาคตไทย,1.0
KK10_เปือยน้อย_ขามป้อม_M7_U7,35,พรรครักชาติ,2.0
KK10_เปือยน้อย_ขามป้อม_M7_U7,36,พรรคไทยพร้อม,0.0
KK10_เปือยน้อย_ขามป้อม_M7_U7,37,พรรคภูมิใจไทย,67.0
KK10_เปือยน้อย_ขามป้อม_M7_U7,38,พรรคพลังธรรมใหม่,2.0
KK10_เปือยน้อย_ขามป้อม_M7_U7,39,พรรคกรีน,0.0
KK10_เปือยน้อย_ขามป้อม_M7_U7,40,พรรคไทยธรรม,2.0
KK10_เปือยน้อย_ขามป้อม_M7_U7,41,พรรคแผ่นดินธรรม,0.0
KK10_เปือยน้อย_ขามป้อม_M7_U7,42,พรรคกล้าธรรม,1.0
KK10_เปือยน้อย_ขามป้อม_M7_U7,43,พรรคพลังประชารัฐ,0.0
KK10_เปือยน้อย_ขามป้อม_M7_U7,44,พรรคโอกาสใหม่,0.0
KK10_เปือยน้อย_ขามป้อม_M7_U7,45,พรรคเป็นธรรม,0.0
KK10_เปือยน้อย_ขามป้อม_M7_U7,46,พรรคประชาชน,44.0
KK10_เปือยน้อย_ขามป้อม_M7_U7,47,พรรคประชาไทย,0.0
KK10_เปือยน้อย_ขามป้อม_M7_U7,48,พรรคไทยสร้างไทย,8.0
KK10_เปือยน้อย_ขามป้อม_M7_U7,49,พรรคไทยก้าวใหม่,2.0
KK10_เปือยน้อย_ขามป้อม_M7_U7,50,พรรคอาสาสมัครประชาชนไทย,0.0
KK10_เปือยน้อย_ขามป้อม_M7_U7,51,พรรคพร้อม,0.0
KK10_เปือยน้อย_ขามป้อม_M7_U7,52,พรรคเครือข่ายชาวนาแห่งประเทศไทย,0.0
KK10_เปือยน้อย_ขามป้อม_M7_U7,53,พรรคไทยพิทักษ์ธรรม,0.0
KK10_เปือยน้อย_ขามป้อม_M7_U7,54,พรรคความหวังใหม่,0.0
KK10_เปือยน้อย_ขามป้อม_M7_U7,55,พรรคไทยรวมไทย,0.0
KK10_เปือยน้อย_ขามป้อม_M7_U7,56,พรรคเพื่อชาติ,0.0
KK10_เปือยน้อย_ขามป้อม_M7_U7,57,พรรคพลังไทยรักชาติ,0.0
KK10_เปือยน้อย_ขามป้อม_M8_U8,1,พรรคไทยทรัพย์ทวี,5.0
KK10_เปือยน้อย_ขามป้อม_M8_U8,2,พรรคเพื่อชาติไทย,3.0
KK10_เปือยน้อย_ขามป้อม_M8_U8,5,พรรครวมใจไทย,3.0
KK10_เปือยน้อย_ขามป้อม_M8_U8,6,พรรครวมไทยสร้างชาติ,1.0
KK10_เปือยน้อย_ขามป้อม_M8_U8,9,พรรคเพื่อไทย,53.0
KK10_เปือยน้อย_ขามป้อม_M8_U8,11,พรรคเศรษฐกิจ,4.0
KK10_เปือยน้อย_ขามป้อม_M8_U8,14,พรรคท้องที่ไทย,1.0
KK10_เปือยน้อย_ขามป้อม_M8_U8,27,พรรคประชาธิปัตย์,10.0
KK10_เปือยน้อย_ขามป้อม_M8_U8,28,พรรคไทยก้าวหน้า,1.0
KK10_เปือยน้อย_ขามป้อม_M8_U8,37,พรรคภูมิใจไทย,12.0
KK10_เปือยน้อย_ขามป้อม_M8_U8,42,พรรคกล้าธรรม,1.0
KK10_เปือยน้อย_ขามป้อม_M8_U8,43,พรรคพลังประชารัฐ,1.0
KK10_เปือยน้อย_ขามป้อม_M8_U8,46,พรรคประชาชน,15.0
KK10_เปือยน้อย_ขามป้อม_M9_U9,1,พรรคไทยทรัพย์ทวี,4.0
KK10_เปือยน้อย_ขามป้อม_M9_U9,2,พรรคเพื่อชาติไทย,4.0
KK10_เปือยน้อย_ขามป้อม_M9_U9,3,พรรคใหม่,1.0
KK10_เปือยน้อย_ขามป้อม_M9_U9,5,พรรครวมใจไทย,4.0
KK10_เปือยน้อย_ขามป้อม_M9_U9,6,พรรครวมไทยสร้างชาติ,1.0
KK10_เปือยน้อย_ขามป้อม_M9_U9,8,พรรคประชาธิปไตยใหม่,1.0
KK10_เปือยน้อย_ขามป้อม_M9_U9,9,พรรคเพื่อไทย,75.0
KK10_เปือยน้อย_ขามป้อม_M9_U9,11,พรรคเศรษฐกิจ,18.0
KK10_เปือยน้อย_ขามป้อม_M9_U9,12,พรรคเสรีรวมไทย,2.0
KK10_เปือยน้อย_ขามป้อม_M9_U9,13,พรรครวมพลังประชาชน,1.0
KK10_เปือยน้อย_ขามป้อม_M9_U9,17,พรรคไทยชนะ,1.0
KK10_เปือยน้อย_ขามป้อม_M9_U9,19,พรรคสังคมประชาธิปไตยไทย,1.0
KK10_เปือยน้อย_ขามป้อม_M9_U9,27,พรรคประชาธิปัตย์,5.0
KK10_เปือยน้อย_ขามป้อม_M9_U9,31,พรรคประชากรไทย,2.0
KK10_เปือยน้อย_ขามป้อม_M9_U9,32,พรรคครูไทยเพื่อประชาชน,1.0
KK10_เปือยน้อย_ขามป้อม_M9_U9,37,พรรคภูมิใจไทย,52.0
KK10_เปือยน้อย_ขามป้อม_M9_U9,38,พรรคพลังธรรมใหม่,2.0
KK10_เปือยน้อย_ขามป้อม_M9_U9,40,พรรคไทยธรรม,2.0
KK10_เปือยน้อย_ขามป้อม_M9_U9,42,พรรคกล้าธรรม,1.0
KK10_เปือยน้อย_ขามป้อม_M9_U9,46,พรรคประชาชน,31.0
KK10_เปือยน้อย_ขามป้อม_M9_U9,48,พรรคไทยสร้างไทย,1.0
KK10_เปือยน้อย_ขามป้อม_M9_U9,49,พรรคไทยก้าวใหม่,1.0
KK10_เปือยน้อย_วังม่วง_M1_U1,1,พรรคไทยทรัพย์ทวี,5.0
KK10_เปือยน้อย_วังม่วง_M1_U1,2,พรรคเพื่อชาติไทย,11.0
KK10_เปือยน้อย_วังม่วง_M1_U1,3,พรรคใหม่,2.0
KK10_เปือยน้อย_วังม่วง_M1_U1,4,พรรคมิติใหม่,2.0
KK10_เปือยน้อย_วังม่วง_M1_U1,5,พรรครวมใจไทย,23.0
KK10_เปือยน้อย_วังม่วง_M1_U1,6,พรรครวมไทยสร้างชาติ,6.0
KK10_เปือยน้อย_วังม่วง_M1_U1,7,พรรคพลวัต,0.0
KK10_เปือยน้อย_วังม่วง_M1_U1,8,พรรคประชาธิปไตยใหม่,3.0
KK10_เปือยน้อย_วังม่วง_M1_U1,9,พรรคเพื่อไทย,105.0
KK10_เปือยน้อย_วังม่วง_M1_U1,10,พรรคทางเลือกใหม่,0.0
KK10_เปือยน้อย_วังม่วง_M1_U1,11,พรรคเศรษฐกิจ,15.0
KK10_เปือยน้อย_วังม่วง_M1_U1,12,พรรคเสรีรวมไทย,3.0
KK10_เปือยน้อย_วังม่วง_M1_U1,13,พรรครวมพลังประชาชน,4.0
KK10_เปือยน้อย_วังม่วง_M1_U1,14,พรรคท้องที่ไทย,0.0
KK10_เปือยน้อย_วังม่วง_M1_U1,15,พรรคอนาคตไทย,0.0
KK10_เปือยน้อย_วังม่วง_M1_U1,16,พรรคพลังเพื่อไทย,0.0
KK10_เปือยน้อย_วังม่วง_M1_U1,17,พรรคไทยชนะ,1.0
KK10_เปือยน้อย_วังม่วง_M1_U1,18,พรรคพลังสังคมใหม่,1.0
KK10_เปือยน้อย_วังม่วง_M1_U1,19,พรรคสังคมประชาธิปไตยไทย,1.0
KK10_เปือยน้อย_วังม่วง_M1_U1,20,พรรคฟิวชัน,0.0
KK10_เปือยน้อย_วังม่วง_M1_U1,21,พรรคไทรวมพลัง,0.0
KK10_เปือยน้อย_วังม่วง_M1_U1,22,พรรคก้าวอิสระ,0.0
KK10_เปือยน้อย_วังม่วง_M1_U1,23,พรรคปวงชนไทย,0.0
KK10_เปือยน้อย_วังม่วง_M1_U1,24,พรรควิชชั่นใหม่,0.0
KK10_เปือยน้อย_วังม่วง_M1_U1,25,พรรคเพื่อชีวิตใหม่,0.0
KK10_เปือยน้อย_วังม่วง_M1_U1,26,พรรคคลองไทย,0.0
KK10_เปือยน้อย_วังม่วง_M1_U1,27,พรรคประชาธิปัตย์,42.0
KK10_เปือยน้อย_วังม่วง_M1_U1,28,พรรคไทยก้าวหน้า,1.0
KK10_เปือยน้อย_วังม่วง_M1_U1,29,พรรคไทยภักดี,2.0
KK10_เปือยน้อย_วังม่วง_M1_U1,30,พรรคแรงงานสร้างชาติ,2.0
KK10_เปือยน้อย_วังม่วง_M1_U1,31,พรรคประชากรไทย,1.0
KK10_เปือยน้อย_วังม่วง_M1_U1,32,พรรคครูไทยเพื่อประชาชน,0.0
KK10_เปือยน้อย_วังม่วง_M1_U1,33,พรรคประชาชาติ,1.0
KK10_เปือยน้อย_วังม่วง_M1_U1,34,พรรคสร้างอนาคตไทย,0.0
KK10_เปือยน้อย_วังม่วง_M1_U1,35,พรรครักชาติ,4.0
KK10_เปือยน้อย_วังม่วง_M1_U1,36,พรรคไทยพร้อม,5.0
KK10_เปือยน้อย_วังม่วง_M1_U1,37,พรรคภูมิใจไทย,119.0
KK10_เปือยน้อย_วังม่วง_M1_U1,38,พรรคพลังธรรมใหม่,3.0
KK10_เปือยน้อย_วังม่วง_M1_U1,39,พรรคกรีน,0.0
KK10_เปือยน้อย_วังม่วง_M1_U1,40,พรรคไทยธรรม,0.0
KK10_เปือยน้อย_วังม่วง_M1_U1,41,พรรคแผ่นดินธรรม,0.0
KK10_เปือยน้อย_วังม่วง_M1_U1,42,พรรคกล้าธรรม,2.0
KK10_เปือยน้อย_วังม่วง_M1_U1,43,พรรคพลังประชารัฐ,1.0
KK10_เปือยน้อย_วังม่วง_M1_U1,44,พรรคโอกาสใหม่,0.0
KK10_เปือยน้อย_วังม่วง_M1_U1,45,พรรคเป็นธรรม,0.0
KK10_เปือยน้อย_วังม่วง_M1_U1,46,พรรคประชาชน,111.0
KK10_เปือยน้อย_วังม่วง_M1_U1,47,พรรคประชาไทย,2.0
KK10_เปือยน้อย_วังม่วง_M1_U1,48,พรรคไทยสร้างไทย,3.0
KK10_เปือยน้อย_วังม่วง_M1_U1,49,พรรคไทยก้าวใหม่,3.0
KK10_เปือยน้อย_วังม่วง_M1_U1,50,พรรคอาสาสมัครประชาชนไทย,0.0
KK10_เปือยน้อย_วังม่วง_M1_U1,51,พรรคพร้อม,0.0
KK10_เปือยน้อย_วังม่วง_M1_U1,52,พรรคเครือข่ายชาวนาแห่งประเทศไทย,0.0
KK10_เปือยน้อย_วังม่วง_M1_U1,53,พรรคไทยพิทักษ์ธรรม,0.0
KK10_เปือยน้อย_วังม่วง_M1_U1,54,พรรคความหวังใหม่,0.0
KK10_เปือยน้อย_วังม่วง_M1_U1,55,พรรคไทยรวมไทย,0.0
KK10_เปือยน้อย_วังม่วง_M1_U1,56,พรรคเพื่อชาติ,0.0
KK10_เปือยน้อย_วังม่วง_M1_U1,57,พรรคพลังไทยรักชาติ,0.0
KK10_เปือยน้อย_วังม่วง_M2_U2,1,พรรคไทยทรัพย์ทวี,19.0
KK10_เปือยน้อย_วังม่วง_M2_U2,2,พรรคเพื่อชาติไทย,8.0
KK10_เปือยน้อย_วังม่วง_M2_U2,3,พรรคใหม่,2.0
KK10_เปือยน้อย_วังม่วง_M2_U2,4,พรรคมิติใหม่,1.0
KK10_เปือยน้อย_วังม่วง_M2_U2,5,พรรครวมใจไทย,29.0
KK10_เปือยน้อย_วังม่วง_M2_U2,6,พรรครวมไทยสร้างชาติ,3.0
KK10_เปือยน้อย_วังม่วง_M2_U2,7,พรรคพลวัต,0.0
KK10_เปือยน้อย_วังม่วง_M2_U2,8,พรรคประชาธิปไตยใหม่,1.0
KK10_เปือยน้อย_วังม่วง_M2_U2,9,พรรคเพื่อไทย,136.0
KK10_เปือยน้อย_วังม่วง_M2_U2,10,พรรคทางเลือกใหม่,1.0
KK10_เปือยน้อย_วังม่วง_M2_U2,11,พรรคเศรษฐกิจ,36.0
KK10_เปือยน้อย_วังม่วง_M2_U2,12,พรรคเสรีรวมไทย,3.0
KK10_เปือยน้อย_วังม่วง_M2_U2,13,พรรครวมพลังประชาชน,6.0
KK10_เปือยน้อย_วังม่วง_M2_U2,14,พรรคท้องที่ไทย,3.0
KK10_เปือยน้อย_วังม่วง_M2_U2,15,พรรคอนาคตไทย,0.0
KK10_เปือยน้อย_วังม่วง_M2_U2,16,พรรคพลังเพื่อไทย,1.0
KK10_เปือยน้อย_วังม่วง_M2_U2,17,พรรคไทยชนะ,1.0
KK10_เปือยน้อย_วังม่วง_M2_U2,18,พรรคพลังสังคมใหม่,0.0
KK10_เปือยน้อย_วังม่วง_M2_U2,19,พรรคสังคมประชาธิปไตยไทย,0.0
KK10_เปือยน้อย_วังม่วง_M2_U2,20,พรรคฟิวชัน,2.0
KK10_เปือยน้อย_วังม่วง_M2_U2,21,พรรคไทรวมพลัง,0.0
KK10_เปือยน้อย_วังม่วง_M2_U2,22,พรรคก้าวอิสระ,0.0
KK10_เปือยน้อย_วังม่วง_M2_U2,23,พรรคปวงชนไทย,0.0
KK10_เปือยน้อย_วังม่วง_M2_U2,24,พรรควิชชั่นใหม่,1.0
KK10_เปือยน้อย_วังม่วง_M2_U2,25,พรรคเพื่อชีวิตใหม่,0.0
KK10_เปือยน้อย_วังม่วง_M2_U2,26,พรรคคลองไทย,0.0
KK10_เปือยน้อย_วังม่วง_M2_U2,27,พรรคประชาธิปัตย์,35.0
KK10_เปือยน้อย_วังม่วง_M2_U2,28,พรรคไทยก้าวหน้า,0.0
KK10_เปือยน้อย_วังม่วง_M2_U2,29,พรรคไทยภักดี,3.0
KK10_เปือยน้อย_วังม่วง_M2_U2,30,พรรคแรงงานสร้างชาติ,1.0
KK10_เปือยน้อย_วังม่วง_M2_U2,31,พรรคประชากรไทย,0.0
KK10_เปือยน้อย_วังม่วง_M2_U2,32,พรรคครูไทยเพื่อประชาชน,0.0
KK10_เปือยน้อย_วังม่วง_M2_U2,33,พรรคประชาชาติ,1.0
KK10_เปือยน้อย_วังม่วง_M2_U2,34,พรรคสร้างอนาคตไทย,1.0
KK10_เปือยน้อย_วังม่วง_M2_U2,35,พรรครักชาติ,0.0
KK10_เปือยน้อย_วังม่วง_M2_U2,36,พรรคไทยพร้อม,1.0
KK10_เปือยน้อย_วังม่วง_M2_U2,37,พรรคภูมิใจไทย,75.0
KK10_เปือยน้อย_วังม่วง_M2_U2,38,พรรคพลังธรรมใหม่,0.0
KK10_เปือยน้อย_วังม่วง_M2_U2,39,พรรคกรีน,0.0
KK10_เปือยน้อย_วังม่วง_M2_U2,40,พรรคไทยธรรม,0.0
KK10_เปือยน้อย_วังม่วง_M2_U2,41,พรรคแผ่นดินธรรม,0.0
KK10_เปือยน้อย_วังม่วง_M2_U2,42,พรรคกล้าธรรม,0.0
KK10_เปือยน้อย_วังม่วง_M2_U2,43,พรรคพลังประชารัฐ,1.0
KK10_เปือยน้อย_วังม่วง_M2_U2,44,พรรคโอกาสใหม่,0.0
KK10_เปือยน้อย_วังม่วง_M2_U2,45,พรรคเป็นธรรม,3.0
KK10_เปือยน้อย_วังม่วง_M2_U2,46,พรรคประชาชน,120.0
KK10_เปือยน้อย_วังม่วง_M2_U2,47,พรรคประชาไทย,0.0
KK10_เปือยน้อย_วังม่วง_M2_U2,48,พรรคไทยสร้างไทย,4.0
KK10_เปือยน้อย_วังม่วง_M2_U2,49,พรรคไทยก้าวใหม่,0.0
KK10_เปือยน้อย_วังม่วง_M2_U2,50,พรรคอาสาสมัครประชาชนไทย,0.0
KK10_เปือยน้อย_วังม่วง_M2_U2,51,พรรคพร้อม,0.0
KK10_เปือยน้อย_วังม่วง_M2_U2,52,พรรคเครือข่ายชาวนาแห่งประเทศไทย,0.0
KK10_เปือยน้อย_วังม่วง_M2_U2,53,พรรคไทยพิทักษ์ธรรม,0.0
KK10_เปือยน้อย_วังม่วง_M2_U2,54,พรรคความหวังใหม่,1.0
KK10_เปือยน้อย_วังม่วง_M2_U2,55,พรรคไทยรวมไทย,0.0
KK10_เปือยน้อย_วังม่วง_M2_U2,56,พรรคเพื่อชาติ,0.0
KK10_เปือยน้อย_วังม่วง_M2_U2,57,พรรคพลังไทยรักชาติ,0.0
KK10_เปือยน้อย_วังม่วง_M3_U3,1,พรรคไทยทรัพย์ทวี,4.0
KK10_เปือยน้อย_วังม่วง_M3_U3,2,พรรคเพื่อชาติไทย,5.0
KK10_เปือยน้อย_วังม่วง_M3_U3,3,พรรคใหม่,5.0
KK10_เปือยน้อย_วังม่วง_M3_U3,5,พรรครวมใจไทย,13.0
KK10_เปือยน้อย_วังม่วง_M3_U3,6,พรรครวมไทยสร้างชาติ,4.0
KK10_เปือยน้อย_วังม่วง_M3_U3,8,พรรคประชาธิปไตยใหม่,2.0
KK10_เปือยน้อย_วังม่วง_M3_U3,9,พรรคเพื่อไทย,114.0
KK10_เปือยน้อย_วังม่วง_M3_U3,10,พรรคทางเลือกใหม่,1.0
KK10_เปือยน้อย_วังม่วง_M3_U3,11,พรรคเศรษฐกิจ,5.0
KK10_เปือยน้อย_วังม่วง_M3_U3,12,พรรคเสรีรวมไทย,2.0
KK10_เปือยน้อย_วังม่วง_M3_U3,13,พรรครวมพลังประชาชน,4.0
KK10_เปือยน้อย_วังม่วง_M3_U3,16,พรรคพลังเพื่อไทย,1.0
KK10_เปือยน้อย_วังม่วง_M3_U3,17,พรรคไทยชนะ,1.0
KK10_เปือยน้อย_วังม่วง_M3_U3,19,พรรคสังคมประชาธิปไตยไทย,1.0
KK10_เปือยน้อย_วังม่วง_M3_U3,20,พรรคฟิวชัน,1.0
KK10_เปือยน้อย_วังม่วง_M3_U3,26,พรรคคลองไทย,1.0
KK10_เปือยน้อย_วังม่วง_M3_U3,27,พรรคประชาธิปัตย์,6.0
KK10_เปือยน้อย_วังม่วง_M3_U3,32,พรรคครูไทยเพื่อประชาชน,1.0
KK10_เปือยน้อย_วังม่วง_M3_U3,34,พรรคสร้างอนาคตไทย,2.0
KK10_เปือยน้อย_วังม่วง_M3_U3,35,พรรครักชาติ,2.0
KK10_เปือยน้อย_วังม่วง_M3_U3,36,พรรคไทยพร้อม,1.0
KK10_เปือยน้อย_วังม่วง_M3_U3,37,พรรคภูมิใจไทย,51.0
KK10_เปือยน้อย_วังม่วง_M3_U3,38,พรรคพลังธรรมใหม่,4.0
KK10_เปือยน้อย_วังม่วง_M3_U3,45,พรรคเป็นธรรม,3.0
KK10_เปือยน้อย_วังม่วง_M3_U3,46,พรรคประชาชน,86.0
KK10_เปือยน้อย_วังม่วง_M3_U3,49,พรรคไทยก้าวใหม่,1.0
KK10_เปือยน้อย_วังม่วง_M4_U4,1,พรรคไทยทรัพย์ทวี,11.0
KK10_เปือยน้อย_วังม่วง_M4_U4,2,พรรคเพื่อชาติไทย,5.0
KK10_เปือยน้อย_วังม่วง_M4_U4,4,พรรคมิติใหม่,1.0
KK10_เปือยน้อย_วังม่วง_M4_U4,5,พรรครวมใจไทย,20.0
KK10_เปือยน้อย_วังม่วง_M4_U4,9,พรรคเพื่อไทย,1.0
KK10_เปือยน้อย_วังม่วง_M4_U4,10,พรรคทางเลือกใหม่,151.0
KK10_เปือยน้อย_วังม่วง_M4_U4,11,พรรคเศรษฐกิจ,2.0
KK10_เปือยน้อย_วังม่วง_M4_U4,12,พรรคเสรีรวมไทย,6.0
KK10_เปือยน้อย_วังม่วง_M4_U4,13,พรรครวมพลังประชาชน,1.0
KK10_เปือยน้อย_วังม่วง_M4_U4,14,พรรคท้องที่ไทย,1.0
KK10_เปือยน้อย_วังม่วง_M4_U4,16,พรรคพลังเพื่อไทย,1.0
KK10_เปือยน้อย_วังม่วง_M4_U4,18,พรรคพลังสังคมใหม่,3.0
KK10_เปือยน้อย_วังม่วง_M4_U4,22,พรรคก้าวอิสระ,1.0
KK10_เปือยน้อย_วังม่วง_M4_U4,24,พรรควิชชั่นใหม่,2.0
KK10_เปือยน้อย_วังม่วง_M4_U4,27,พรรคประชาธิปัตย์,1.0
KK10_เปือยน้อย_วังม่วง_M4_U4,28,พรรคไทยก้าวหน้า,21.0
KK10_เปือยน้อย_วังม่วง_M4_U4,30,พรรคแรงงานสร้างชาติ,2.0
KK10_เปือยน้อย_วังม่วง_M4_U4,31,พรรคประชากรไทย,2.0
KK10_เปือยน้อย_วังม่วง_M4_U4,32,พรรคครูไทยเพื่อประชาชน,1.0
KK10_เปือยน้อย_วังม่วง_M4_U4,33,พรรคประชาชาติ,2.0
KK10_เปือยน้อย_วังม่วง_M4_U4,35,พรรครักชาติ,3.0
KK10_เปือยน้อย_วังม่วง_M4_U4,38,พรรคพลังธรรมใหม่,109.0
KK10_เปือยน้อย_วังม่วง_M4_U4,39,พรรคกรีน,3.0
KK10_เปือยน้อย_วังม่วง_M4_U4,42,พรรคกล้าธรรม,1.0
KK10_เปือยน้อย_วังม่วง_M4_U4,43,พรรคพลังประชารัฐ,1.0
KK10_เปือยน้อย_วังม่วง_M4_U4,44,พรรคโอกาสใหม่,2.0
KK10_เปือยน้อย_วังม่วง_M4_U4,47,พรรคประชาไทย,89.0
KK10_เปือยน้อย_วังม่วง_M4_U4,48,พรรคไทยสร้างไทย,3.0
KK10_เปือยน้อย_วังม่วง_M4_U4,49,พรรคไทยก้าวใหม่,1.0
KK10_เปือยน้อย_วังม่วง_M4_U4,51,พรรคพร้อม,1.0
KK10_เปือยน้อย_วังม่วง_M5_U5,1,พรรคไทยทรัพย์ทวี,7.0
KK10_เปือยน้อย_วังม่วง_M5_U5,2,พรรคเพื่อชาติไทย,3.0
KK10_เปือยน้อย_วังม่วง_M5_U5,3,พรรคใหม่,1.0
KK10_เปือยน้อย_วังม่วง_M5_U5,4,พรรคมิติใหม่,0.0
KK10_เปือยน้อย_วังม่วง_M5_U5,5,พรรครวมใจไทย,9.0
KK10_เปือยน้อย_วังม่วง_M5_U5,6,พรรครวมไทยสร้างชาติ,1.0
KK10_เปือยน้อย_วังม่วง_M5_U5,7,พรรคพลวัต,0.0
KK10_เปือยน้อย_วังม่วง_M5_U5,8,พรรคประชาธิปไตยใหม่,0.0
KK10_เปือยน้อย_วังม่วง_M5_U5,9,พรรคเพื่อไทย,99.0
KK10_เปือยน้อย_วังม่วง_M5_U5,10,พรรคทางเลือกใหม่,0.0
KK10_เปือยน้อย_วังม่วง_M5_U5,11,พรรคเศรษฐกิจ,9.0
KK10_เปือยน้อย_วังม่วง_M5_U5,12,พรรคเสรีรวมไทย,0.0
KK10_เปือยน้อย_วังม่วง_M5_U5,13,พรรครวมพลังประชาชน,0.0
KK10_เปือยน้อย_วังม่วง_M5_U5,14,พรรคท้องที่ไทย,0.0
KK10_เปือยน้อย_วังม่วง_M5_U5,15,พรรคอนาคตไทย,1.0
KK10_เปือยน้อย_วังม่วง_M5_U5,16,พรรคพลังเพื่อไทย,0.0
KK10_เปือยน้อย_วังม่วง_M5_U5,17,พรรคไทยชนะ,0.0
KK10_เปือยน้อย_วังม่วง_M5_U5,18,พรรคพลังสังคมใหม่,0.0
KK10_เปือยน้อย_วังม่วง_M5_U5,19,พรรคสังคมประชาธิปไตยไทย,0.0
KK10_เปือยน้อย_วังม่วง_M5_U5,20,พรรคฟิวชัน,0.0
KK10_เปือยน้อย_วังม่วง_M5_U5,21,พรรคไทรวมพลัง,0.0
KK10_เปือยน้อย_วังม่วง_M5_U5,22,พรรคก้าวอิสระ,0.0
KK10_เปือยน้อย_วังม่วง_M5_U5,23,พรรคปวงชนไทย,0.0
KK10_เปือยน้อย_วังม่วง_M5_U5,24,พรรควิชชั่นใหม่,0.0
KK10_เปือยน้อย_วังม่วง_M5_U5,25,พรรคเพื่อชีวิตใหม่,0.0
KK10_เปือยน้อย_วังม่วง_M5_U5,26,พรรคคลองไทย,0.0
KK10_เปือยน้อย_วังม่วง_M5_U5,27,พรรคประชาธิปัตย์,5.0
KK10_เปือยน้อย_วังม่วง_M5_U5,28,พรรคไทยก้าวหน้า,0.0
KK10_เปือยน้อย_วังม่วง_M5_U5,29,พรรคไทยภักดี,0.0
KK10_เปือยน้อย_วังม่วง_M5_U5,30,พรรคแรงงานสร้างชาติ,2.0
KK10_เปือยน้อย_วังม่วง_M5_U5,31,พรรคประชากรไทย,1.0
KK10_เปือยน้อย_วังม่วง_M5_U5,32,พรรคครูไทยเพื่อประชาชน,0.0
KK10_เปือยน้อย_วังม่วง_M5_U5,33,พรรคประชาชาติ,0.0
KK10_เปือยน้อย_วังม่วง_M5_U5,34,พรรคสร้างอนาคตไทย,1.0
KK10_เปือยน้อย_วังม่วง_M5_U5,35,พรรครักชาติ,0.0
KK10_เปือยน้อย_วังม่วง_M5_U5,36,พรรคไทยพร้อม,1.0
KK10_เปือยน้อย_วังม่วง_M5_U5,37,พรรคภูมิใจไทย,34.0
KK10_เปือยน้อย_วังม่วง_M5_U5,38,พรรคพลังธรรมใหม่,1.0
KK10_เปือยน้อย_วังม่วง_M5_U5,39,พรรคกรีน,0.0
KK10_เปือยน้อย_วังม่วง_M5_U5,40,พรรคไทยธรรม,0.0
KK10_เปือยน้อย_วังม่วง_M5_U5,41,พรรคแผ่นดินธรรม,0.0
KK10_เปือยน้อย_วังม่วง_M5_U5,42,พรรคกล้าธรรม,0.0
KK10_เปือยน้อย_วังม่วง_M5_U5,43,พรรคพลังประชารัฐ,0.0
KK10_เปือยน้อย_วังม่วง_M5_U5,44,พรรคโอกาสใหม่,0.0
KK10_เปือยน้อย_วังม่วง_M5_U5,45,พรรคเป็นธรรม,0.0
KK10_เปือยน้อย_วังม่วง_M5_U5,46,พรรคประชาชน,19.0
KK10_เปือยน้อย_วังม่วง_M5_U5,47,พรรคประชาไทย,0.0
KK10_เปือยน้อย_วังม่วง_M5_U5,48,พรรคไทยสร้างไทย,0.0
KK10_เปือยน้อย_วังม่วง_M5_U5,49,พรรคไทยก้าวใหม่,0.0
KK10_เปือยน้อย_วังม่วง_M5_U5,50,พรรคอาสาสมัครประชาชนไทย,0.0
KK10_เปือยน้อย_วังม่วง_M5_U5,51,พรรคพร้อม,0.0
KK10_เปือยน้อย_วังม่วง_M5_U5,52,พรรคเครือข่ายชาวนาแห่งประเทศไทย,0.0
KK10_เปือยน้อย_วังม่วง_M5_U5,53,พรรคไทยพิทักษ์ธรรม,0.0
KK10_เปือยน้อย_วังม่วง_M5_U5,54,พรรคความหวังใหม่,0.0
KK10_เปือยน้อย_วังม่วง_M5_U5,55,พรรคไทยรวมไทย,0.0
KK10_เปือยน้อย_วังม่วง_M5_U5,56,พรรคเพื่อชาติ,0.0
KK10_เปือยน้อย_วังม่วง_M5_U5,57,พรรคพลังไทยรักชาติ,0.0
KK10_เปือยน้อย_วังม่วง_M6_U6,1,พรรคไทยทรัพย์ทวี,11.0
KK10_เปือยน้อย_วังม่วง_M6_U6,2,พรรคเพื่อชาติไทย,5.0
KK10_เปือยน้อย_วังม่วง_M6_U6,3,พรรคใหม่,3.0
KK10_เปือยน้อย_วังม่วง_M6_U6,5,พรรครวมใจไทย,8.0
KK10_เปือยน้อย_วังม่วง_M6_U6,7,พรรคพลวัต,1.0
KK10_เปือยน้อย_วังม่วง_M6_U6,8,พรรคประชาธิปไตยใหม่,1.0
KK10_เปือยน้อย_วังม่วง_M6_U6,10,พรรคทางเลือกใหม่,141.0
KK10_เปือยน้อย_วังม่วง_M6_U6,11,พรรคเศรษฐกิจ,3.0
KK10_เปือยน้อย_วังม่วง_M6_U6,12,พรรคเสรีรวมไทย,3.0
KK10_เปือยน้อย_วังม่วง_M6_U6,14,พรรคท้องที่ไทย,2.0
KK10_เปือยน้อย_วังม่วง_M6_U6,16,พรรคพลังเพื่อไทย,2.0
KK10_เปือยน้อย_วังม่วง_M6_U6,17,พรรคไทยชนะ,1.0
KK10_เปือยน้อย_วังม่วง_M6_U6,24,พรรควิชชั่นใหม่,1.0
KK10_เปือยน้อย_วังม่วง_M6_U6,27,พรรคประชาธิปัตย์,3.0
KK10_เปือยน้อย_วังม่วง_M6_U6,34,พรรคสร้างอนาคตไทย,3.0
KK10_เปือยน้อย_วังม่วง_M6_U6,36,พรรคไทยพร้อม,1.0
KK10_เปือยน้อย_วังม่วง_M6_U6,37,พรรคภูมิใจไทย,28.0
KK10_เปือยน้อย_วังม่วง_M6_U6,38,พรรคพลังธรรมใหม่,3.0
KK10_เปือยน้อย_วังม่วง_M6_U6,42,พรรคกล้าธรรม,1.0
KK10_เปือยน้อย_วังม่วง_M6_U6,43,พรรคพลังประชารัฐ,1.0
KK10_เปือยน้อย_วังม่วง_M6_U6,46,พรรคประชาชน,81.0
KK10_เปือยน้อย_วังม่วง_M6_U6,47,พรรคประชาไทย,1.0
KK10_เปือยน้อย_วังม่วง_M7_U7,1,พรรคไทยทรัพย์ทวี,18.0
KK10_เปือยน้อย_วังม่วง_M7_U7,2,พรรคเพื่อชาติไทย,16.0
KK10_เปือยน้อย_วังม่วง_M7_U7,3,พรรคใหม่,4.0
KK10_เปือยน้อย_วังม่วง_M7_U7,4,พรรคมิติใหม่,3.0
KK10_เปือยน้อย_วังม่วง_M7_U7,5,พรรครวมใจไทย,22.0
KK10_เปือยน้อย_วังม่วง_M7_U7,6,พรรครวมไทยสร้างชาติ,10.0
KK10_เปือยน้อย_วังม่วง_M7_U7,8,พรรคประชาธิปไตยใหม่,5.0
KK10_เปือยน้อย_วังม่วง_M7_U7,9,พรรคเพื่อไทย,186.0
KK10_เปือยน้อย_วังม่วง_M7_U7,10,พรรคทางเลือกใหม่,1.0
KK10_เปือยน้อย_วังม่วง_M7_U7,11,พรรคเศรษฐกิจ,28.0
KK10_เปือยน้อย_วังม่วง_M7_U7,12,พรรคเสรีรวมไทย,4.0
KK10_เปือยน้อย_วังม่วง_M7_U7,14,พรรคท้องที่ไทย,1.0
KK10_เปือยน้อย_วังม่วง_M7_U7,16,พรรคพลังเพื่อไทย,1.0
KK10_เปือยน้อย_วังม่วง_M7_U7,17,พรรคไทยชนะ,3.0
KK10_เปือยน้อย_วังม่วง_M7_U7,19,พรรคสังคมประชาธิปไตยไทย,1.0
KK10_เปือยน้อย_วังม่วง_M7_U7,20,พรรคฟิวชัน,1.0
KK10_เปือยน้อย_วังม่วง_M7_U7,26,พรรคคลองไทย,1.0
KK10_เปือยน้อย_วังม่วง_M7_U7,27,พรรคประชาธิปัตย์,24.0
KK10_เปือยน้อย_วังม่วง_M7_U7,28,พรรคไทยก้าวหน้า,1.0
KK10_เปือยน้อย_วังม่วง_M7_U7,32,พรรคครูไทยเพื่อประชาชน,2.0
KK10_เปือยน้อย_วังม่วง_M7_U7,34,พรรคสร้างอนาคตไทย,2.0
KK10_เปือยน้อย_วังม่วง_M7_U7,35,พรรครักชาติ,2.0
KK10_เปือยน้อย_วังม่วง_M7_U7,37,พรรคภูมิใจไทย,137.0
KK10_เปือยน้อย_วังม่วง_M7_U7,38,พรรคพลังธรรมใหม่,2.0
KK10_เปือยน้อย_วังม่วง_M7_U7,40,พรรคไทยธรรม,1.0
KK10_เปือยน้อย_วังม่วง_M7_U7,43,พรรคพลังประชารัฐ,2.0
KK10_เปือยน้อย_วังม่วง_M7_U7,45,พรรคเป็นธรรม,1.0
KK10_เปือยน้อย_วังม่วง_M7_U7,46,พรรคประชาชน,129.0
KK10_เปือยน้อย_วังม่วง_M7_U7,47,พรรคประชาไทย,1.0
KK10_เปือยน้อย_วังม่วง_M7_U7,51,พรรคพร้อม,1.0
KK10_เปือยน้อย_วังม่วง_M7_U7,56,พรรคเพื่อชาติ,1.0
KK10_เปือยน้อย_วังม่วง_M8_U8,1,พรรคไทยทรัพย์ทวี,9.0
KK10_เปือยน้อย_วังม่วง_M8_U8,2,พรรคเพื่อชาติไทย,2.0
KK10_เปือยน้อย_วังม่วง_M8_U8,3,พรรคใหม่,1.0
KK10_เปือยน้อย_วังม่วง_M8_U8,4,พรรคมิติใหม่,1.0
KK10_เปือยน้อย_วังม่วง_M8_U8,5,พรรครวมใจไทย,15.0
KK10_เปือยน้อย_วังม่วง_M8_U8,6,พรรครวมไทยสร้างชาติ,3.0
KK10_เปือยน้อย_วังม่วง_M8_U8,9,พรรคเพื่อไทย,111.0
KK10_เปือยน้อย_วังม่วง_M8_U8,10,พรรคทางเลือกใหม่,1.0
KK10_เปือยน้อย_วังม่วง_M8_U8,11,พรรคเศรษฐกิจ,14.0
KK10_เปือยน้อย_วังม่วง_M8_U8,12,พรรคเสรีรวมไทย,2.0
KK10_เปือยน้อย_วังม่วง_M8_U8,13,พรรครวมพลังประชาชน,4.0
KK10_เปือยน้อย_วังม่วง_M8_U8,21,พรรคไทรวมพลัง,1.0
KK10_เปือยน้อย_วังม่วง_M8_U8,26,พรรคคลองไทย,1.0
KK10_เปือยน้อย_วังม่วง_M8_U8,27,พรรคประชาธิปัตย์,8.0
KK10_เปือยน้อย_วังม่วง_M8_U8,30,พรรคแรงงานสร้างชาติ,1.0
KK10_เปือยน้อย_วังม่วง_M8_U8,31,พรรคประชากรไทย,2.0
KK10_เปือยน้อย_วังม่วง_M8_U8,32,พรรคครูไทยเพื่อประชาชน,2.0
KK10_เปือยน้อย_วังม่วง_M8_U8,34,พรรคสร้างอนาคตไทย,2.0
KK10_เปือยน้อย_วังม่วง_M8_U8,37,พรรคภูมิใจไทย,31.0
KK10_เปือยน้อย_วังม่วง_M8_U8,38,พรรคพลังธรรมใหม่,4.0
KK10_เปือยน้อย_วังม่วง_M8_U8,46,พรรคประชาชน,68.0
KK10_เปือยน้อย_วังม่วง_M8_U8,47,พรรคประชาไทย,1.0
KK10_เปือยน้อย_วังม่วง_M8_U8,48,พรรคไทยสร้างไทย,1.0
KK10_เปือยน้อย_วังม่วง_M8_U8,49,พรรคไทยก้าวใหม่,1.0
KK10_เปือยน้อย_สระแก้ว_M1_U1,1,พรรคไทยทรัพย์ทวี,11.0
KK10_เปือยน้อย_สระแก้ว_M1_U1,2,พรรคเพื่อชาติไทย,4.0
KK10_เปือยน้อย_สระแก้ว_M1_U1,3,พรรคใหม่,2.0
KK10_เปือยน้อย_สระแก้ว_M1_U1,4,พรรคมิติใหม่,1.0
KK10_เปือยน้อย_สระแก้ว_M1_U1,5,พรรครวมใจไทย,13.0
KK10_เปือยน้อย_สระแก้ว_M1_U1,6,พรรครวมไทยสร้างชาติ,2.0
KK10_เปือยน้อย_สระแก้ว_M1_U1,7,พรรคพลวัต,0.0
KK10_เปือยน้อย_สระแก้ว_M1_U1,8,พรรคประชาธิปไตยใหม่,1.0
KK10_เปือยน้อย_สระแก้ว_M1_U1,9,พรรคเพื่อไทย,166.0
KK10_เปือยน้อย_สระแก้ว_M1_U1,10,พรรคทางเลือกใหม่,1.0
KK10_เปือยน้อย_สระแก้ว_M1_U1,11,พรรคเศรษฐกิจ,2.0
KK10_เปือยน้อย_สระแก้ว_M1_U1,12,พรรคเสรีรวมไทย,2.0
KK10_เปือยน้อย_สระแก้ว_M1_U1,13,พรรครวมพลังประชาชน,0.0
KK10_เปือยน้อย_สระแก้ว_M1_U1,14,พรรคท้องที่ไทย,0.0
KK10_เปือยน้อย_สระแก้ว_M1_U1,15,พรรคอนาคตไทย,0.0
KK10_เปือยน้อย_สระแก้ว_M1_U1,16,พรรคพลังเพื่อไทย,0.0
KK10_เปือยน้อย_สระแก้ว_M1_U1,17,พรรคไทยชนะ,0.0
KK10_เปือยน้อย_สระแก้ว_M1_U1,18,พรรคพลังสังคมใหม่,0.0
KK10_เปือยน้อย_สระแก้ว_M1_U1,19,พรรคสังคมประชาธิปไตยไทย,0.0
KK10_เปือยน้อย_สระแก้ว_M1_U1,20,พรรคฟิวชัน,0.0
KK10_เปือยน้อย_สระแก้ว_M1_U1,21,พรรคไทรวมพลัง,0.0
KK10_เปือยน้อย_สระแก้ว_M1_U1,22,พรรคก้าวอิสระ,0.0
KK10_เปือยน้อย_สระแก้ว_M1_U1,23,พรรคปวงชนไทย,0.0
KK10_เปือยน้อย_สระแก้ว_M1_U1,24,พรรควิชชั่นใหม่,0.0
KK10_เปือยน้อย_สระแก้ว_M1_U1,25,พรรคเพื่อชีวิตใหม่,0.0
KK10_เปือยน้อย_สระแก้ว_M1_U1,26,พรรคคลองไทย,0.0
KK10_เปือยน้อย_สระแก้ว_M1_U1,27,พรรคประชาธิปัตย์,1.0
KK10_เปือยน้อย_สระแก้ว_M1_U1,28,พรรคไทยก้าวหน้า,0.0
KK10_เปือยน้อย_สระแก้ว_M1_U1,29,พรรคไทยภักดี,1.0
KK10_เปือยน้อย_สระแก้ว_M1_U1,30,พรรคแรงงานสร้างชาติ,2.0
KK10_เปือยน้อย_สระแก้ว_M1_U1,31,พรรคประชากรไทย,0.0
KK10_เปือยน้อย_สระแก้ว_M1_U1,32,พรรคครูไทยเพื่อประชาชน,1.0
KK10_เปือยน้อย_สระแก้ว_M1_U1,33,พรรคประชาชาติ,0.0
KK10_เปือยน้อย_สระแก้ว_M1_U1,34,พรรคสร้างอนาคตไทย,0.0
KK10_เปือยน้อย_สระแก้ว_M1_U1,35,พรรครักชาติ,0.0
KK10_เปือยน้อย_สระแก้ว_M1_U1,36,พรรคไทยพร้อม,0.0
KK10_เปือยน้อย_สระแก้ว_M1_U1,37,พรรคภูมิใจไทย,39.0
KK10_เปือยน้อย_สระแก้ว_M1_U1,38,พรรคพลังธรรมใหม่,5.0
KK10_เปือยน้อย_สระแก้ว_M1_U1,39,พรรคกรีน,0.0
KK10_เปือยน้อย_สระแก้ว_M1_U1,40,พรรคไทยธรรม,0.0
KK10_เปือยน้อย_สระแก้ว_M1_U1,41,พรรคแผ่นดินธรรม,0.0
KK10_เปือยน้อย_สระแก้ว_M1_U1,42,พรรคกล้าธรรม,0.0
KK10_เปือยน้อย_สระแก้ว_M1_U1,43,พรรคพลังประชารัฐ,0.0
KK10_เปือยน้อย_สระแก้ว_M1_U1,44,พรรคโอกาสใหม่,0.0
KK10_เปือยน้อย_สระแก้ว_M1_U1,45,พรรคเป็นธรรม,1.0
KK10_เปือยน้อย_สระแก้ว_M1_U1,46,พรรคประชาชน,43.0
KK10_เปือยน้อย_สระแก้ว_M1_U1,47,พรรคประชาไทย,0.0
KK10_เปือยน้อย_สระแก้ว_M1_U1,48,พรรคไทยสร้างไทย,0.0
KK10_เปือยน้อย_สระแก้ว_M1_U1,49,พรรคไทยก้าวใหม่,0.0
KK10_เปือยน้อย_สระแก้ว_M1_U1,50,พรรคอาสาสมัครประชาชนไทย,0.0
KK10_เปือยน้อย_สระแก้ว_M1_U1,51,พรรคพร้อม,0.0
KK10_เปือยน้อย_สระแก้ว_M1_U1,52,พรรคเครือข่ายชาวนาแห่งประเทศไทย,0.0
KK10_เปือยน้อย_สระแก้ว_M1_U1,53,พรรคไทยพิทักษ์ธรรม,0.0
KK10_เปือยน้อย_สระแก้ว_M1_U1,54,พรรคความหวังใหม่,0.0
KK10_เปือยน้อย_สระแก้ว_M1_U1,55,พรรคไทยรวมไทย,0.0
KK10_เปือยน้อย_สระแก้ว_M1_U1,56,พรรคเพื่อชาติ,0.0
KK10_เปือยน้อย_สระแก้ว_M1_U1,57,พรรคพลังไทยรักชาติ,0.0
KK10_เปือยน้อย_สระแก้ว_M2_U2,1,พรรคไทยทรัพย์ทวี,13.0
KK10_เปือยน้อย_สระแก้ว_M2_U2,2,พรรคเพื่อชาติไทย,7.0
KK10_เปือยน้อย_สระแก้ว_M2_U2,3,พรรคใหม่,2.0
KK10_เปือยน้อย_สระแก้ว_M2_U2,5,พรรครวมใจไทย,8.0
KK10_เปือยน้อย_สระแก้ว_M2_U2,6,พรรครวมไทยสร้างชาติ,5.0
KK10_เปือยน้อย_สระแก้ว_M2_U2,8,พรรคประชาธิปไตยใหม่,1.0
KK10_เปือยน้อย_สระแก้ว_M2_U2,9,พรรคเพื่อไทย,148.0
KK10_เปือยน้อย_สระแก้ว_M2_U2,11,พรรคเศรษฐกิจ,9.0
KK10_เปือยน้อย_สระแก้ว_M2_U2,12,พรรคเสรีรวมไทย,1.0
KK10_เปือยน้อย_สระแก้ว_M2_U2,27,พรรคประชาธิปัตย์,4.0
KK10_เปือยน้อย_สระแก้ว_M2_U2,29,พรรคไทยภักดี,1.0
KK10_เปือยน้อย_สระแก้ว_M2_U2,30,พรรคแรงงานสร้างชาติ,1.0
KK10_เปือยน้อย_สระแก้ว_M2_U2,31,พรรคประชากรไทย,1.0
KK10_เปือยน้อย_สระแก้ว_M2_U2,32,พรรคครูไทยเพื่อประชาชน,1.0
KK10_เปือยน้อย_สระแก้ว_M2_U2,34,พรรคสร้างอนาคตไทย,2.0
KK10_เปือยน้อย_สระแก้ว_M2_U2,37,พรรคภูมิใจไทย,52.0
KK10_เปือยน้อย_สระแก้ว_M2_U2,38,พรรคพลังธรรมใหม่,4.0
KK10_เปือยน้อย_สระแก้ว_M2_U2,42,พรรคกล้าธรรม,2.0
KK10_เปือยน้อย_สระแก้ว_M2_U2,43,พรรคพลังประชารัฐ,2.0
KK10_เปือยน้อย_สระแก้ว_M2_U2,45,พรรคเป็นธรรม,1.0
KK10_เปือยน้อย_สระแก้ว_M2_U2,46,พรรคประชาชน,55.0
KK10_เปือยน้อย_สระแก้ว_M2_U2,47,พรรคประชาไทย,2.0
KK10_เปือยน้อย_สระแก้ว_M2_U2,48,พรรคไทยสร้างไทย,3.0
KK10_เปือยน้อย_สระแก้ว_M3_U3,1,พรรคไทยทรัพย์ทวี,3.0
KK10_เปือยน้อย_สระแก้ว_M3_U3,2,พรรคเพื่อชาติไทย,3.0
KK10_เปือยน้อย_สระแก้ว_M3_U3,3,พรรคใหม่,2.0
KK10_เปือยน้อย_สระแก้ว_M3_U3,4,พรรคมิติใหม่,1.0
KK10_เปือยน้อย_สระแก้ว_M3_U3,5,พรรครวมใจไทย,1.0
KK10_เปือยน้อย_สระแก้ว_M3_U3,6,พรรครวมไทยสร้างชาติ,4.0
KK10_เปือยน้อย_สระแก้ว_M3_U3,8,พรรคประชาธิปไตยใหม่,3.0
KK10_เปือยน้อย_สระแก้ว_M3_U3,9,พรรคเพื่อไทย,65.0
KK10_เปือยน้อย_สระแก้ว_M3_U3,11,พรรคเศรษฐกิจ,6.0
KK10_เปือยน้อย_สระแก้ว_M3_U3,13,พรรครวมพลังประชาชน,1.0
KK10_เปือยน้อย_สระแก้ว_M3_U3,19,พรรคสังคมประชาธิปไตยไทย,1.0
KK10_เปือยน้อย_สระแก้ว_M3_U3,21,พรรคไทรวมพลัง,1.0
KK10_เปือยน้อย_สระแก้ว_M3_U3,27,พรรคประชาธิปัตย์,3.0
KK10_เปือยน้อย_สระแก้ว_M3_U3,37,พรรคภูมิใจไทย,18.0
KK10_เปือยน้อย_สระแก้ว_M3_U3,38,พรรคพลังธรรมใหม่,3.0
KK10_เปือยน้อย_สระแก้ว_M3_U3,43,พรรคพลังประชารัฐ,1.0
KK10_เปือยน้อย_สระแก้ว_M3_U3,46,พรรคประชาชน,16.0
KK10_เปือยน้อย_สระแก้ว_M3_U3,47,พรรคประชาไทย,1.0
KK10_เปือยน้อย_สระแก้ว_M5_U5,1,พรรคไทยทรัพย์ทวี,5.0
KK10_เปือยน้อย_สระแก้ว_M5_U5,2,พรรคเพื่อชาติไทย,1.0
KK10_เปือยน้อย_สระแก้ว_M5_U5,5,พรรครวมใจไทย,2.0
KK10_เปือยน้อย_สระแก้ว_M5_U5,9,พรรคเพื่อไทย,74.0
KK10_เปือยน้อย_สระแก้ว_M5_U5,11,พรรคเศรษฐกิจ,2.0
KK10_เปือยน้อย_สระแก้ว_M5_U5,13,พรรครวมพลังประชาชน,1.0
KK10_เปือยน้อย_สระแก้ว_M5_U5,17,พรรคไทยชนะ,1.0
KK10_เปือยน้อย_สระแก้ว_M5_U5,27,พรรคประชาธิปัตย์,4.0
KK10_เปือยน้อย_สระแก้ว_M5_U5,29,พรรคไทยภักดี,1.0
KK10_เปือยน้อย_สระแก้ว_M5_U5,34,พรรคสร้างอนาคตไทย,1.0
KK10_เปือยน้อย_สระแก้ว_M5_U5,37,พรรคภูมิใจไทย,41.0
KK10_เปือยน้อย_สระแก้ว_M5_U5,38,พรรคพลังธรรมใหม่,2.0
KK10_เปือยน้อย_สระแก้ว_M5_U5,46,พรรคประชาชน,44.0
KK10_เปือยน้อย_สระแก้ว_M5_U5,49,พรรคไทยก้าวใหม่,1.0
KK10_เปือยน้อย_สระแก้ว_M5_U5,51,พรรคพร้อม,1.0
KK10_เปือยน้อย_สระแก้ว_M5_U5,54,พรรคความหวังใหม่,1.0
KK10_เปือยน้อย_สระแก้ว_M6_U6,1,พรรคไทยทรัพย์ทวี,1.0
KK10_เปือยน้อย_สระแก้ว_M6_U6,2,พรรคเพื่อชาติไทย,2.0
KK10_เปือยน้อย_สระแก้ว_M6_U6,3,พรรคใหม่,1.0
KK10_เปือยน้อย_สระแก้ว_M6_U6,5,พรรครวมใจไทย,5.0
KK10_เปือยน้อย_สระแก้ว_M6_U6,9,พรรคเพื่อไทย,81.0
KK10_เปือยน้อย_สระแก้ว_M6_U6,10,พรรคทางเลือกใหม่,1.0
KK10_เปือยน้อย_สระแก้ว_M6_U6,11,พรรคเศรษฐกิจ,6.0
KK10_เปือยน้อย_สระแก้ว_M6_U6,12,พรรคเสรีรวมไทย,1.0
KK10_เปือยน้อย_สระแก้ว_M6_U6,37,พรรคภูมิใจไทย,42.0
KK10_เปือยน้อย_สระแก้ว_M6_U6,39,พรรคกรีน,1.0
KK10_เปือยน้อย_สระแก้ว_M6_U6,43,พรรคพลังประชารัฐ,1.0
KK10_เปือยน้อย_สระแก้ว_M6_U6,46,พรรคประชาชน,35.0
KK10_เปือยน้อย_สระแก้ว_M7_U7,1,พรรคไทยทรัพย์ทวี,24.0
KK10_เปือยน้อย_สระแก้ว_M7_U7,2,พรรคเพื่อชาติไทย,4.0
KK10_เปือยน้อย_สระแก้ว_M7_U7,3,พรรคใหม่,5.0
KK10_เปือยน้อย_สระแก้ว_M7_U7,4,พรรคมิติใหม่,2.0
KK10_เปือยน้อย_สระแก้ว_M7_U7,5,พรรครวมใจไทย,23.0
KK10_เปือยน้อย_สระแก้ว_M7_U7,6,พรรครวมไทยสร้างชาติ,3.0
KK10_เปือยน้อย_สระแก้ว_M7_U7,8,พรรคประชาธิปไตยใหม่,2.0
KK10_เปือยน้อย_สระแก้ว_M7_U7,9,พรรคเพื่อไทย,160.0
KK10_เปือยน้อย_สระแก้ว_M7_U7,11,พรรคเศรษฐกิจ,14.0
KK10_เปือยน้อย_สระแก้ว_M7_U7,13,พรรครวมพลังประชาชน,1.0
KK10_เปือยน้อย_สระแก้ว_M7_U7,24,พรรควิชชั่นใหม่,2.0
KK10_เปือยน้อย_สระแก้ว_M7_U7,27,พรรคประชาธิปัตย์,11.0
KK10_เปือยน้อย_สระแก้ว_M7_U7,28,พรรคไทยก้าวหน้า,1.0
KK10_เปือยน้อย_สระแก้ว_M7_U7,29,พรรคไทยภักดี,2.0
KK10_เปือยน้อย_สระแก้ว_M7_U7,30,พรรคแรงงานสร้างชาติ,2.0
KK10_เปือยน้อย_สระแก้ว_M7_U7,31,พรรคประชากรไทย,172.0
KK10_เปือยน้อย_สระแก้ว_M7_U7,33,พรรคประชาชาติ,3.0
KK10_เปือยน้อย_สระแก้ว_M7_U7,34,พรรคสร้างอนาคตไทย,2.0
KK10_เปือยน้อย_สระแก้ว_M7_U7,36,พรรคไทยพร้อม,1.0
KK10_เปือยน้อย_สระแก้ว_M7_U7,37,พรรคภูมิใจไทย,53.0
KK10_เปือยน้อย_สระแก้ว_M7_U7,38,พรรคพลังธรรมใหม่,1.0
KK10_เปือยน้อย_สระแก้ว_M7_U7,39,พรรคกรีน,1.0
KK10_เปือยน้อย_สระแก้ว_M7_U7,40,พรรคไทยธรรม,1.0
KK10_เปือยน้อย_สระแก้ว_M7_U7,45,พรรคเป็นธรรม,1.0
KK10_เปือยน้อย_สระแก้ว_M7_U7,46,พรรคประชาชน,18.0
KK10_เปือยน้อย_สระแก้ว_M7_U7,48,พรรคไทยสร้างไทย,1.0
KK10_เปือยน้อย_สระแก้ว_M7_U7,49,พรรคไทยก้าวใหม่,1.0
KK10_เปือยน้อย_สระแก้ว_M7_U7,54,พรรคความหวังใหม่,1.0
KK10_เปือยน้อย_สระแก้ว_M4_U9,1,พรรคไทยทรัพย์ทวี,2.0
KK10_เปือยน้อย_สระแก้ว_M4_U9,2,พรรคเพื่อชาติไทย,2.0
KK10_เปือยน้อย_สระแก้ว_M4_U9,3,พรรคใหม่,2.0
KK10_เปือยน้อย_สระแก้ว_M4_U9,5,พรรครวมใจไทย,5.0
KK10_เปือยน้อย_สระแก้ว_M4_U9,6,พรรครวมไทยสร้างชาติ,1.0
KK10_เปือยน้อย_สระแก้ว_M4_U9,9,พรรคเพื่อไทย,104.0
KK10_เปือยน้อย_สระแก้ว_M4_U9,10,พรรคทางเลือกใหม่,1.0
KK10_เปือยน้อย_สระแก้ว_M4_U9,11,พรรคเศรษฐกิจ,9.0
KK10_เปือยน้อย_สระแก้ว_M4_U9,12,พรรคเสรีรวมไทย,1.0
KK10_เปือยน้อย_สระแก้ว_M4_U9,13,พรรครวมพลังประชาชน,1.0
KK10_เปือยน้อย_สระแก้ว_M4_U9,15,พรรคอนาคตไทย,1.0
KK10_เปือยน้อย_สระแก้ว_M4_U9,17,พรรคไทยชนะ,1.0
KK10_เปือยน้อย_สระแก้ว_M4_U9,27,พรรคประชาธิปัตย์,3.0
KK10_เปือยน้อย_สระแก้ว_M4_U9,30,พรรคแรงงานสร้างชาติ,1.0
KK10_เปือยน้อย_สระแก้ว_M4_U9,37,พรรคภูมิใจไทย,25.0
KK10_เปือยน้อย_สระแก้ว_M4_U9,38,พรรคพลังธรรมใหม่,4.0
KK10_เปือยน้อย_สระแก้ว_M4_U9,46,พรรคประชาชน,19.0
KK10_เปือยน้อย_สระแก้ว_M4_U9,48,พรรคไทยสร้างไทย,1.0
KK10_เปือยน้อย_สระแก้ว_M4_U9,54,พรรคความหวังใหม่,1.0
KK10_เปือยน้อย_สระแก้ว_M4_U9,57,พรรคพลังไทยรักชาติ,1.0
KK10_เปือยน้อย_เปือยน้อย_M1_U1,1,พรรคไทยทรัพย์ทวี,4.0
KK10_เปือยน้อย_เปือยน้อย_M1_U1,2,พรรคเพื่อชาติไทย,7.0
KK10_เปือยน้อย_เปือยน้อย_M1_U1,3,พรรคใหม่,2.0
KK10_เปือยน้อย_เปือยน้อย_M1_U1,4,พรรคมิติใหม่,1.0
KK10_เปือยน้อย_เปือยน้อย_M1_U1,5,พรรครวมใจไทย,15.0
KK10_เปือยน้อย_เปือยน้อย_M1_U1,6,พรรครวมไทยสร้างชาติ,1.0
KK10_เปือยน้อย_เปือยน้อย_M1_U1,8,พรรคประชาธิปไตยใหม่,2.0
KK10_เปือยน้อย_เปือยน้อย_M1_U1,9,พรรคเพื่อไทย,155.0
KK10_เปือยน้อย_เปือยน้อย_M1_U1,10,พรรคทางเลือกใหม่,1.0
KK10_เปือยน้อย_เปือยน้อย_M1_U1,11,พรรคเศรษฐกิจ,15.0
KK10_เปือยน้อย_เปือยน้อย_M1_U1,12,พรรคเสรีรวมไทย,4.0
KK10_เปือยน้อย_เปือยน้อย_M1_U1,13,พรรครวมพลังประชาชน,5.0
KK10_เปือยน้อย_เปือยน้อย_M1_U1,24,พรรควิชชั่นใหม่,1.0
KK10_เปือยน้อย_เปือยน้อย_M1_U1,27,พรรคประชาธิปัตย์,10.0
KK10_เปือยน้อย_เปือยน้อย_M1_U1,28,พรรคไทยก้าวหน้า,1.0
KK10_เปือยน้อย_เปือยน้อย_M1_U1,29,พรรคไทยภักดี,4.0
KK10_เปือยน้อย_เปือยน้อย_M1_U1,32,พรรคครูไทยเพื่อประชาชน,3.0
KK10_เปือยน้อย_เปือยน้อย_M1_U1,34,พรรคสร้างอนาคตไทย,2.0
KK10_เปือยน้อย_เปือยน้อย_M1_U1,36,พรรคไทยพร้อม,1.0
KK10_เปือยน้อย_เปือยน้อย_M1_U1,37,พรรคภูมิใจไทย,72.0
KK10_เปือยน้อย_เปือยน้อย_M1_U1,38,พรรคพลังธรรมใหม่,2.0
KK10_เปือยน้อย_เปือยน้อย_M1_U1,39,พรรคกรีน,1.0
KK10_เปือยน้อย_เปือยน้อย_M1_U1,46,พรรคประชาชน,111.0
KK10_เปือยน้อย_เปือยน้อย_M1_U1,48,พรรคไทยสร้างไทย,2.0
KK10_เปือยน้อย_เปือยน้อย_M2_U2,1,พรรคไทยทรัพย์ทวี,9.0
KK10_เปือยน้อย_เปือยน้อย_M2_U2,2,พรรคเพื่อชาติไทย,7.0
KK10_เปือยน้อย_เปือยน้อย_M2_U2,3,พรรคใหม่,4.0
KK10_เปือยน้อย_เปือยน้อย_M2_U2,5,พรรครวมใจไทย,1.0
KK10_เปือยน้อย_เปือยน้อย_M2_U2,8,พรรคประชาธิปไตยใหม่,1.0
KK10_เปือยน้อย_เปือยน้อย_M2_U2,9,พรรคเพื่อไทย,143.0
KK10_เปือยน้อย_เปือยน้อย_M2_U2,11,พรรคเศรษฐกิจ,4.0
KK10_เปือยน้อย_เปือยน้อย_M2_U2,12,พรรคเสรีรวมไทย,2.0
KK10_เปือยน้อย_เปือยน้อย_M2_U2,17,พรรคไทยชนะ,1.0
KK10_เปือยน้อย_เปือยน้อย_M2_U2,27,พรรคประชาธิปัตย์,4.0
KK10_เปือยน้อย_เปือยน้อย_M2_U2,37,พรรคภูมิใจไทย,28.0
KK10_เปือยน้อย_เปือยน้อย_M2_U2,38,พรรคพลังธรรมใหม่,6.0
KK10_เปือยน้อย_เปือยน้อย_M2_U2,42,พรรคกล้าธรรม,3.0
KK10_เปือยน้อย_เปือยน้อย_M2_U2,43,พรรคพลังประชารัฐ,1.0
KK10_เปือยน้อย_เปือยน้อย_M2_U2,45,พรรคเป็นธรรม,1.0
KK10_เปือยน้อย_เปือยน้อย_M2_U2,46,พรรคประชาชน,43.0
KK10_เปือยน้อย_เปือยน้อย_M2_U2,49,พรรคไทยก้าวใหม่,1.0
KK10_เปือยน้อย_เปือยน้อย_M2_U2,54,พรรคความหวังใหม่,1.0
KK10_เปือยน้อย_เปือยน้อย_M3_U3,1,พรรคไทยทรัพย์ทวี,9.0
KK10_เปือยน้อย_เปือยน้อย_M3_U3,2,พรรคเพื่อชาติไทย,9.0
KK10_เปือยน้อย_เปือยน้อย_M3_U3,3,พรรคใหม่,3.0
KK10_เปือยน้อย_เปือยน้อย_M3_U3,5,พรรครวมใจไทย,13.0
KK10_เปือยน้อย_เปือยน้อย_M3_U3,6,พรรครวมไทยสร้างชาติ,2.0
KK10_เปือยน้อย_เปือยน้อย_M3_U3,8,พรรคประชาธิปไตยใหม่,1.0
KK10_เปือยน้อย_เปือยน้อย_M3_U3,9,พรรคเพื่อไทย,114.0
KK10_เปือยน้อย_เปือยน้อย_M3_U3,10,พรรคทางเลือกใหม่,1.0
KK10_เปือยน้อย_เปือยน้อย_M3_U3,11,พรรคเศรษฐกิจ,17.0
KK10_เปือยน้อย_เปือยน้อย_M3_U3,12,พรรคเสรีรวมไทย,3.0
KK10_เปือยน้อย_เปือยน้อย_M3_U3,16,พรรคพลังเพื่อไทย,1.0
KK10_เปือยน้อย_เปือยน้อย_M3_U3,24,พรรควิชชั่นใหม่,1.0
KK10_เปือยน้อย_เปือยน้อย_M3_U3,27,พรรคประชาธิปัตย์,13.0
KK10_เปือยน้อย_เปือยน้อย_M3_U3,31,พรรคประชากรไทย,1.0
KK10_เปือยน้อย_เปือยน้อย_M3_U3,32,พรรคครูไทยเพื่อประชาชน,2.0
KK10_เปือยน้อย_เปือยน้อย_M3_U3,34,พรรคสร้างอนาคตไทย,1.0
KK10_เปือยน้อย_เปือยน้อย_M3_U3,37,พรรคภูมิใจไทย,99.0
KK10_เปือยน้อย_เปือยน้อย_M3_U3,42,พรรคกล้าธรรม,2.0
KK10_เปือยน้อย_เปือยน้อย_M3_U3,43,พรรคพลังประชารัฐ,1.0
KK10_เปือยน้อย_เปือยน้อย_M3_U3,46,พรรคประชาชน,88.0
KK10_เปือยน้อย_เปือยน้อย_M3_U3,48,พรรคไทยสร้างไทย,2.0
KK10_เปือยน้อย_เปือยน้อย_M3_U3,49,พรรคไทยก้าวใหม่,1.0
KK10_เปือยน้อย_เปือยน้อย_M3_U3,52,พรรคเครือข่ายชาวนาแห่งประเทศไทย,1.0
KK10_เปือยน้อย_เปือยน้อย_M4_U4,1,พรรคไทยทรัพย์ทวี,8.0
KK10_เปือยน้อย_เปือยน้อย_M4_U4,2,พรรคเพื่อชาติไทย,2.0
KK10_เปือยน้อย_เปือยน้อย_M4_U4,3,พรรคใหม่,7.0
KK10_เปือยน้อย_เปือยน้อย_M4_U4,4,พรรคมิติใหม่,0.0
KK10_เปือยน้อย_เปือยน้อย_M4_U4,5,พรรครวมใจไทย,10.0
KK10_เปือยน้อย_เปือยน้อย_M4_U4,6,พรรครวมไทยสร้างชาติ,4.0
KK10_เปือยน้อย_เปือยน้อย_M4_U4,7,พรรคพลวัต,1.0
KK10_เปือยน้อย_เปือยน้อย_M4_U4,8,พรรคประชาธิปไตยใหม่,0.0
KK10_เปือยน้อย_เปือยน้อย_M4_U4,9,พรรคเพื่อไทย,149.0
KK10_เปือยน้อย_เปือยน้อย_M4_U4,10,พรรคทางเลือกใหม่,1.0
KK10_เปือยน้อย_เปือยน้อย_M4_U4,11,พรรคเศรษฐกิจ,2.0
KK10_เปือยน้อย_เปือยน้อย_M4_U4,12,พรรคเสรีรวมไทย,2.0
KK10_เปือยน้อย_เปือยน้อย_M4_U4,13,พรรครวมพลังประชาชน,1.0
KK10_เปือยน้อย_เปือยน้อย_M4_U4,14,พรรคท้องที่ไทย,1.0
KK10_เปือยน้อย_เปือยน้อย_M4_U4,15,พรรคอนาคตไทย,0.0
KK10_เปือยน้อย_เปือยน้อย_M4_U4,16,พรรคพลังเพื่อไทย,1.0
KK10_เปือยน้อย_เปือยน้อย_M4_U4,17,พรรคไทยชนะ,1.0
KK10_เปือยน้อย_เปือยน้อย_M4_U4,18,พรรคพลังสังคมใหม่,0.0
KK10_เปือยน้อย_เปือยน้อย_M4_U4,19,พรรคสังคมประชาธิปไตยไทย,0.0
KK10_เปือยน้อย_เปือยน้อย_M4_U4,20,พรรคฟิวชัน,0.0
KK10_เปือยน้อย_เปือยน้อย_M4_U4,21,พรรคไทรวมพลัง,0.0
KK10_เปือยน้อย_เปือยน้อย_M4_U4,22,พรรคก้าวอิสระ,0.0
KK10_เปือยน้อย_เปือยน้อย_M4_U4,23,พรรคปวงชนไทย,0.0
KK10_เปือยน้อย_เปือยน้อย_M4_U4,24,พรรควิชชั่นใหม่,0.0
KK10_เปือยน้อย_เปือยน้อย_M4_U4,25,พรรคเพื่อชีวิตใหม่,1.0
KK10_เปือยน้อย_เปือยน้อย_M4_U4,26,พรรคคลองไทย,0.0
KK10_เปือยน้อย_เปือยน้อย_M4_U4,27,พรรคประชาธิปัตย์,6.0
KK10_เปือยน้อย_เปือยน้อย_M4_U4,28,พรรคไทยก้าวหน้า,0.0
KK10_เปือยน้อย_เปือยน้อย_M4_U4,29,พรรคไทยภักดี,0.0
KK10_เปือยน้อย_เปือยน้อย_M4_U4,30,พรรคแรงงานสร้างชาติ,0.0
KK10_เปือยน้อย_เปือยน้อย_M4_U4,31,พรรคประชากรไทย,0.0
KK10_เปือยน้อย_เปือยน้อย_M4_U4,32,พรรคครูไทยเพื่อประชาชน,0.0
KK10_เปือยน้อย_เปือยน้อย_M4_U4,33,พรรคประชาชาติ,0.0
KK10_เปือยน้อย_เปือยน้อย_M4_U4,34,พรรคสร้างอนาคตไทย,0.0
KK10_เปือยน้อย_เปือยน้อย_M4_U4,35,พรรครักชาติ,0.0
KK10_เปือยน้อย_เปือยน้อย_M4_U4,36,พรรคไทยพร้อม,0.0
KK10_เปือยน้อย_เปือยน้อย_M4_U4,37,พรรคภูมิใจไทย,85.0
KK10_เปือยน้อย_เปือยน้อย_M4_U4,38,พรรคพลังธรรมใหม่,0.0
KK10_เปือยน้อย_เปือยน้อย_M4_U4,39,พรรคกรีน,0.0
KK10_เปือยน้อย_เปือยน้อย_M4_U4,40,พรรคไทยธรรม,0.0
KK10_เปือยน้อย_เปือยน้อย_M4_U4,41,พรรคแผ่นดินธรรม,0.0
KK10_เปือยน้อย_เปือยน้อย_M4_U4,42,พรรคกล้าธรรม,1.0
KK10_เปือยน้อย_เปือยน้อย_M4_U4,43,พรรคพลังประชารัฐ,0.0
KK10_เปือยน้อย_เปือยน้อย_M4_U4,44,พรรคโอกาสใหม่,0.0
KK10_เปือยน้อย_เปือยน้อย_M4_U4,45,พรรคเป็นธรรม,0.0
KK10_เปือยน้อย_เปือยน้อย_M4_U4,46,พรรคประชาชน,54.0
KK10_เปือยน้อย_เปือยน้อย_M4_U4,47,พรรคประชาไทย,0.0
KK10_เปือยน้อย_เปือยน้อย_M4_U4,48,พรรคไทยสร้างไทย,1.0
KK10_เปือยน้อย_เปือยน้อย_M4_U4,49,พรรคไทยก้าวใหม่,1.0
KK10_เปือยน้อย_เปือยน้อย_M4_U4,50,พรรคอาสาสมัครประชาชนไทย,0.0
KK10_เปือยน้อย_เปือยน้อย_M4_U4,51,พรรคพร้อม,0.0
KK10_เปือยน้อย_เปือยน้อย_M4_U4,52,พรรคเครือข่ายชาวนาแห่งประเทศไทย,0.0
KK10_เปือยน้อย_เปือยน้อย_M4_U4,53,พรรคไทยพิทักษ์ธรรม,0.0
KK10_เปือยน้อย_เปือยน้อย_M4_U4,54,พรรคความหวังใหม่,0.0
KK10_เปือยน้อย_เปือยน้อย_M4_U4,55,พรรคไทยรวมไทย,0.0
KK10_เปือยน้อย_เปือยน้อย_M4_U4,56,พรรคเพื่อชาติ,0.0
KK10_เปือยน้อย_เปือยน้อย_M4_U4,57,พรรคพลังไทยรักชาติ,0.0
KK10_เปือยน้อย_เปือยน้อย_M5_U5,1,พรรคไทยทรัพย์ทวี,3.0
KK10_เปือยน้อย_เปือยน้อย_M5_U5,2,พรรคเพื่อชาติไทย,1.0
KK10_เปือยน้อย_เปือยน้อย_M5_U5,5,พรรครวมใจไทย,2.0
KK10_เปือยน้อย_เปือยน้อย_M5_U5,6,พรรครวมไทยสร้างชาติ,1.0
KK10_เปือยน้อย_เปือยน้อย_M5_U5,9,พรรคเพื่อไทย,84.0
KK10_เปือยน้อย_เปือยน้อย_M5_U5,11,พรรคเศรษฐกิจ,6.0
KK10_เปือยน้อย_เปือยน้อย_M5_U5,15,พรรคอนาคตไทย,1.0
KK10_เปือยน้อย_เปือยน้อย_M5_U5,16,พรรคพลังเพื่อไทย,1.0
KK10_เปือยน้อย_เปือยน้อย_M5_U5,27,พรรคประชาธิปัตย์,6.0
KK10_เปือยน้อย_เปือยน้อย_M5_U5,29,พรรคไทยภักดี,1.0
KK10_เปือยน้อย_เปือยน้อย_M5_U5,32,พรรคครูไทยเพื่อประชาชน,1.0
KK10_เปือยน้อย_เปือยน้อย_M5_U5,37,พรรคภูมิใจไทย,14.0
KK10_เปือยน้อย_เปือยน้อย_M5_U5,38,พรรคพลังธรรมใหม่,2.0
KK10_เปือยน้อย_เปือยน้อย_M5_U5,39,พรรคกรีน,1.0
KK10_เปือยน้อย_เปือยน้อย_M5_U5,46,พรรคประชาชน,27.0
KK10_เปือยน้อย_เปือยน้อย_M5_U5,48,พรรคไทยสร้างไทย,1.0
KK10_เปือยน้อย_เปือยน้อย_M0_U6,1,พรรคไทยทรัพย์ทวี,2.0
KK10_เปือยน้อย_เปือยน้อย_M0_U6,2,พรรคเพื่อชาติไทย,8.0
KK10_เปือยน้อย_เปือยน้อย_M0_U6,3,พรรคใหม่,1.0
KK10_เปือยน้อย_เปือยน้อย_M0_U6,5,พรรครวมใจไทย,10.0
KK10_เปือยน้อย_เปือยน้อย_M0_U6,7,พรรคพลวัต,1.0
KK10_เปือยน้อย_เปือยน้อย_M0_U6,8,พรรคประชาธิปไตยใหม่,2.0
KK10_เปือยน้อย_เปือยน้อย_M0_U6,9,พรรคเพื่อไทย,57.0
KK10_เปือยน้อย_เปือยน้อย_M0_U6,11,พรรคเศรษฐกิจ,3.0
KK10_เปือยน้อย_เปือยน้อย_M0_U6,12,พรรคเสรีรวมไทย,1.0
KK10_เปือยน้อย_เปือยน้อย_M0_U6,13,พรรครวมพลังประชาชน,1.0
KK10_เปือยน้อย_เปือยน้อย_M0_U6,27,พรรคประชาธิปัตย์,2.0
KK10_เปือยน้อย_เปือยน้อย_M0_U6,37,พรรคภูมิใจไทย,40.0
KK10_เปือยน้อย_เปือยน้อย_M0_U6,38,พรรคพลังธรรมใหม่,2.0
KK10_เปือยน้อย_เปือยน้อย_M0_U6,41,พรรคแผ่นดินธรรม,1.0
KK10_เปือยน้อย_เปือยน้อย_M0_U6,46,พรรคประชาชน,21.0
KK10_เปือยน้อย_เปือยน้อย_M7_U7,1,พรรคไทยทรัพย์ทวี,6.0
KK10_เปือยน้อย_เปือยน้อย_M7_U7,2,พรรคเพื่อชาติไทย,7.0
KK10_เปือยน้อย_เปือยน้อย_M7_U7,4,พรรคมิติใหม่,1.0
KK10_เปือยน้อย_เปือยน้อย_M7_U7,5,พรรครวมใจไทย,10.0
KK10_เปือยน้อย_เปือยน้อย_M7_U7,6,พรรครวมไทยสร้างชาติ,8.0
KK10_เปือยน้อย_เปือยน้อย_M7_U7,7,พรรคพลวัต,1.0
KK10_เปือยน้อย_เปือยน้อย_M7_U7,9,พรรคเพื่อไทย,138.0
KK10_เปือยน้อย_เปือยน้อย_M7_U7,11,พรรคเศรษฐกิจ,13.0
KK10_เปือยน้อย_เปือยน้อย_M7_U7,12,พรรคเสรีรวมไทย,4.0
KK10_เปือยน้อย_เปือยน้อย_M7_U7,13,พรรครวมพลังประชาชน,4.0
KK10_เปือยน้อย_เปือยน้อย_M7_U7,15,พรรคอนาคตไทย,1.0
KK10_เปือยน้อย_เปือยน้อย_M7_U7,16,พรรคพลังเพื่อไทย,1.0
KK10_เปือยน้อย_เปือยน้อย_M7_U7,18,พรรคพลังสังคมใหม่,1.0
KK10_เปือยน้อย_เปือยน้อย_M7_U7,23,พรรคปวงชนไทย,1.0
KK10_เปือยน้อย_เปือยน้อย_M7_U7,27,พรรคประชาธิปัตย์,5.0
KK10_เปือยน้อย_เปือยน้อย_M7_U7,28,พรรคไทยก้าวหน้า,1.0
KK10_เปือยน้อย_เปือยน้อย_M7_U7,29,พรรคไทยภักดี,1.0
KK10_เปือยน้อย_เปือยน้อย_M7_U7,31,พรรคประชากรไทย,1.0
KK10_เปือยน้อย_เปือยน้อย_M7_U7,32,พรรคครูไทยเพื่อประชาชน,4.0
KK10_เปือยน้อย_เปือยน้อย_M7_U7,34,พรรคสร้างอนาคตไทย,1.0
KK10_เปือยน้อย_เปือยน้อย_M7_U7,37,พรรคภูมิใจไทย,47.0
KK10_เปือยน้อย_เปือยน้อย_M7_U7,38,พรรคพลังธรรมใหม่,1.0
KK10_เปือยน้อย_เปือยน้อย_M7_U7,46,พรรคประชาชน,80.0
KK10_เปือยน้อย_เปือยน้อย_M7_U7,48,พรรคไทยสร้างไทย,1.0
KK10_เปือยน้อย_เปือยน้อย_M7_U7,52,พรรคเครือข่ายชาวนาแห่งประเทศไทย,1.0
KK10_หนองสองห้อง_คึมชาด_M10_U10,1,พรรคไทยทรัพย์ทวี,3.0
KK10_หนองสองห้อง_คึมชาด_M10_U10,2,พรรคเพื่อชาติไทย,4.0
KK10_หนองสองห้อง_คึมชาด_M10_U10,3,พรรคใหม่,3.0
KK10_หนองสองห้อง_คึมชาด_M10_U10,5,พรรครวมใจไทย,6.0
KK10_หนองสองห้อง_คึมชาด_M10_U10,6,พรรครวมไทยสร้างชาติ,2.0
KK10_หนองสองห้อง_คึมชาด_M10_U10,8,พรรคประชาธิปไตยใหม่,1.0
KK10_หนองสองห้อง_คึมชาด_M10_U10,9,พรรคเพื่อไทย,87.0
KK10_หนองสองห้อง_คึมชาด_M10_U10,10,พรรคทางเลือกใหม่,1.0
KK10_หนองสองห้อง_คึมชาด_M10_U10,11,พรรคเศรษฐกิจ,2.0
KK10_หนองสองห้อง_คึมชาด_M10_U10,12,พรรคเสรีรวมไทย,1.0
KK10_หนองสองห้อง_คึมชาด_M10_U10,13,พรรครวมพลังประชาชน,1.0
KK10_หนองสองห้อง_คึมชาด_M10_U10,16,พรรคพลังเพื่อไทย,1.0
KK10_หนองสองห้อง_คึมชาด_M10_U10,17,พรรคไทยชนะ,1.0
KK10_หนองสองห้อง_คึมชาด_M10_U10,21,พรรคไทรวมพลัง,1.0
KK10_หนองสองห้อง_คึมชาด_M10_U10,26,พรรคคลองไทย,1.0
KK10_หนองสองห้อง_คึมชาด_M10_U10,27,พรรคประชาธิปัตย์,2.0
KK10_หนองสองห้อง_คึมชาด_M10_U10,31,พรรคประชากรไทย,1.0
KK10_หนองสองห้อง_คึมชาด_M10_U10,33,พรรคประชาชาติ,1.0
KK10_หนองสองห้อง_คึมชาด_M10_U10,35,พรรครักชาติ,1.0
KK10_หนองสองห้อง_คึมชาด_M10_U10,36,พรรคไทยพร้อม,3.0
KK10_หนองสองห้อง_คึมชาด_M10_U10,37,พรรคภูมิใจไทย,47.0
KK10_หนองสองห้อง_คึมชาด_M10_U10,42,พรรคกล้าธรรม,1.0
KK10_หนองสองห้อง_คึมชาด_M10_U10,45,พรรคเป็นธรรม,1.0
KK10_หนองสองห้อง_คึมชาด_M10_U10,46,พรรคประชาชน,49.0
KK10_หนองสองห้อง_คึมชาด_M10_U10,47,พรรคประชาไทย,1.0
KK10_หนองสองห้อง_คึมชาด_M10_U10,48,พรรคไทยสร้างไทย,2.0
KK10_หนองสองห้อง_คึมชาด_M10_U10,49,พรรคไทยก้าวใหม่,1.0
KK10_หนองสองห้อง_คึมชาด_M10_U10,55,พรรคไทยรวมไทย,1.0
KK10_หนองสองห้อง_คึมชาด_M1_U1,1,พรรคไทยทรัพย์ทวี,5.0
KK10_หนองสองห้อง_คึมชาด_M1_U1,2,พรรคเพื่อชาติไทย,7.0
KK10_หนองสองห้อง_คึมชาด_M1_U1,5,พรรครวมใจไทย,1.0
KK10_หนองสองห้อง_คึมชาด_M1_U1,8,พรรคประชาธิปไตยใหม่,2.0
KK10_หนองสองห้อง_คึมชาด_M1_U1,9,พรรคเพื่อไทย,122.0
KK10_หนองสองห้อง_คึมชาด_M1_U1,11,พรรคเศรษฐกิจ,4.0
KK10_หนองสองห้อง_คึมชาด_M1_U1,12,พรรคเสรีรวมไทย,3.0
KK10_หนองสองห้อง_คึมชาด_M1_U1,13,พรรครวมพลังประชาชน,2.0
KK10_หนองสองห้อง_คึมชาด_M1_U1,15,พรรคอนาคตไทย,1.0
KK10_หนองสองห้อง_คึมชาด_M1_U1,16,พรรคพลังเพื่อไทย,1.0
KK10_หนองสองห้อง_คึมชาด_M1_U1,19,พรรคสังคมประชาธิปไตยไทย,1.0
KK10_หนองสองห้อง_คึมชาด_M1_U1,24,พรรควิชชั่นใหม่,1.0
KK10_หนองสองห้อง_คึมชาด_M1_U1,27,พรรคประชาธิปัตย์,2.0
KK10_หนองสองห้อง_คึมชาด_M1_U1,37,พรรคภูมิใจไทย,36.0
KK10_หนองสองห้อง_คึมชาด_M1_U1,38,พรรคพลังธรรมใหม่,3.0
KK10_หนองสองห้อง_คึมชาด_M1_U1,46,พรรคประชาชน,28.0
KK10_หนองสองห้อง_คึมชาด_M2_U2,1,พรรคไทยทรัพย์ทวี,5.0
KK10_หนองสองห้อง_คึมชาด_M2_U2,2,พรรคเพื่อชาติไทย,3.0
KK10_หนองสองห้อง_คึมชาด_M2_U2,3,พรรคใหม่,1.0
KK10_หนองสองห้อง_คึมชาด_M2_U2,4,พรรคมิติใหม่,1.0
KK10_หนองสองห้อง_คึมชาด_M2_U2,5,พรรครวมใจไทย,4.0
KK10_หนองสองห้อง_คึมชาด_M2_U2,8,พรรคประชาธิปไตยใหม่,1.0
KK10_หนองสองห้อง_คึมชาด_M2_U2,9,พรรคเพื่อไทย,113.0
KK10_หนองสองห้อง_คึมชาด_M2_U2,11,พรรคเศรษฐกิจ,9.0
KK10_หนองสองห้อง_คึมชาด_M2_U2,12,พรรคเสรีรวมไทย,2.0
KK10_หนองสองห้อง_คึมชาด_M2_U2,16,พรรคพลังเพื่อไทย,1.0
KK10_หนองสองห้อง_คึมชาด_M2_U2,17,พรรคไทยชนะ,1.0
KK10_หนองสองห้อง_คึมชาด_M2_U2,21,พรรคไทรวมพลัง,1.0
KK10_หนองสองห้อง_คึมชาด_M2_U2,22,พรรคก้าวอิสระ,1.0
KK10_หนองสองห้อง_คึมชาด_M2_U2,26,พรรคคลองไทย,1.0
KK10_หนองสองห้อง_คึมชาด_M2_U2,27,พรรคประชาธิปัตย์,2.0
KK10_หนองสองห้อง_คึมชาด_M2_U2,30,พรรคแรงงานสร้างชาติ,1.0
KK10_หนองสองห้อง_คึมชาด_M2_U2,32,พรรคครูไทยเพื่อประชาชน,1.0
KK10_หนองสองห้อง_คึมชาด_M2_U2,35,พรรครักชาติ,1.0
KK10_หนองสองห้อง_คึมชาด_M2_U2,37,พรรคภูมิใจไทย,46.0
KK10_หนองสองห้อง_คึมชาด_M2_U2,38,พรรคพลังธรรมใหม่,2.0
KK10_หนองสองห้อง_คึมชาด_M2_U2,39,พรรคกรีน,1.0
KK10_หนองสองห้อง_คึมชาด_M2_U2,43,พรรคพลังประชารัฐ,1.0
KK10_หนองสองห้อง_คึมชาด_M2_U2,46,พรรคประชาชน,56.0
KK10_หนองสองห้อง_คึมชาด_M2_U2,47,พรรคประชาไทย,1.0
KK10_หนองสองห้อง_คึมชาด_M2_U2,49,พรรคไทยก้าวใหม่,3.0
KK10_หนองสองห้อง_คึมชาด_M2_U2,53,พรรคไทยพิทักษ์ธรรม,1.0
KK10_หนองสองห้อง_คึมชาด_M3_U3,1,พรรคไทยทรัพย์ทวี,7.0
KK10_หนองสองห้อง_คึมชาด_M3_U3,2,พรรคเพื่อชาติไทย,10.0
KK10_หนองสองห้อง_คึมชาด_M3_U3,3,พรรคใหม่,1.0
KK10_หนองสองห้อง_คึมชาด_M3_U3,5,พรรครวมใจไทย,13.0
KK10_หนองสองห้อง_คึมชาด_M3_U3,6,พรรครวมไทยสร้างชาติ,2.0
KK10_หนองสองห้อง_คึมชาด_M3_U3,8,พรรคประชาธิปไตยใหม่,1.0
KK10_หนองสองห้อง_คึมชาด_M3_U3,9,พรรคเพื่อไทย,132.0
KK10_หนองสองห้อง_คึมชาด_M3_U3,10,พรรคทางเลือกใหม่,3.0
KK10_หนองสองห้อง_คึมชาด_M3_U3,11,พรรคเศรษฐกิจ,5.0
KK10_หนองสองห้อง_คึมชาด_M3_U3,12,พรรคเสรีรวมไทย,3.0
KK10_หนองสองห้อง_คึมชาด_M3_U3,13,พรรครวมพลังประชาชน,1.0
KK10_หนองสองห้อง_คึมชาด_M3_U3,15,พรรคอนาคตไทย,1.0
KK10_หนองสองห้อง_คึมชาด_M3_U3,26,พรรคคลองไทย,1.0
KK10_หนองสองห้อง_คึมชาด_M3_U3,29,พรรคไทยภักดี,1.0
KK10_หนองสองห้อง_คึมชาด_M3_U3,30,พรรคแรงงานสร้างชาติ,3.0
KK10_หนองสองห้อง_คึมชาด_M3_U3,31,พรรคประชากรไทย,2.0
KK10_หนองสองห้อง_คึมชาด_M3_U3,34,พรรคสร้างอนาคตไทย,1.0
KK10_หนองสองห้อง_คึมชาด_M3_U3,35,พรรครักชาติ,1.0
KK10_หนองสองห้อง_คึมชาด_M3_U3,36,พรรคไทยพร้อม,1.0
KK10_หนองสองห้อง_คึมชาด_M3_U3,37,พรรคภูมิใจไทย,79.0
KK10_หนองสองห้อง_คึมชาด_M3_U3,38,พรรคพลังธรรมใหม่,3.0
KK10_หนองสองห้อง_คึมชาด_M3_U3,42,พรรคกล้าธรรม,1.0
KK10_หนองสองห้อง_คึมชาด_M3_U3,46,พรรคประชาชน,69.0
KK10_หนองสองห้อง_คึมชาด_M3_U3,48,พรรคไทยสร้างไทย,1.0
KK10_หนองสองห้อง_คึมชาด_M3_U3,49,พรรคไทยก้าวใหม่,1.0
KK10_หนองสองห้อง_คึมชาด_M4_U4,1,พรรคไทยทรัพย์ทวี,8.0
KK10_หนองสองห้อง_คึมชาด_M4_U4,2,พรรคเพื่อชาติไทย,3.0
KK10_หนองสองห้อง_คึมชาด_M4_U4,3,พรรคใหม่,3.0
KK10_หนองสองห้อง_คึมชาด_M4_U4,5,พรรครวมใจไทย,10.0
KK10_หนองสองห้อง_คึมชาด_M4_U4,6,พรรครวมไทยสร้างชาติ,3.0
KK10_หนองสองห้อง_คึมชาด_M4_U4,7,พรรคพลวัต,1.0
KK10_หนองสองห้อง_คึมชาด_M4_U4,9,พรรคเพื่อไทย,142.0
KK10_หนองสองห้อง_คึมชาด_M4_U4,10,พรรคทางเลือกใหม่,1.0
KK10_หนองสองห้อง_คึมชาด_M4_U4,11,พรรคเศรษฐกิจ,10.0
KK10_หนองสองห้อง_คึมชาด_M4_U4,12,พรรคเสรีรวมไทย,11.0
KK10_หนองสองห้อง_คึมชาด_M4_U4,16,พรรคพลังเพื่อไทย,2.0
KK10_หนองสองห้อง_คึมชาด_M4_U4,20,พรรคฟิวชัน,1.0
KK10_หนองสองห้อง_คึมชาด_M4_U4,27,พรรคประชาธิปัตย์,4.0
KK10_หนองสองห้อง_คึมชาด_M4_U4,28,พรรคไทยก้าวหน้า,1.0
KK10_หนองสองห้อง_คึมชาด_M4_U4,30,พรรคแรงงานสร้างชาติ,1.0
KK10_หนองสองห้อง_คึมชาด_M4_U4,31,พรรคประชากรไทย,2.0
KK10_หนองสองห้อง_คึมชาด_M4_U4,32,พรรคครูไทยเพื่อประชาชน,2.0
KK10_หนองสองห้อง_คึมชาด_M4_U4,37,พรรคภูมิใจไทย,55.0
KK10_หนองสองห้อง_คึมชาด_M4_U4,38,พรรคพลังธรรมใหม่,2.0
KK10_หนองสองห้อง_คึมชาด_M4_U4,39,พรรคกรีน,1.0
KK10_หนองสองห้อง_คึมชาด_M4_U4,41,พรรคแผ่นดินธรรม,1.0
KK10_หนองสองห้อง_คึมชาด_M4_U4,43,พรรคพลังประชารัฐ,1.0
KK10_หนองสองห้อง_คึมชาด_M4_U4,46,พรรคประชาชน,73.0
KK10_หนองสองห้อง_คึมชาด_M4_U4,47,พรรคประชาไทย,1.0
KK10_หนองสองห้อง_คึมชาด_M4_U4,48,พรรคไทยสร้างไทย,2.0
KK10_หนองสองห้อง_คึมชาด_M4_U4,51,พรรคพร้อม,1.0
KK10_หนองสองห้อง_คึมชาด_M4_U4,55,พรรคไทยรวมไทย,4.0
KK10_หนองสองห้อง_คึมชาด_M5_U5,1,พรรคไทยทรัพย์ทวี,10.0
KK10_หนองสองห้อง_คึมชาด_M5_U5,2,พรรคเพื่อชาติไทย,3.0
KK10_หนองสองห้อง_คึมชาด_M5_U5,3,พรรคใหม่,32.0
KK10_หนองสองห้อง_คึมชาด_M5_U5,4,พรรคมิติใหม่,31.0
KK10_หนองสองห้อง_คึมชาด_M5_U5,5,พรรครวมใจไทย,11.0
KK10_หนองสองห้อง_คึมชาด_M5_U5,6,พรรครวมไทยสร้างชาติ,15.0
KK10_หนองสองห้อง_คึมชาด_M5_U5,9,พรรคเพื่อไทย,14.0
KK10_หนองสองห้อง_คึมชาด_M5_U5,11,พรรคเศรษฐกิจ,10.0
KK10_หนองสองห้อง_คึมชาด_M5_U5,12,พรรคเสรีรวมไทย,2.0
KK10_หนองสองห้อง_คึมชาด_M5_U5,13,พรรครวมพลังประชาชน,1.0
KK10_หนองสองห้อง_คึมชาด_M5_U5,26,พรรคคลองไทย,1.0
KK10_หนองสองห้อง_คึมชาด_M5_U5,27,พรรคประชาธิปัตย์,3.0
KK10_หนองสองห้อง_คึมชาด_M5_U5,30,พรรคแรงงานสร้างชาติ,1.0
KK10_หนองสองห้อง_คึมชาด_M5_U5,32,พรรคครูไทยเพื่อประชาชน,1.0
KK10_หนองสองห้อง_คึมชาด_M5_U5,33,พรรคประชาชาติ,1.0
KK10_หนองสองห้อง_คึมชาด_M5_U5,34,พรรคสร้างอนาคตไทย,2.0
KK10_หนองสองห้อง_คึมชาด_M5_U5,37,พรรคภูมิใจไทย,87.0
KK10_หนองสองห้อง_คึมชาด_M5_U5,38,พรรคพลังธรรมใหม่,2.0
KK10_หนองสองห้อง_คึมชาด_M5_U5,40,พรรคไทยธรรม,1.0
KK10_หนองสองห้อง_คึมชาด_M5_U5,46,พรรคประชาชน,123.0
KK10_หนองสองห้อง_คึมชาด_M5_U5,48,พรรคไทยสร้างไทย,2.0
KK10_หนองสองห้อง_คึมชาด_M5_U5,57,พรรคพลังไทยรักชาติ,1.0
KK10_หนองสองห้อง_คึมชาด_M6_U6,1,พรรคไทยทรัพย์ทวี,9.0
KK10_หนองสองห้อง_คึมชาด_M6_U6,2,พรรคเพื่อชาติไทย,9.0
KK10_หนองสองห้อง_คึมชาด_M6_U6,3,พรรคใหม่,1.0
KK10_หนองสองห้อง_คึมชาด_M6_U6,4,พรรคมิติใหม่,1.0
KK10_หนองสองห้อง_คึมชาด_M6_U6,5,พรรครวมใจไทย,20.0
KK10_หนองสองห้อง_คึมชาด_M6_U6,6,พรรครวมไทยสร้างชาติ,4.0
KK10_หนองสองห้อง_คึมชาด_M6_U6,7,พรรคพลวัต,1.0
KK10_หนองสองห้อง_คึมชาด_M6_U6,8,พรรคประชาธิปไตยใหม่,2.0
KK10_หนองสองห้อง_คึมชาด_M6_U6,9,พรรคเพื่อไทย,174.0
KK10_หนองสองห้อง_คึมชาด_M6_U6,11,พรรคเศรษฐกิจ,6.0
KK10_หนองสองห้อง_คึมชาด_M6_U6,12,พรรคเสรีรวมไทย,2.0
KK10_หนองสองห้อง_คึมชาด_M6_U6,13,พรรครวมพลังประชาชน,8.0
KK10_หนองสองห้อง_คึมชาด_M6_U6,14,พรรคท้องที่ไทย,2.0
KK10_หนองสองห้อง_คึมชาด_M6_U6,20,พรรคฟิวชัน,1.0
KK10_หนองสองห้อง_คึมชาด_M6_U6,22,พรรคก้าวอิสระ,1.0
KK10_หนองสองห้อง_คึมชาด_M6_U6,23,พรรคปวงชนไทย,1.0
KK10_หนองสองห้อง_คึมชาด_M6_U6,27,พรรคประชาธิปัตย์,4.0
KK10_หนองสองห้อง_คึมชาด_M6_U6,29,พรรคไทยภักดี,1.0
KK10_หนองสองห้อง_คึมชาด_M6_U6,30,พรรคแรงงานสร้างชาติ,1.0
KK10_หนองสองห้อง_คึมชาด_M6_U6,31,พรรคประชากรไทย,1.0
KK10_หนองสองห้อง_คึมชาด_M6_U6,36,พรรคไทยพร้อม,1.0
KK10_หนองสองห้อง_คึมชาด_M6_U6,37,พรรคภูมิใจไทย,70.0
KK10_หนองสองห้อง_คึมชาด_M6_U6,38,พรรคพลังธรรมใหม่,5.0
KK10_หนองสองห้อง_คึมชาด_M6_U6,46,พรรคประชาชน,64.0
KK10_หนองสองห้อง_คึมชาด_M6_U6,49,พรรคไทยก้าวใหม่,4.0
KK10_หนองสองห้อง_คึมชาด_M6_U6,53,พรรคไทยพิทักษ์ธรรม,1.0
KK10_หนองสองห้อง_คึมชาด_M7_U7,1,พรรคไทยทรัพย์ทวี,6.0
KK10_หนองสองห้อง_คึมชาด_M7_U7,2,พรรคเพื่อชาติไทย,10.0
KK10_หนองสองห้อง_คึมชาด_M7_U7,3,พรรคใหม่,2.0
KK10_หนองสองห้อง_คึมชาด_M7_U7,4,พรรคมิติใหม่,1.0
KK10_หนองสองห้อง_คึมชาด_M7_U7,5,พรรครวมใจไทย,7.0
KK10_หนองสองห้อง_คึมชาด_M7_U7,6,พรรครวมไทยสร้างชาติ,7.0
KK10_หนองสองห้อง_คึมชาด_M7_U7,8,พรรคประชาธิปไตยใหม่,3.0
KK10_หนองสองห้อง_คึมชาด_M7_U7,9,พรรคเพื่อไทย,120.0
KK10_หนองสองห้อง_คึมชาด_M7_U7,10,พรรคทางเลือกใหม่,3.0
KK10_หนองสองห้อง_คึมชาด_M7_U7,11,พรรคเศรษฐกิจ,10.0
KK10_หนองสองห้อง_คึมชาด_M7_U7,12,พรรคเสรีรวมไทย,1.0
KK10_หนองสองห้อง_คึมชาด_M7_U7,14,พรรคท้องที่ไทย,1.0
KK10_หนองสองห้อง_คึมชาด_M7_U7,24,พรรควิชชั่นใหม่,1.0
KK10_หนองสองห้อง_คึมชาด_M7_U7,27,พรรคประชาธิปัตย์,4.0
KK10_หนองสองห้อง_คึมชาด_M7_U7,28,พรรคไทยก้าวหน้า,2.0
KK10_หนองสองห้อง_คึมชาด_M7_U7,32,พรรคครูไทยเพื่อประชาชน,1.0
KK10_หนองสองห้อง_คึมชาด_M7_U7,35,พรรครักชาติ,1.0
KK10_หนองสองห้อง_คึมชาด_M7_U7,37,พรรคภูมิใจไทย,54.0
KK10_หนองสองห้อง_คึมชาด_M7_U7,38,พรรคพลังธรรมใหม่,2.0
KK10_หนองสองห้อง_คึมชาด_M7_U7,39,พรรคกรีน,1.0
KK10_หนองสองห้อง_คึมชาด_M7_U7,43,พรรคพลังประชารัฐ,1.0
KK10_หนองสองห้อง_คึมชาด_M7_U7,46,พรรคประชาชน,89.0
KK10_หนองสองห้อง_คึมชาด_M7_U7,48,พรรคไทยสร้างไทย,2.0
KK10_หนองสองห้อง_คึมชาด_M7_U7,56,พรรคเพื่อชาติ,1.0
KK10_หนองสองห้อง_คึมชาด_M8_U8,1,พรรคไทยทรัพย์ทวี,9.0
KK10_หนองสองห้อง_คึมชาด_M8_U8,2,พรรคเพื่อชาติไทย,3.0
KK10_หนองสองห้อง_คึมชาด_M8_U8,3,พรรคใหม่,2.0
KK10_หนองสองห้อง_คึมชาด_M8_U8,5,พรรครวมใจไทย,4.0
KK10_หนองสองห้อง_คึมชาด_M8_U8,7,พรรคพลวัต,1.0
KK10_หนองสองห้อง_คึมชาด_M8_U8,8,พรรคประชาธิปไตยใหม่,1.0
KK10_หนองสองห้อง_คึมชาด_M8_U8,9,พรรคเพื่อไทย,92.0
KK10_หนองสองห้อง_คึมชาด_M8_U8,10,พรรคทางเลือกใหม่,3.0
KK10_หนองสองห้อง_คึมชาด_M8_U8,11,พรรคเศรษฐกิจ,15.0
KK10_หนองสองห้อง_คึมชาด_M8_U8,26,พรรคคลองไทย,1.0
KK10_หนองสองห้อง_คึมชาด_M8_U8,28,พรรคไทยก้าวหน้า,1.0
KK10_หนองสองห้อง_คึมชาด_M8_U8,32,พรรคครูไทยเพื่อประชาชน,1.0
KK10_หนองสองห้อง_คึมชาด_M8_U8,37,พรรคภูมิใจไทย,17.0
KK10_หนองสองห้อง_คึมชาด_M8_U8,39,พรรคกรีน,1.0
KK10_หนองสองห้อง_คึมชาด_M8_U8,40,พรรคไทยธรรม,1.0
KK10_หนองสองห้อง_คึมชาด_M8_U8,41,พรรคแผ่นดินธรรม,1.0
KK10_หนองสองห้อง_คึมชาด_M8_U8,46,พรรคประชาชน,60.0
KK10_หนองสองห้อง_คึมชาด_M9_U9,1,พรรคไทยทรัพย์ทวี,9.0
KK10_หนองสองห้อง_คึมชาด_M9_U9,2,พรรคเพื่อชาติไทย,4.0
KK10_หนองสองห้อง_คึมชาด_M9_U9,3,พรรคใหม่,7.0
KK10_หนองสองห้อง_คึมชาด_M9_U9,5,พรรครวมใจไทย,18.0
KK10_หนองสองห้อง_คึมชาด_M9_U9,6,พรรครวมไทยสร้างชาติ,2.0
KK10_หนองสองห้อง_คึมชาด_M9_U9,8,พรรคประชาธิปไตยใหม่,2.0
KK10_หนองสองห้อง_คึมชาด_M9_U9,9,พรรคเพื่อไทย,124.0
KK10_หนองสองห้อง_คึมชาด_M9_U9,11,พรรคเศรษฐกิจ,16.0
KK10_หนองสองห้อง_คึมชาด_M9_U9,12,พรรคเสรีรวมไทย,4.0
KK10_หนองสองห้อง_คึมชาด_M9_U9,13,พรรครวมพลังประชาชน,1.0
KK10_หนองสองห้อง_คึมชาด_M9_U9,16,พรรคพลังเพื่อไทย,1.0
KK10_หนองสองห้อง_คึมชาด_M9_U9,17,พรรคไทยชนะ,1.0
KK10_หนองสองห้อง_คึมชาด_M9_U9,23,พรรคปวงชนไทย,1.0
KK10_หนองสองห้อง_คึมชาด_M9_U9,27,พรรคประชาธิปัตย์,5.0
KK10_หนองสองห้อง_คึมชาด_M9_U9,29,พรรคไทยภักดี,1.0
KK10_หนองสองห้อง_คึมชาด_M9_U9,30,พรรคแรงงานสร้างชาติ,1.0
KK10_หนองสองห้อง_คึมชาด_M9_U9,31,พรรคประชากรไทย,1.0
KK10_หนองสองห้อง_คึมชาด_M9_U9,35,พรรครักชาติ,1.0
KK10_หนองสองห้อง_คึมชาด_M9_U9,36,พรรคไทยพร้อม,1.0
KK10_หนองสองห้อง_คึมชาด_M9_U9,37,พรรคภูมิใจไทย,80.0
KK10_หนองสองห้อง_คึมชาด_M9_U9,38,พรรคพลังธรรมใหม่,5.0
KK10_หนองสองห้อง_คึมชาด_M9_U9,39,พรรคกรีน,3.0
KK10_หนองสองห้อง_คึมชาด_M9_U9,41,พรรคแผ่นดินธรรม,3.0
KK10_หนองสองห้อง_คึมชาด_M9_U9,46,พรรคประชาชน,85.0
KK10_หนองสองห้อง_คึมชาด_M9_U9,48,พรรคไทยสร้างไทย,3.0
KK10_หนองสองห้อง_คึมชาด_M9_U9,56,พรรคเพื่อชาติ,1.0
KK10_หนองสองห้อง_คึมชาด_M9_U9,57,พรรคพลังไทยรักชาติ,1.0
KK10_หนองสองห้อง_ดงเค็ง_M10_U10,1,พรรคไทยทรัพย์ทวี,5.0
KK10_หนองสองห้อง_ดงเค็ง_M10_U10,2,พรรคเพื่อชาติไทย,3.0
KK10_หนองสองห้อง_ดงเค็ง_M10_U10,4,พรรคมิติใหม่,1.0
KK10_หนองสองห้อง_ดงเค็ง_M10_U10,5,พรรครวมใจไทย,2.0
KK10_หนองสองห้อง_ดงเค็ง_M10_U10,6,พรรครวมไทยสร้างชาติ,1.0
KK10_หนองสองห้อง_ดงเค็ง_M10_U10,9,พรรคเพื่อไทย,53.0
KK10_หนองสองห้อง_ดงเค็ง_M10_U10,11,พรรคเศรษฐกิจ,4.0
KK10_หนองสองห้อง_ดงเค็ง_M10_U10,13,พรรครวมพลังประชาชน,1.0
KK10_หนองสองห้อง_ดงเค็ง_M10_U10,20,พรรคฟิวชัน,2.0
KK10_หนองสองห้อง_ดงเค็ง_M10_U10,28,พรรคไทยก้าวหน้า,6.0
KK10_หนองสองห้อง_ดงเค็ง_M10_U10,31,พรรคประชากรไทย,1.0
KK10_หนองสองห้อง_ดงเค็ง_M10_U10,33,พรรคประชาชาติ,1.0
KK10_หนองสองห้อง_ดงเค็ง_M10_U10,37,พรรคภูมิใจไทย,27.0
KK10_หนองสองห้อง_ดงเค็ง_M10_U10,46,พรรคประชาชน,18.0
KK10_หนองสองห้อง_ดงเค็ง_M11_U11,1,พรรคไทยทรัพย์ทวี,1.0
KK10_หนองสองห้อง_ดงเค็ง_M11_U11,2,พรรคเพื่อชาติไทย,1.0
KK10_หนองสองห้อง_ดงเค็ง_M11_U11,3,พรรคใหม่,1.0
KK10_หนองสองห้อง_ดงเค็ง_M11_U11,5,พรรครวมใจไทย,2.0
KK10_หนองสองห้อง_ดงเค็ง_M11_U11,6,พรรครวมไทยสร้างชาติ,1.0
KK10_หนองสองห้อง_ดงเค็ง_M11_U11,9,พรรคเพื่อไทย,72.0
KK10_หนองสองห้อง_ดงเค็ง_M11_U11,10,พรรคทางเลือกใหม่,1.0
KK10_หนองสองห้อง_ดงเค็ง_M11_U11,11,พรรคเศรษฐกิจ,7.0
KK10_หนองสองห้อง_ดงเค็ง_M11_U11,12,พรรคเสรีรวมไทย,1.0
KK10_หนองสองห้อง_ดงเค็ง_M11_U11,13,พรรครวมพลังประชาชน,1.0
KK10_หนองสองห้อง_ดงเค็ง_M11_U11,26,พรรคคลองไทย,1.0
KK10_หนองสองห้อง_ดงเค็ง_M11_U11,27,พรรคประชาธิปัตย์,4.0
KK10_หนองสองห้อง_ดงเค็ง_M11_U11,29,พรรคไทยภักดี,20.0
KK10_หนองสองห้อง_ดงเค็ง_M11_U11,31,พรรคประชากรไทย,6.0
KK10_หนองสองห้อง_ดงเค็ง_M11_U11,32,พรรคครูไทยเพื่อประชาชน,2.0
KK10_หนองสองห้อง_ดงเค็ง_M11_U11,36,พรรคไทยพร้อม,1.0
KK10_หนองสองห้อง_ดงเค็ง_M11_U11,37,พรรคภูมิใจไทย,40.0
KK10_หนองสองห้อง_ดงเค็ง_M11_U11,46,พรรคประชาชน,16.0
KK10_หนองสองห้อง_ดงเค็ง_M11_U11,47,พรรคประชาไทย,1.0
KK10_หนองสองห้อง_ดงเค็ง_M12_U12,1,พรรคไทยทรัพย์ทวี,1.0
KK10_หนองสองห้อง_ดงเค็ง_M12_U12,2,พรรคเพื่อชาติไทย,3.0
KK10_หนองสองห้อง_ดงเค็ง_M12_U12,3,พรรคใหม่,2.0
KK10_หนองสองห้อง_ดงเค็ง_M12_U12,5,พรรครวมใจไทย,3.0
KK10_หนองสองห้อง_ดงเค็ง_M12_U12,9,พรรคเพื่อไทย,42.0
KK10_หนองสองห้อง_ดงเค็ง_M12_U12,11,พรรคเศรษฐกิจ,8.0
KK10_หนองสองห้อง_ดงเค็ง_M12_U12,27,พรรคประชาธิปัตย์,2.0
KK10_หนองสองห้อง_ดงเค็ง_M12_U12,30,พรรคแรงงานสร้างชาติ,1.0
KK10_หนองสองห้อง_ดงเค็ง_M12_U12,32,พรรคครูไทยเพื่อประชาชน,1.0
KK10_หนองสองห้อง_ดงเค็ง_M12_U12,34,พรรคสร้างอนาคตไทย,2.0
KK10_หนองสองห้อง_ดงเค็ง_M12_U12,37,พรรคภูมิใจไทย,16.0
KK10_หนองสองห้อง_ดงเค็ง_M12_U12,38,พรรคพลังธรรมใหม่,3.0
KK10_หนองสองห้อง_ดงเค็ง_M12_U12,46,พรรคประชาชน,11.0
KK10_หนองสองห้อง_ดงเค็ง_M12_U12,48,พรรคไทยสร้างไทย,1.0
KK10_หนองสองห้อง_ดงเค็ง_M13_U13,1,พรรคไทยทรัพย์ทวี,5.0
KK10_หนองสองห้อง_ดงเค็ง_M13_U13,2,พรรคเพื่อชาติไทย,4.0
KK10_หนองสองห้อง_ดงเค็ง_M13_U13,3,พรรคใหม่,1.0
KK10_หนองสองห้อง_ดงเค็ง_M13_U13,5,พรรครวมใจไทย,6.0
KK10_หนองสองห้อง_ดงเค็ง_M13_U13,6,พรรครวมไทยสร้างชาติ,6.0
KK10_หนองสองห้อง_ดงเค็ง_M13_U13,9,พรรคเพื่อไทย,122.0
KK10_หนองสองห้อง_ดงเค็ง_M13_U13,10,พรรคทางเลือกใหม่,1.0
KK10_หนองสองห้อง_ดงเค็ง_M13_U13,11,พรรคเศรษฐกิจ,11.0
KK10_หนองสองห้อง_ดงเค็ง_M13_U13,13,พรรครวมพลังประชาชน,3.0
KK10_หนองสองห้อง_ดงเค็ง_M13_U13,16,พรรคพลังเพื่อไทย,2.0
KK10_หนองสองห้อง_ดงเค็ง_M13_U13,21,พรรคไทรวมพลัง,1.0
KK10_หนองสองห้อง_ดงเค็ง_M13_U13,26,พรรคคลองไทย,1.0
KK10_หนองสองห้อง_ดงเค็ง_M13_U13,27,พรรคประชาธิปัตย์,3.0
KK10_หนองสองห้อง_ดงเค็ง_M13_U13,28,พรรคไทยก้าวหน้า,1.0
KK10_หนองสองห้อง_ดงเค็ง_M13_U13,30,พรรคแรงงานสร้างชาติ,3.0
KK10_หนองสองห้อง_ดงเค็ง_M13_U13,31,พรรคประชากรไทย,2.0
KK10_หนองสองห้อง_ดงเค็ง_M13_U13,36,พรรคไทยพร้อม,2.0
KK10_หนองสองห้อง_ดงเค็ง_M13_U13,37,พรรคภูมิใจไทย,65.0
KK10_หนองสองห้อง_ดงเค็ง_M13_U13,38,พรรคพลังธรรมใหม่,3.0
KK10_หนองสองห้อง_ดงเค็ง_M13_U13,46,พรรคประชาชน,74.0
KK10_หนองสองห้อง_ดงเค็ง_M13_U13,49,พรรคไทยก้าวใหม่,1.0
KK10_หนองสองห้อง_ดงเค็ง_M13_U13,51,พรรคพร้อม,1.0
KK10_หนองสองห้อง_ดงเค็ง_M13_U13,55,พรรคไทยรวมไทย,1.0
KK10_หนองสองห้อง_ดงเค็ง_M1_U1,1,พรรคไทยทรัพย์ทวี,5.0
KK10_หนองสองห้อง_ดงเค็ง_M1_U1,2,พรรคเพื่อชาติไทย,4.0
KK10_หนองสองห้อง_ดงเค็ง_M1_U1,4,พรรคมิติใหม่,1.0
KK10_หนองสองห้อง_ดงเค็ง_M1_U1,5,พรรครวมใจไทย,10.0
KK10_หนองสองห้อง_ดงเค็ง_M1_U1,6,พรรครวมไทยสร้างชาติ,3.0
KK10_หนองสองห้อง_ดงเค็ง_M1_U1,8,พรรคประชาธิปไตยใหม่,1.0
KK10_หนองสองห้อง_ดงเค็ง_M1_U1,9,พรรคเพื่อไทย,88.0
KK10_หนองสองห้อง_ดงเค็ง_M1_U1,10,พรรคทางเลือกใหม่,2.0
KK10_หนองสองห้อง_ดงเค็ง_M1_U1,11,พรรคเศรษฐกิจ,19.0
KK10_หนองสองห้อง_ดงเค็ง_M1_U1,12,พรรคเสรีรวมไทย,2.0
KK10_หนองสองห้อง_ดงเค็ง_M1_U1,13,พรรครวมพลังประชาชน,1.0
KK10_หนองสองห้อง_ดงเค็ง_M1_U1,15,พรรคอนาคตไทย,1.0
KK10_หนองสองห้อง_ดงเค็ง_M1_U1,16,พรรคพลังเพื่อไทย,2.0
KK10_หนองสองห้อง_ดงเค็ง_M1_U1,27,พรรคประชาธิปัตย์,1.0
KK10_หนองสองห้อง_ดงเค็ง_M1_U1,38,พรรคพลังธรรมใหม่,48.0
KK10_หนองสองห้อง_ดงเค็ง_M1_U1,42,พรรคกล้าธรรม,1.0
KK10_หนองสองห้อง_ดงเค็ง_M1_U1,46,พรรคประชาชน,37.0
KK10_หนองสองห้อง_ดงเค็ง_M1_U1,48,พรรคไทยสร้างไทย,1.0
KK10_หนองสองห้อง_ดงเค็ง_M2_U2,1,พรรคไทยทรัพย์ทวี,5.0
KK10_หนองสองห้อง_ดงเค็ง_M2_U2,2,พรรคเพื่อชาติไทย,4.0
KK10_หนองสองห้อง_ดงเค็ง_M2_U2,3,พรรคใหม่,1.0
KK10_หนองสองห้อง_ดงเค็ง_M2_U2,5,พรรครวมใจไทย,7.0
KK10_หนองสองห้อง_ดงเค็ง_M2_U2,6,พรรครวมไทยสร้างชาติ,5.0
KK10_หนองสองห้อง_ดงเค็ง_M2_U2,8,พรรคประชาธิปไตยใหม่,1.0
KK10_หนองสองห้อง_ดงเค็ง_M2_U2,9,พรรคเพื่อไทย,97.0
KK10_หนองสองห้อง_ดงเค็ง_M2_U2,10,พรรคทางเลือกใหม่,2.0
KK10_หนองสองห้อง_ดงเค็ง_M2_U2,11,พรรคเศรษฐกิจ,8.0
KK10_หนองสองห้อง_ดงเค็ง_M2_U2,12,พรรคเสรีรวมไทย,2.0
KK10_หนองสองห้อง_ดงเค็ง_M2_U2,13,พรรครวมพลังประชาชน,3.0
KK10_หนองสองห้อง_ดงเค็ง_M2_U2,16,พรรคพลังเพื่อไทย,1.0
KK10_หนองสองห้อง_ดงเค็ง_M2_U2,27,พรรคประชาธิปัตย์,1.0
KK10_หนองสองห้อง_ดงเค็ง_M2_U2,34,พรรคสร้างอนาคตไทย,4.0
KK10_หนองสองห้อง_ดงเค็ง_M2_U2,37,พรรคภูมิใจไทย,66.0
KK10_หนองสองห้อง_ดงเค็ง_M2_U2,38,พรรคพลังธรรมใหม่,3.0
KK10_หนองสองห้อง_ดงเค็ง_M2_U2,46,พรรคประชาชน,63.0
KK10_หนองสองห้อง_ดงเค็ง_M3_U3,1,พรรคไทยทรัพย์ทวี,8.0
KK10_หนองสองห้อง_ดงเค็ง_M3_U3,2,พรรคเพื่อชาติไทย,5.0
KK10_หนองสองห้อง_ดงเค็ง_M3_U3,3,พรรคใหม่,2.0
KK10_หนองสองห้อง_ดงเค็ง_M3_U3,4,พรรคมิติใหม่,1.0
KK10_หนองสองห้อง_ดงเค็ง_M3_U3,5,พรรครวมใจไทย,10.0
KK10_หนองสองห้อง_ดงเค็ง_M3_U3,6,พรรครวมไทยสร้างชาติ,1.0
KK10_หนองสองห้อง_ดงเค็ง_M3_U3,8,พรรคประชาธิปไตยใหม่,1.0
KK10_หนองสองห้อง_ดงเค็ง_M3_U3,9,พรรคเพื่อไทย,120.0
KK10_หนองสองห้อง_ดงเค็ง_M3_U3,11,พรรคเศรษฐกิจ,8.0
KK10_หนองสองห้อง_ดงเค็ง_M3_U3,12,พรรคเสรีรวมไทย,1.0
KK10_หนองสองห้อง_ดงเค็ง_M3_U3,17,พรรคไทยชนะ,1.0
KK10_หนองสองห้อง_ดงเค็ง_M3_U3,26,พรรคคลองไทย,1.0
KK10_หนองสองห้อง_ดงเค็ง_M3_U3,30,พรรคแรงงานสร้างชาติ,2.0
KK10_หนองสองห้อง_ดงเค็ง_M3_U3,32,พรรคครูไทยเพื่อประชาชน,2.0
KK10_หนองสองห้อง_ดงเค็ง_M3_U3,33,พรรคประชาชาติ,2.0
KK10_หนองสองห้อง_ดงเค็ง_M3_U3,34,พรรคสร้างอนาคตไทย,1.0
KK10_หนองสองห้อง_ดงเค็ง_M3_U3,37,พรรคภูมิใจไทย,32.0
KK10_หนองสองห้อง_ดงเค็ง_M3_U3,38,พรรคพลังธรรมใหม่,1.0
KK10_หนองสองห้อง_ดงเค็ง_M3_U3,40,พรรคไทยธรรม,3.0
KK10_หนองสองห้อง_ดงเค็ง_M3_U3,46,พรรคประชาชน,55.0
KK10_หนองสองห้อง_ดงเค็ง_M3_U3,48,พรรคไทยสร้างไทย,2.0
KK10_หนองสองห้อง_ดงเค็ง_M4_U4,1,พรรคไทยทรัพย์ทวี,2.0
KK10_หนองสองห้อง_ดงเค็ง_M4_U4,3,พรรคใหม่,1.0
KK10_หนองสองห้อง_ดงเค็ง_M4_U4,5,พรรครวมใจไทย,2.0
KK10_หนองสองห้อง_ดงเค็ง_M4_U4,6,พรรครวมไทยสร้างชาติ,2.0
KK10_หนองสองห้อง_ดงเค็ง_M4_U4,9,พรรคเพื่อไทย,57.0
KK10_หนองสองห้อง_ดงเค็ง_M4_U4,11,พรรคเศรษฐกิจ,1.0
KK10_หนองสองห้อง_ดงเค็ง_M4_U4,19,พรรคสังคมประชาธิปไตยไทย,1.0
KK10_หนองสองห้อง_ดงเค็ง_M4_U4,37,พรรคภูมิใจไทย,14.0
KK10_หนองสองห้อง_ดงเค็ง_M4_U4,46,พรรคประชาชน,12.0
KK10_หนองสองห้อง_ดงเค็ง_M5_U5,1,พรรคไทยทรัพย์ทวี,6.0
KK10_หนองสองห้อง_ดงเค็ง_M5_U5,2,พรรคเพื่อชาติไทย,5.0
KK10_หนองสองห้อง_ดงเค็ง_M5_U5,3,พรรคใหม่,1.0
KK10_หนองสองห้อง_ดงเค็ง_M5_U5,5,พรรครวมใจไทย,11.0
KK10_หนองสองห้อง_ดงเค็ง_M5_U5,7,พรรคพลวัต,1.0
KK10_หนองสองห้อง_ดงเค็ง_M5_U5,8,พรรคประชาธิปไตยใหม่,2.0
KK10_หนองสองห้อง_ดงเค็ง_M5_U5,9,พรรคเพื่อไทย,98.0
KK10_หนองสองห้อง_ดงเค็ง_M5_U5,10,พรรคทางเลือกใหม่,2.0
KK10_หนองสองห้อง_ดงเค็ง_M5_U5,11,พรรคเศรษฐกิจ,6.0
KK10_หนองสองห้อง_ดงเค็ง_M5_U5,13,พรรครวมพลังประชาชน,1.0
KK10_หนองสองห้อง_ดงเค็ง_M5_U5,16,พรรคพลังเพื่อไทย,1.0
KK10_หนองสองห้อง_ดงเค็ง_M5_U5,27,พรรคประชาธิปัตย์,1.0
KK10_หนองสองห้อง_ดงเค็ง_M5_U5,32,พรรคครูไทยเพื่อประชาชน,1.0
KK10_หนองสองห้อง_ดงเค็ง_M5_U5,34,พรรคสร้างอนาคตไทย,2.0
KK10_หนองสองห้อง_ดงเค็ง_M5_U5,36,พรรคไทยพร้อม,1.0
KK10_หนองสองห้อง_ดงเค็ง_M5_U5,37,พรรคภูมิใจไทย,69.0
KK10_หนองสองห้อง_ดงเค็ง_M5_U5,38,พรรคพลังธรรมใหม่,4.0
KK10_หนองสองห้อง_ดงเค็ง_M5_U5,39,พรรคกรีน,1.0
KK10_หนองสองห้อง_ดงเค็ง_M5_U5,40,พรรคไทยธรรม,1.0
KK10_หนองสองห้อง_ดงเค็ง_M5_U5,42,พรรคกล้าธรรม,1.0
KK10_หนองสองห้อง_ดงเค็ง_M5_U5,43,พรรคพลังประชารัฐ,1.0
KK10_หนองสองห้อง_ดงเค็ง_M5_U5,45,พรรคเป็นธรรม,1.0
KK10_หนองสองห้อง_ดงเค็ง_M5_U5,46,พรรคประชาชน,36.0
KK10_หนองสองห้อง_ดงเค็ง_M5_U5,47,พรรคประชาไทย,1.0
KK10_หนองสองห้อง_ดงเค็ง_M5_U5,48,พรรคไทยสร้างไทย,1.0
KK10_หนองสองห้อง_ดงเค็ง_M5_U5,49,พรรคไทยก้าวใหม่,2.0
KK10_หนองสองห้อง_ดงเค็ง_M2_U6,1,พรรคไทยทรัพย์ทวี,7.0
KK10_หนองสองห้อง_ดงเค็ง_M2_U6,2,พรรคเพื่อชาติไทย,6.0
KK10_หนองสองห้อง_ดงเค็ง_M2_U6,3,พรรคใหม่,1.0
KK10_หนองสองห้อง_ดงเค็ง_M2_U6,5,พรรครวมใจไทย,4.0
KK10_หนองสองห้อง_ดงเค็ง_M2_U6,8,พรรคประชาธิปไตยใหม่,1.0
KK10_หนองสองห้อง_ดงเค็ง_M2_U6,9,พรรคเพื่อไทย,79.0
KK10_หนองสองห้อง_ดงเค็ง_M2_U6,11,พรรคเศรษฐกิจ,10.0
KK10_หนองสองห้อง_ดงเค็ง_M2_U6,12,พรรคเสรีรวมไทย,2.0
KK10_หนองสองห้อง_ดงเค็ง_M2_U6,14,พรรคท้องที่ไทย,1.0
KK10_หนองสองห้อง_ดงเค็ง_M2_U6,26,พรรคคลองไทย,1.0
KK10_หนองสองห้อง_ดงเค็ง_M2_U6,29,พรรคไทยภักดี,1.0
KK10_หนองสองห้อง_ดงเค็ง_M2_U6,30,พรรคแรงงานสร้างชาติ,2.0
KK10_หนองสองห้อง_ดงเค็ง_M2_U6,37,พรรคภูมิใจไทย,40.0
KK10_หนองสองห้อง_ดงเค็ง_M2_U6,38,พรรคพลังธรรมใหม่,2.0
KK10_หนองสองห้อง_ดงเค็ง_M2_U6,46,พรรคประชาชน,39.0
KK10_หนองสองห้อง_ดงเค็ง_M7_U7,1,พรรคไทยทรัพย์ทวี,6.0
KK10_หนองสองห้อง_ดงเค็ง_M7_U7,2,พรรคเพื่อชาติไทย,5.0
KK10_หนองสองห้อง_ดงเค็ง_M7_U7,3,พรรคใหม่,1.0
KK10_หนองสองห้อง_ดงเค็ง_M7_U7,5,พรรครวมใจไทย,13.0
KK10_หนองสองห้อง_ดงเค็ง_M7_U7,6,พรรครวมไทยสร้างชาติ,5.0
KK10_หนองสองห้อง_ดงเค็ง_M7_U7,9,พรรคเพื่อไทย,183.0
KK10_หนองสองห้อง_ดงเค็ง_M7_U7,11,พรรคเศรษฐกิจ,4.0
KK10_หนองสองห้อง_ดงเค็ง_M7_U7,16,พรรคพลังเพื่อไทย,3.0
KK10_หนองสองห้อง_ดงเค็ง_M7_U7,26,พรรคคลองไทย,1.0
KK10_หนองสองห้อง_ดงเค็ง_M7_U7,27,พรรคประชาธิปัตย์,3.0
KK10_หนองสองห้อง_ดงเค็ง_M7_U7,34,พรรคสร้างอนาคตไทย,1.0
KK10_หนองสองห้อง_ดงเค็ง_M7_U7,36,พรรคไทยพร้อม,3.0
KK10_หนองสองห้อง_ดงเค็ง_M7_U7,37,พรรคภูมิใจไทย,66.0
KK10_หนองสองห้อง_ดงเค็ง_M7_U7,38,พรรคพลังธรรมใหม่,2.0
KK10_หนองสองห้อง_ดงเค็ง_M7_U7,43,พรรคพลังประชารัฐ,6.0
KK10_หนองสองห้อง_ดงเค็ง_M7_U7,46,พรรคประชาชน,72.0
KK10_หนองสองห้อง_ดงเค็ง_M7_U7,47,พรรคประชาไทย,1.0
KK10_หนองสองห้อง_ดงเค็ง_M7_U7,48,พรรคไทยสร้างไทย,2.0
KK10_หนองสองห้อง_ดงเค็ง_M8_U8,1,พรรคไทยทรัพย์ทวี,9.0
KK10_หนองสองห้อง_ดงเค็ง_M8_U8,2,พรรคเพื่อชาติไทย,5.0
KK10_หนองสองห้อง_ดงเค็ง_M8_U8,3,พรรคใหม่,2.0
KK10_หนองสองห้อง_ดงเค็ง_M8_U8,5,พรรครวมใจไทย,12.0
KK10_หนองสองห้อง_ดงเค็ง_M8_U8,6,พรรครวมไทยสร้างชาติ,4.0
KK10_หนองสองห้อง_ดงเค็ง_M8_U8,8,พรรคประชาธิปไตยใหม่,4.0
KK10_หนองสองห้อง_ดงเค็ง_M8_U8,9,พรรคเพื่อไทย,55.0
KK10_หนองสองห้อง_ดงเค็ง_M8_U8,11,พรรคเศรษฐกิจ,13.0
KK10_หนองสองห้อง_ดงเค็ง_M8_U8,13,พรรครวมพลังประชาชน,1.0
KK10_หนองสองห้อง_ดงเค็ง_M8_U8,30,พรรคแรงงานสร้างชาติ,1.0
KK10_หนองสองห้อง_ดงเค็ง_M8_U8,31,พรรคประชากรไทย,1.0
KK10_หนองสองห้อง_ดงเค็ง_M8_U8,32,พรรคครูไทยเพื่อประชาชน,1.0
KK10_หนองสองห้อง_ดงเค็ง_M8_U8,33,พรรคประชาชาติ,1.0
KK10_หนองสองห้อง_ดงเค็ง_M8_U8,35,พรรครักชาติ,1.0
KK10_หนองสองห้อง_ดงเค็ง_M8_U8,37,พรรคภูมิใจไทย,54.0
KK10_หนองสองห้อง_ดงเค็ง_M8_U8,38,พรรคพลังธรรมใหม่,1.0
KK10_หนองสองห้อง_ดงเค็ง_M8_U8,42,พรรคกล้าธรรม,1.0
KK10_หนองสองห้อง_ดงเค็ง_M8_U8,46,พรรคประชาชน,84.0
KK10_หนองสองห้อง_ดงเค็ง_M8_U8,57,พรรคพลังไทยรักชาติ,1.0
KK10_หนองสองห้อง_ดงเค็ง_M1_U9,1,พรรคไทยทรัพย์ทวี,3.0
KK10_หนองสองห้อง_ดงเค็ง_M1_U9,2,พรรคเพื่อชาติไทย,2.0
KK10_หนองสองห้อง_ดงเค็ง_M1_U9,5,พรรครวมใจไทย,8.0
KK10_หนองสองห้อง_ดงเค็ง_M1_U9,6,พรรครวมไทยสร้างชาติ,1.0
KK10_หนองสองห้อง_ดงเค็ง_M1_U9,9,พรรคเพื่อไทย,74.0
KK10_หนองสองห้อง_ดงเค็ง_M1_U9,11,พรรคเศรษฐกิจ,2.0
KK10_หนองสองห้อง_ดงเค็ง_M1_U9,12,พรรคเสรีรวมไทย,2.0
KK10_หนองสองห้อง_ดงเค็ง_M1_U9,13,พรรครวมพลังประชาชน,1.0
KK10_หนองสองห้อง_ดงเค็ง_M1_U9,15,พรรคอนาคตไทย,1.0
KK10_หนองสองห้อง_ดงเค็ง_M1_U9,16,พรรคพลังเพื่อไทย,3.0
KK10_หนองสองห้อง_ดงเค็ง_M1_U9,28,พรรคไทยก้าวหน้า,1.0
KK10_หนองสองห้อง_ดงเค็ง_M1_U9,32,พรรคครูไทยเพื่อประชาชน,1.0
KK10_หนองสองห้อง_ดงเค็ง_M1_U9,37,พรรคภูมิใจไทย,22.0
KK10_หนองสองห้อง_ดงเค็ง_M1_U9,38,พรรคพลังธรรมใหม่,1.0
KK10_หนองสองห้อง_ดงเค็ง_M1_U9,39,พรรคกรีน,1.0
KK10_หนองสองห้อง_ดงเค็ง_M1_U9,46,พรรคประชาชน,33.0
KK10_หนองสองห้อง_ดงเค็ง_M1_U9,48,พรรคไทยสร้างไทย,1.0
KK10_หนองสองห้อง_ดอนดั่ง_M10_U10,1,พรรคไทยทรัพย์ทวี,1.0
KK10_หนองสองห้อง_ดอนดั่ง_M10_U10,2,พรรคเพื่อชาติไทย,1.0
KK10_หนองสองห้อง_ดอนดั่ง_M10_U10,5,พรรครวมใจไทย,2.0
KK10_หนองสองห้อง_ดอนดั่ง_M10_U10,6,พรรครวมไทยสร้างชาติ,3.0
KK10_หนองสองห้อง_ดอนดั่ง_M10_U10,8,พรรคประชาธิปไตยใหม่,1.0
KK10_หนองสองห้อง_ดอนดั่ง_M10_U10,9,พรรคเพื่อไทย,24.0
KK10_หนองสองห้อง_ดอนดั่ง_M10_U10,10,พรรคทางเลือกใหม่,2.0
KK10_หนองสองห้อง_ดอนดั่ง_M10_U10,11,พรรคเศรษฐกิจ,1.0
KK10_หนองสองห้อง_ดอนดั่ง_M10_U10,12,พรรคเสรีรวมไทย,1.0
KK10_หนองสองห้อง_ดอนดั่ง_M10_U10,13,พรรครวมพลังประชาชน,1.0
KK10_หนองสองห้อง_ดอนดั่ง_M10_U10,27,พรรคประชาธิปัตย์,1.0
KK10_หนองสองห้อง_ดอนดั่ง_M10_U10,34,พรรคสร้างอนาคตไทย,1.0
KK10_หนองสองห้อง_ดอนดั่ง_M10_U10,37,พรรคภูมิใจไทย,16.0
KK10_หนองสองห้อง_ดอนดั่ง_M10_U10,46,พรรคประชาชน,14.0
KK10_หนองสองห้อง_ดอนดั่ง_M10_U10,48,พรรคไทยสร้างไทย,2.0
KK10_หนองสองห้อง_ดอนดั่ง_M10_U10,49,พรรคไทยก้าวใหม่,3.0
KK10_หนองสองห้อง_ดอนดั่ง_M1_U1,1,พรรคไทยทรัพย์ทวี,2.0
KK10_หนองสองห้อง_ดอนดั่ง_M1_U1,2,พรรคเพื่อชาติไทย,1.0
KK10_หนองสองห้อง_ดอนดั่ง_M1_U1,3,พรรคใหม่,3.0
KK10_หนองสองห้อง_ดอนดั่ง_M1_U1,5,พรรครวมใจไทย,4.0
KK10_หนองสองห้อง_ดอนดั่ง_M1_U1,6,พรรครวมไทยสร้างชาติ,3.0
KK10_หนองสองห้อง_ดอนดั่ง_M1_U1,8,พรรคประชาธิปไตยใหม่,1.0
KK10_หนองสองห้อง_ดอนดั่ง_M1_U1,9,พรรคเพื่อไทย,50.0
KK10_หนองสองห้อง_ดอนดั่ง_M1_U1,10,พรรคทางเลือกใหม่,1.0
KK10_หนองสองห้อง_ดอนดั่ง_M1_U1,11,พรรคเศรษฐกิจ,3.0
KK10_หนองสองห้อง_ดอนดั่ง_M1_U1,12,พรรคเสรีรวมไทย,1.0
KK10_หนองสองห้อง_ดอนดั่ง_M1_U1,13,พรรครวมพลังประชาชน,1.0
KK10_หนองสองห้อง_ดอนดั่ง_M1_U1,14,พรรคท้องที่ไทย,1.0
KK10_หนองสองห้อง_ดอนดั่ง_M1_U1,21,พรรคไทรวมพลัง,1.0
KK10_หนองสองห้อง_ดอนดั่ง_M1_U1,27,พรรคประชาธิปัตย์,5.0
KK10_หนองสองห้อง_ดอนดั่ง_M1_U1,34,พรรคสร้างอนาคตไทย,1.0
KK10_หนองสองห้อง_ดอนดั่ง_M1_U1,37,พรรคภูมิใจไทย,51.0
KK10_หนองสองห้อง_ดอนดั่ง_M1_U1,38,พรรคพลังธรรมใหม่,1.0
KK10_หนองสองห้อง_ดอนดั่ง_M1_U1,41,พรรคแผ่นดินธรรม,1.0
KK10_หนองสองห้อง_ดอนดั่ง_M1_U1,42,พรรคกล้าธรรม,1.0
KK10_หนองสองห้อง_ดอนดั่ง_M1_U1,43,พรรคพลังประชารัฐ,1.0
KK10_หนองสองห้อง_ดอนดั่ง_M1_U1,45,พรรคเป็นธรรม,1.0
KK10_หนองสองห้อง_ดอนดั่ง_M1_U1,46,พรรคประชาชน,45.0
KK10_หนองสองห้อง_ดอนดั่ง_M1_U1,48,พรรคไทยสร้างไทย,2.0
KK10_หนองสองห้อง_ดอนดั่ง_M1_U1,57,พรรคพลังไทยรักชาติ,1.0
KK10_หนองสองห้อง_ดอนดั่ง_M2_U2,1,พรรคไทยทรัพย์ทวี,5.0
KK10_หนองสองห้อง_ดอนดั่ง_M2_U2,2,พรรคเพื่อชาติไทย,4.0
KK10_หนองสองห้อง_ดอนดั่ง_M2_U2,3,พรรคใหม่,1.0
KK10_หนองสองห้อง_ดอนดั่ง_M2_U2,5,พรรครวมใจไทย,6.0
KK10_หนองสองห้อง_ดอนดั่ง_M2_U2,9,พรรคเพื่อไทย,126.0
KK10_หนองสองห้อง_ดอนดั่ง_M2_U2,11,พรรคเศรษฐกิจ,4.0
KK10_หนองสองห้อง_ดอนดั่ง_M2_U2,13,พรรครวมพลังประชาชน,1.0
KK10_หนองสองห้อง_ดอนดั่ง_M2_U2,14,พรรคท้องที่ไทย,1.0
KK10_หนองสองห้อง_ดอนดั่ง_M2_U2,16,พรรคพลังเพื่อไทย,2.0
KK10_หนองสองห้อง_ดอนดั่ง_M2_U2,17,พรรคไทยชนะ,1.0
KK10_หนองสองห้อง_ดอนดั่ง_M2_U2,34,พรรคสร้างอนาคตไทย,2.0
KK10_หนองสองห้อง_ดอนดั่ง_M2_U2,35,พรรครักชาติ,1.0
KK10_หนองสองห้อง_ดอนดั่ง_M2_U2,36,พรรคไทยพร้อม,1.0
KK10_หนองสองห้อง_ดอนดั่ง_M2_U2,37,พรรคภูมิใจไทย,45.0
KK10_หนองสองห้อง_ดอนดั่ง_M2_U2,38,พรรคพลังธรรมใหม่,1.0
KK10_หนองสองห้อง_ดอนดั่ง_M2_U2,44,พรรคโอกาสใหม่,1.0
KK10_หนองสองห้อง_ดอนดั่ง_M2_U2,46,พรรคประชาชน,64.0
KK10_หนองสองห้อง_ดอนดั่ง_M2_U2,48,พรรคไทยสร้างไทย,3.0
KK10_หนองสองห้อง_ดอนดั่ง_M3_U3,1,พรรคไทยทรัพย์ทวี,4.0
KK10_หนองสองห้อง_ดอนดั่ง_M3_U3,2,พรรคเพื่อชาติไทย,1.0
KK10_หนองสองห้อง_ดอนดั่ง_M3_U3,3,พรรคใหม่,1.0
KK10_หนองสองห้อง_ดอนดั่ง_M3_U3,5,พรรครวมใจไทย,3.0
KK10_หนองสองห้อง_ดอนดั่ง_M3_U3,6,พรรครวมไทยสร้างชาติ,5.0
KK10_หนองสองห้อง_ดอนดั่ง_M3_U3,8,พรรคประชาธิปไตยใหม่,2.0
KK10_หนองสองห้อง_ดอนดั่ง_M3_U3,9,พรรคเพื่อไทย,65.0
KK10_หนองสองห้อง_ดอนดั่ง_M3_U3,11,พรรคเศรษฐกิจ,2.0
KK10_หนองสองห้อง_ดอนดั่ง_M3_U3,13,พรรครวมพลังประชาชน,1.0
KK10_หนองสองห้อง_ดอนดั่ง_M3_U3,14,พรรคท้องที่ไทย,1.0
KK10_หนองสองห้อง_ดอนดั่ง_M3_U3,27,พรรคประชาธิปัตย์,1.0
KK10_หนองสองห้อง_ดอนดั่ง_M3_U3,31,พรรคประชากรไทย,1.0
KK10_หนองสองห้อง_ดอนดั่ง_M3_U3,32,พรรคครูไทยเพื่อประชาชน,1.0
KK10_หนองสองห้อง_ดอนดั่ง_M3_U3,37,พรรคภูมิใจไทย,25.0
KK10_หนองสองห้อง_ดอนดั่ง_M3_U3,38,พรรคพลังธรรมใหม่,1.0
KK10_หนองสองห้อง_ดอนดั่ง_M3_U3,39,พรรคกรีน,1.0
KK10_หนองสองห้อง_ดอนดั่ง_M3_U3,46,พรรคประชาชน,35.0
KK10_หนองสองห้อง_ดอนดั่ง_M3_U3,67,พรรคหมายเลข 67,1.0
KK10_หนองสองห้อง_ดอนดั่ง_M4_U4,1,พรรคไทยทรัพย์ทวี,3.0
KK10_หนองสองห้อง_ดอนดั่ง_M4_U4,2,พรรคเพื่อชาติไทย,9.0
KK10_หนองสองห้อง_ดอนดั่ง_M4_U4,3,พรรคใหม่,4.0
KK10_หนองสองห้อง_ดอนดั่ง_M4_U4,4,พรรคมิติใหม่,1.0
KK10_หนองสองห้อง_ดอนดั่ง_M4_U4,5,พรรครวมใจไทย,13.0
KK10_หนองสองห้อง_ดอนดั่ง_M4_U4,6,พรรครวมไทยสร้างชาติ,3.0
KK10_หนองสองห้อง_ดอนดั่ง_M4_U4,7,พรรคพลวัต,1.0
KK10_หนองสองห้อง_ดอนดั่ง_M4_U4,8,พรรคประชาธิปไตยใหม่,4.0
KK10_หนองสองห้อง_ดอนดั่ง_M4_U4,9,พรรคเพื่อไทย,100.0
KK10_หนองสองห้อง_ดอนดั่ง_M4_U4,10,พรรคทางเลือกใหม่,1.0
KK10_หนองสองห้อง_ดอนดั่ง_M4_U4,11,พรรคเศรษฐกิจ,5.0
KK10_หนองสองห้อง_ดอนดั่ง_M4_U4,12,พรรคเสรีรวมไทย,2.0
KK10_หนองสองห้อง_ดอนดั่ง_M4_U4,13,พรรครวมพลังประชาชน,3.0
KK10_หนองสองห้อง_ดอนดั่ง_M4_U4,15,พรรคอนาคตไทย,1.0
KK10_หนองสองห้อง_ดอนดั่ง_M4_U4,17,พรรคไทยชนะ,3.0
KK10_หนองสองห้อง_ดอนดั่ง_M4_U4,18,พรรคพลังสังคมใหม่,1.0
KK10_หนองสองห้อง_ดอนดั่ง_M4_U4,24,พรรควิชชั่นใหม่,1.0
KK10_หนองสองห้อง_ดอนดั่ง_M4_U4,27,พรรคประชาธิปัตย์,3.0
KK10_หนองสองห้อง_ดอนดั่ง_M4_U4,29,พรรคไทยภักดี,1.0
KK10_หนองสองห้อง_ดอนดั่ง_M4_U4,30,พรรคแรงงานสร้างชาติ,2.0
KK10_หนองสองห้อง_ดอนดั่ง_M4_U4,31,พรรคประชากรไทย,2.0
KK10_หนองสองห้อง_ดอนดั่ง_M4_U4,33,พรรคประชาชาติ,1.0
KK10_หนองสองห้อง_ดอนดั่ง_M4_U4,37,พรรคภูมิใจไทย,86.0
KK10_หนองสองห้อง_ดอนดั่ง_M4_U4,38,พรรคพลังธรรมใหม่,1.0
KK10_หนองสองห้อง_ดอนดั่ง_M4_U4,43,พรรคพลังประชารัฐ,3.0
KK10_หนองสองห้อง_ดอนดั่ง_M4_U4,46,พรรคประชาชน,90.0
KK10_หนองสองห้อง_ดอนดั่ง_M4_U4,47,พรรคประชาไทย,3.0
KK10_หนองสองห้อง_ดอนดั่ง_M4_U4,48,พรรคไทยสร้างไทย,4.0
KK10_หนองสองห้อง_ดอนดั่ง_M4_U4,49,พรรคไทยก้าวใหม่,1.0
KK10_หนองสองห้อง_ดอนดั่ง_M4_U4,67,พรรคหมายเลข 67,1.0
KK10_หนองสองห้อง_ดอนดั่ง_M5_U5,3,พรรคใหม่,1.0
KK10_หนองสองห้อง_ดอนดั่ง_M5_U5,5,พรรครวมใจไทย,5.0
KK10_หนองสองห้อง_ดอนดั่ง_M5_U5,6,พรรครวมไทยสร้างชาติ,1.0
KK10_หนองสองห้อง_ดอนดั่ง_M5_U5,8,พรรคประชาธิปไตยใหม่,1.0
KK10_หนองสองห้อง_ดอนดั่ง_M5_U5,9,พรรคเพื่อไทย,59.0
KK10_หนองสองห้อง_ดอนดั่ง_M5_U5,10,พรรคทางเลือกใหม่,1.0
KK10_หนองสองห้อง_ดอนดั่ง_M5_U5,11,พรรคเศรษฐกิจ,8.0
KK10_หนองสองห้อง_ดอนดั่ง_M5_U5,12,พรรคเสรีรวมไทย,2.0
KK10_หนองสองห้อง_ดอนดั่ง_M5_U5,13,พรรครวมพลังประชาชน,2.0
KK10_หนองสองห้อง_ดอนดั่ง_M5_U5,16,พรรคพลังเพื่อไทย,1.0
KK10_หนองสองห้อง_ดอนดั่ง_M5_U5,17,พรรคไทยชนะ,1.0
KK10_หนองสองห้อง_ดอนดั่ง_M5_U5,26,พรรคคลองไทย,1.0
KK10_หนองสองห้อง_ดอนดั่ง_M5_U5,27,พรรคประชาธิปัตย์,3.0
KK10_หนองสองห้อง_ดอนดั่ง_M5_U5,30,พรรคแรงงานสร้างชาติ,1.0
KK10_หนองสองห้อง_ดอนดั่ง_M5_U5,31,พรรคประชากรไทย,1.0
KK10_หนองสองห้อง_ดอนดั่ง_M5_U5,32,พรรคครูไทยเพื่อประชาชน,1.0
KK10_หนองสองห้อง_ดอนดั่ง_M5_U5,36,พรรคไทยพร้อม,1.0
KK10_หนองสองห้อง_ดอนดั่ง_M5_U5,37,พรรคภูมิใจไทย,36.0
KK10_หนองสองห้อง_ดอนดั่ง_M5_U5,46,พรรคประชาชน,44.0
KK10_หนองสองห้อง_ดอนดั่ง_M5_U5,48,พรรคไทยสร้างไทย,3.0
KK10_หนองสองห้อง_ดอนดั่ง_M5_U5,55,พรรคไทยรวมไทย,1.0
KK10_หนองสองห้อง_ดอนดั่ง_M6_U6,1,พรรคไทยทรัพย์ทวี,2.0
KK10_หนองสองห้อง_ดอนดั่ง_M6_U6,2,พรรคเพื่อชาติไทย,3.0
KK10_หนองสองห้อง_ดอนดั่ง_M6_U6,3,พรรคใหม่,1.0
KK10_หนองสองห้อง_ดอนดั่ง_M6_U6,4,พรรคมิติใหม่,1.0
KK10_หนองสองห้อง_ดอนดั่ง_M6_U6,5,พรรครวมใจไทย,3.0
KK10_หนองสองห้อง_ดอนดั่ง_M6_U6,6,พรรครวมไทยสร้างชาติ,4.0
KK10_หนองสองห้อง_ดอนดั่ง_M6_U6,8,พรรคประชาธิปไตยใหม่,1.0
KK10_หนองสองห้อง_ดอนดั่ง_M6_U6,9,พรรคเพื่อไทย,78.0
KK10_หนองสองห้อง_ดอนดั่ง_M6_U6,10,พรรคทางเลือกใหม่,1.0
KK10_หนองสองห้อง_ดอนดั่ง_M6_U6,11,พรรคเศรษฐกิจ,5.0
KK10_หนองสองห้อง_ดอนดั่ง_M6_U6,12,พรรคเสรีรวมไทย,1.0
KK10_หนองสองห้อง_ดอนดั่ง_M6_U6,23,พรรคปวงชนไทย,1.0
KK10_หนองสองห้อง_ดอนดั่ง_M6_U6,27,พรรคประชาธิปัตย์,3.0
KK10_หนองสองห้อง_ดอนดั่ง_M6_U6,35,พรรครักชาติ,2.0
KK10_หนองสองห้อง_ดอนดั่ง_M6_U6,37,พรรคภูมิใจไทย,48.0
KK10_หนองสองห้อง_ดอนดั่ง_M6_U6,39,พรรคกรีน,1.0
KK10_หนองสองห้อง_ดอนดั่ง_M6_U6,46,พรรคประชาชน,33.0
KK10_หนองสองห้อง_ดอนดั่ง_M6_U6,48,พรรคไทยสร้างไทย,2.0
KK10_หนองสองห้อง_ดอนดั่ง_M7_U7,1,พรรคไทยทรัพย์ทวี,5.0
KK10_หนองสองห้อง_ดอนดั่ง_M7_U7,2,พรรคเพื่อชาติไทย,3.0
KK10_หนองสองห้อง_ดอนดั่ง_M7_U7,3,พรรคใหม่,1.0
KK10_หนองสองห้อง_ดอนดั่ง_M7_U7,4,พรรคมิติใหม่,1.0
KK10_หนองสองห้อง_ดอนดั่ง_M7_U7,5,พรรครวมใจไทย,17.0
KK10_หนองสองห้อง_ดอนดั่ง_M7_U7,6,พรรครวมไทยสร้างชาติ,1.0
KK10_หนองสองห้อง_ดอนดั่ง_M7_U7,8,พรรคประชาธิปไตยใหม่,2.0
KK10_หนองสองห้อง_ดอนดั่ง_M7_U7,9,พรรคเพื่อไทย,86.0
KK10_หนองสองห้อง_ดอนดั่ง_M7_U7,10,พรรคทางเลือกใหม่,1.0
KK10_หนองสองห้อง_ดอนดั่ง_M7_U7,11,พรรคเศรษฐกิจ,6.0
KK10_หนองสองห้อง_ดอนดั่ง_M7_U7,12,พรรคเสรีรวมไทย,2.0
KK10_หนองสองห้อง_ดอนดั่ง_M7_U7,13,พรรครวมพลังประชาชน,3.0
KK10_หนองสองห้อง_ดอนดั่ง_M7_U7,20,พรรคฟิวชัน,1.0
KK10_หนองสองห้อง_ดอนดั่ง_M7_U7,27,พรรคประชาธิปัตย์,2.0
KK10_หนองสองห้อง_ดอนดั่ง_M7_U7,29,พรรคไทยภักดี,1.0
KK10_หนองสองห้อง_ดอนดั่ง_M7_U7,34,พรรคสร้างอนาคตไทย,1.0
KK10_หนองสองห้อง_ดอนดั่ง_M7_U7,36,พรรคไทยพร้อม,1.0
KK10_หนองสองห้อง_ดอนดั่ง_M7_U7,37,พรรคภูมิใจไทย,66.0
KK10_หนองสองห้อง_ดอนดั่ง_M7_U7,38,พรรคพลังธรรมใหม่,4.0
KK10_หนองสองห้อง_ดอนดั่ง_M7_U7,42,พรรคกล้าธรรม,1.0
KK10_หนองสองห้อง_ดอนดั่ง_M7_U7,46,พรรคประชาชน,60.0
KK10_หนองสองห้อง_ดอนดั่ง_M7_U7,47,พรรคประชาไทย,1.0
KK10_หนองสองห้อง_ดอนดั่ง_M7_U7,48,พรรคไทยสร้างไทย,1.0
KK10_หนองสองห้อง_ดอนดั่ง_M7_U7,49,พรรคไทยก้าวใหม่,2.0
KK10_หนองสองห้อง_ดอนดั่ง_M8_U8,1,พรรคไทยทรัพย์ทวี,2.0
KK10_หนองสองห้อง_ดอนดั่ง_M8_U8,2,พรรคเพื่อชาติไทย,2.0
KK10_หนองสองห้อง_ดอนดั่ง_M8_U8,3,พรรคใหม่,1.0
KK10_หนองสองห้อง_ดอนดั่ง_M8_U8,5,พรรครวมใจไทย,5.0
KK10_หนองสองห้อง_ดอนดั่ง_M8_U8,8,พรรคประชาธิปไตยใหม่,1.0
KK10_หนองสองห้อง_ดอนดั่ง_M8_U8,9,พรรคเพื่อไทย,90.0
KK10_หนองสองห้อง_ดอนดั่ง_M8_U8,10,พรรคทางเลือกใหม่,1.0
KK10_หนองสองห้อง_ดอนดั่ง_M8_U8,11,พรรคเศรษฐกิจ,3.0
KK10_หนองสองห้อง_ดอนดั่ง_M8_U8,13,พรรครวมพลังประชาชน,1.0
KK10_หนองสองห้อง_ดอนดั่ง_M8_U8,27,พรรคประชาธิปัตย์,3.0
KK10_หนองสองห้อง_ดอนดั่ง_M8_U8,28,พรรคไทยก้าวหน้า,1.0
KK10_หนองสองห้อง_ดอนดั่ง_M8_U8,31,พรรคประชากรไทย,1.0
KK10_หนองสองห้อง_ดอนดั่ง_M8_U8,34,พรรคสร้างอนาคตไทย,1.0
KK10_หนองสองห้อง_ดอนดั่ง_M8_U8,37,พรรคภูมิใจไทย,31.0
KK10_หนองสองห้อง_ดอนดั่ง_M8_U8,38,พรรคพลังธรรมใหม่,4.0
KK10_หนองสองห้อง_ดอนดั่ง_M8_U8,43,พรรคพลังประชารัฐ,1.0
KK10_หนองสองห้อง_ดอนดั่ง_M8_U8,45,พรรคเป็นธรรม,1.0
KK10_หนองสองห้อง_ดอนดั่ง_M8_U8,46,พรรคประชาชน,46.0
KK10_หนองสองห้อง_ดอนดั่ง_M8_U8,48,พรรคไทยสร้างไทย,3.0
KK10_หนองสองห้อง_ดอนดั่ง_M9_U9,1,พรรคไทยทรัพย์ทวี,2.0
KK10_หนองสองห้อง_ดอนดั่ง_M9_U9,2,พรรคเพื่อชาติไทย,4.0
KK10_หนองสองห้อง_ดอนดั่ง_M9_U9,3,พรรคใหม่,1.0
KK10_หนองสองห้อง_ดอนดั่ง_M9_U9,5,พรรครวมใจไทย,4.0
KK10_หนองสองห้อง_ดอนดั่ง_M9_U9,8,พรรคประชาธิปไตยใหม่,1.0
KK10_หนองสองห้อง_ดอนดั่ง_M9_U9,9,พรรคเพื่อไทย,68.0
KK10_หนองสองห้อง_ดอนดั่ง_M9_U9,10,พรรคทางเลือกใหม่,1.0
KK10_หนองสองห้อง_ดอนดั่ง_M9_U9,11,พรรคเศรษฐกิจ,11.0
KK10_หนองสองห้อง_ดอนดั่ง_M9_U9,12,พรรคเสรีรวมไทย,3.0
KK10_หนองสองห้อง_ดอนดั่ง_M9_U9,15,พรรคอนาคตไทย,1.0
KK10_หนองสองห้อง_ดอนดั่ง_M9_U9,22,พรรคก้าวอิสระ,1.0
KK10_หนองสองห้อง_ดอนดั่ง_M9_U9,33,พรรคประชาชาติ,1.0
KK10_หนองสองห้อง_ดอนดั่ง_M9_U9,34,พรรคสร้างอนาคตไทย,2.0
KK10_หนองสองห้อง_ดอนดั่ง_M9_U9,36,พรรคไทยพร้อม,1.0
KK10_หนองสองห้อง_ดอนดั่ง_M9_U9,37,พรรคภูมิใจไทย,27.0
KK10_หนองสองห้อง_ดอนดั่ง_M9_U9,38,พรรคพลังธรรมใหม่,3.0
KK10_หนองสองห้อง_ดอนดั่ง_M9_U9,39,พรรคกรีน,1.0
KK10_หนองสองห้อง_ดอนดั่ง_M9_U9,46,พรรคประชาชน,25.0
KK10_หนองสองห้อง_ดอนดั่ง_M9_U9,51,พรรคพร้อม,1.0
KK10_หนองสองห้อง_ดอนดู่_M10_U10,1,พรรคไทยทรัพย์ทวี,2.0
KK10_หนองสองห้อง_ดอนดู่_M10_U10,2,พรรคเพื่อชาติไทย,6.0
KK10_หนองสองห้อง_ดอนดู่_M10_U10,5,พรรครวมใจไทย,9.0
KK10_หนองสองห้อง_ดอนดู่_M10_U10,6,พรรครวมไทยสร้างชาติ,1.0
KK10_หนองสองห้อง_ดอนดู่_M10_U10,9,พรรคเพื่อไทย,47.0
KK10_หนองสองห้อง_ดอนดู่_M10_U10,11,พรรคเศรษฐกิจ,3.0
KK10_หนองสองห้อง_ดอนดู่_M10_U10,19,พรรคสังคมประชาธิปไตยไทย,1.0
KK10_หนองสองห้อง_ดอนดู่_M10_U10,24,พรรควิชชั่นใหม่,1.0
KK10_หนองสองห้อง_ดอนดู่_M10_U10,27,พรรคประชาธิปัตย์,3.0
KK10_หนองสองห้อง_ดอนดู่_M10_U10,37,พรรคภูมิใจไทย,23.0
KK10_หนองสองห้อง_ดอนดู่_M10_U10,38,พรรคพลังธรรมใหม่,1.0
KK10_หนองสองห้อง_ดอนดู่_M10_U10,42,พรรคกล้าธรรม,1.0
KK10_หนองสองห้อง_ดอนดู่_M10_U10,46,พรรคประชาชน,13.0
KK10_หนองสองห้อง_ดอนดู่_M10_U10,48,พรรคไทยสร้างไทย,3.0
KK10_หนองสองห้อง_ดอนดู่_M10_U10,49,พรรคไทยก้าวใหม่,3.0
KK10_หนองสองห้อง_ดอนดู่_M11_U11,1,พรรคไทยทรัพย์ทวี,4.0
KK10_หนองสองห้อง_ดอนดู่_M11_U11,2,พรรคเพื่อชาติไทย,3.0
KK10_หนองสองห้อง_ดอนดู่_M11_U11,5,พรรครวมใจไทย,8.0
KK10_หนองสองห้อง_ดอนดู่_M11_U11,7,พรรคพลวัต,1.0
KK10_หนองสองห้อง_ดอนดู่_M11_U11,9,พรรคเพื่อไทย,63.0
KK10_หนองสองห้อง_ดอนดู่_M11_U11,11,พรรคเศรษฐกิจ,1.0
KK10_หนองสองห้อง_ดอนดู่_M11_U11,12,พรรคเสรีรวมไทย,1.0
KK10_หนองสองห้อง_ดอนดู่_M11_U11,27,พรรคประชาธิปัตย์,2.0
KK10_หนองสองห้อง_ดอนดู่_M11_U11,28,พรรคไทยก้าวหน้า,1.0
KK10_หนองสองห้อง_ดอนดู่_M11_U11,30,พรรคแรงงานสร้างชาติ,1.0
KK10_หนองสองห้อง_ดอนดู่_M11_U11,31,พรรคประชากรไทย,2.0
KK10_หนองสองห้อง_ดอนดู่_M11_U11,34,พรรคสร้างอนาคตไทย,1.0
KK10_หนองสองห้อง_ดอนดู่_M11_U11,37,พรรคภูมิใจไทย,30.0
KK10_หนองสองห้อง_ดอนดู่_M11_U11,38,พรรคพลังธรรมใหม่,2.0
KK10_หนองสองห้อง_ดอนดู่_M11_U11,46,พรรคประชาชน,16.0
KK10_หนองสองห้อง_ดอนดู่_M12_U12,1,พรรคไทยทรัพย์ทวี,6.0
KK10_หนองสองห้อง_ดอนดู่_M12_U12,2,พรรคเพื่อชาติไทย,3.0
KK10_หนองสองห้อง_ดอนดู่_M12_U12,3,พรรคใหม่,1.0
KK10_หนองสองห้อง_ดอนดู่_M12_U12,4,พรรคมิติใหม่,1.0
KK10_หนองสองห้อง_ดอนดู่_M12_U12,5,พรรครวมใจไทย,16.0
KK10_หนองสองห้อง_ดอนดู่_M12_U12,6,พรรครวมไทยสร้างชาติ,1.0
KK10_หนองสองห้อง_ดอนดู่_M12_U12,7,พรรคพลวัต,1.0
KK10_หนองสองห้อง_ดอนดู่_M12_U12,8,พรรคประชาธิปไตยใหม่,3.0
KK10_หนองสองห้อง_ดอนดู่_M12_U12,9,พรรคเพื่อไทย,63.0
KK10_หนองสองห้อง_ดอนดู่_M12_U12,11,พรรคเศรษฐกิจ,2.0
KK10_หนองสองห้อง_ดอนดู่_M12_U12,13,พรรครวมพลังประชาชน,2.0
KK10_หนองสองห้อง_ดอนดู่_M12_U12,23,พรรคปวงชนไทย,1.0
KK10_หนองสองห้อง_ดอนดู่_M12_U12,27,พรรคประชาธิปัตย์,1.0
KK10_หนองสองห้อง_ดอนดู่_M12_U12,30,พรรคแรงงานสร้างชาติ,2.0
KK10_หนองสองห้อง_ดอนดู่_M12_U12,31,พรรคประชากรไทย,1.0
KK10_หนองสองห้อง_ดอนดู่_M12_U12,33,พรรคประชาชาติ,2.0
KK10_หนองสองห้อง_ดอนดู่_M12_U12,36,พรรคไทยพร้อม,2.0
KK10_หนองสองห้อง_ดอนดู่_M12_U12,37,พรรคภูมิใจไทย,80.0
KK10_หนองสองห้อง_ดอนดู่_M12_U12,38,พรรคพลังธรรมใหม่,1.0
KK10_หนองสองห้อง_ดอนดู่_M12_U12,39,พรรคกรีน,1.0
KK10_หนองสองห้อง_ดอนดู่_M12_U12,41,พรรคแผ่นดินธรรม,1.0
KK10_หนองสองห้อง_ดอนดู่_M12_U12,43,พรรคพลังประชารัฐ,1.0
KK10_หนองสองห้อง_ดอนดู่_M12_U12,46,พรรคประชาชน,56.0
KK10_หนองสองห้อง_ดอนดู่_M1_U1,1,พรรคไทยทรัพย์ทวี,9.0
KK10_หนองสองห้อง_ดอนดู่_M1_U1,2,พรรคเพื่อชาติไทย,5.0
KK10_หนองสองห้อง_ดอนดู่_M1_U1,5,พรรครวมใจไทย,23.0
KK10_หนองสองห้อง_ดอนดู่_M1_U1,6,พรรครวมไทยสร้างชาติ,1.0
KK10_หนองสองห้อง_ดอนดู่_M1_U1,8,พรรคประชาธิปไตยใหม่,1.0
KK10_หนองสองห้อง_ดอนดู่_M1_U1,9,พรรคเพื่อไทย,170.0
KK10_หนองสองห้อง_ดอนดู่_M1_U1,11,พรรคเศรษฐกิจ,7.0
KK10_หนองสองห้อง_ดอนดู่_M1_U1,12,พรรคเสรีรวมไทย,1.0
KK10_หนองสองห้อง_ดอนดู่_M1_U1,15,พรรคอนาคตไทย,1.0
KK10_หนองสองห้อง_ดอนดู่_M1_U1,16,พรรคพลังเพื่อไทย,1.0
KK10_หนองสองห้อง_ดอนดู่_M1_U1,17,พรรคไทยชนะ,1.0
KK10_หนองสองห้อง_ดอนดู่_M1_U1,25,พรรคเพื่อชีวิตใหม่,1.0
KK10_หนองสองห้อง_ดอนดู่_M1_U1,27,พรรคประชาธิปัตย์,3.0
KK10_หนองสองห้อง_ดอนดู่_M1_U1,31,พรรคประชากรไทย,2.0
KK10_หนองสองห้อง_ดอนดู่_M1_U1,34,พรรคสร้างอนาคตไทย,1.0
KK10_หนองสองห้อง_ดอนดู่_M1_U1,35,พรรครักชาติ,1.0
KK10_หนองสองห้อง_ดอนดู่_M1_U1,36,พรรคไทยพร้อม,1.0
KK10_หนองสองห้อง_ดอนดู่_M1_U1,37,พรรคภูมิใจไทย,111.0
KK10_หนองสองห้อง_ดอนดู่_M1_U1,38,พรรคพลังธรรมใหม่,7.0
KK10_หนองสองห้อง_ดอนดู่_M1_U1,39,พรรคกรีน,1.0
KK10_หนองสองห้อง_ดอนดู่_M1_U1,46,พรรคประชาชน,60.0
KK10_หนองสองห้อง_ดอนดู่_M1_U1,48,พรรคไทยสร้างไทย,3.0
KK10_หนองสองห้อง_ดอนดู่_M1_U1,49,พรรคไทยก้าวใหม่,6.0
KK10_หนองสองห้อง_ดอนดู่_M2_U2,1,พรรคไทยทรัพย์ทวี,11.0
KK10_หนองสองห้อง_ดอนดู่_M2_U2,2,พรรคเพื่อชาติไทย,9.0
KK10_หนองสองห้อง_ดอนดู่_M2_U2,3,พรรคใหม่,2.0
KK10_หนองสองห้อง_ดอนดู่_M2_U2,5,พรรครวมใจไทย,17.0
KK10_หนองสองห้อง_ดอนดู่_M2_U2,6,พรรครวมไทยสร้างชาติ,3.0
KK10_หนองสองห้อง_ดอนดู่_M2_U2,7,พรรคพลวัต,1.0
KK10_หนองสองห้อง_ดอนดู่_M2_U2,8,พรรคประชาธิปไตยใหม่,1.0
KK10_หนองสองห้อง_ดอนดู่_M2_U2,9,พรรคเพื่อไทย,254.0
KK10_หนองสองห้อง_ดอนดู่_M2_U2,10,พรรคทางเลือกใหม่,2.0
KK10_หนองสองห้อง_ดอนดู่_M2_U2,11,พรรคเศรษฐกิจ,13.0
KK10_หนองสองห้อง_ดอนดู่_M2_U2,13,พรรครวมพลังประชาชน,2.0
KK10_หนองสองห้อง_ดอนดู่_M2_U2,26,พรรคคลองไทย,1.0
KK10_หนองสองห้อง_ดอนดู่_M2_U2,27,พรรคประชาธิปัตย์,1.0
KK10_หนองสองห้อง_ดอนดู่_M2_U2,30,พรรคแรงงานสร้างชาติ,1.0
KK10_หนองสองห้อง_ดอนดู่_M2_U2,35,พรรครักชาติ,1.0
KK10_หนองสองห้อง_ดอนดู่_M2_U2,37,พรรคภูมิใจไทย,51.0
KK10_หนองสองห้อง_ดอนดู่_M2_U2,38,พรรคพลังธรรมใหม่,5.0
KK10_หนองสองห้อง_ดอนดู่_M2_U2,39,พรรคกรีน,1.0
KK10_หนองสองห้อง_ดอนดู่_M2_U2,46,พรรคประชาชน,73.0
KK10_หนองสองห้อง_ดอนดู่_M2_U2,47,พรรคประชาไทย,1.0
KK10_หนองสองห้อง_ดอนดู่_M2_U2,49,พรรคไทยก้าวใหม่,1.0
KK10_หนองสองห้อง_ดอนดู่_M2_U2,55,พรรคไทยรวมไทย,1.0
KK10_หนองสองห้อง_ดอนดู่_M2_U2,56,พรรคเพื่อชาติ,1.0
KK10_หนองสองห้อง_ดอนดู่_M3_U3,1,พรรคไทยทรัพย์ทวี,3.0
KK10_หนองสองห้อง_ดอนดู่_M3_U3,2,พรรคเพื่อชาติไทย,9.0
KK10_หนองสองห้อง_ดอนดู่_M3_U3,5,พรรครวมใจไทย,10.0
KK10_หนองสองห้อง_ดอนดู่_M3_U3,6,พรรครวมไทยสร้างชาติ,1.0
KK10_หนองสองห้อง_ดอนดู่_M3_U3,7,พรรคพลวัต,2.0
KK10_หนองสองห้อง_ดอนดู่_M3_U3,9,พรรคเพื่อไทย,155.0
KK10_หนองสองห้อง_ดอนดู่_M3_U3,10,พรรคทางเลือกใหม่,3.0
KK10_หนองสองห้อง_ดอนดู่_M3_U3,11,พรรคเศรษฐกิจ,11.0
KK10_หนองสองห้อง_ดอนดู่_M3_U3,12,พรรคเสรีรวมไทย,3.0
KK10_หนองสองห้อง_ดอนดู่_M3_U3,13,พรรครวมพลังประชาชน,1.0
KK10_หนองสองห้อง_ดอนดู่_M3_U3,16,พรรคพลังเพื่อไทย,2.0
KK10_หนองสองห้อง_ดอนดู่_M3_U3,17,พรรคไทยชนะ,1.0
KK10_หนองสองห้อง_ดอนดู่_M3_U3,23,พรรคปวงชนไทย,1.0
KK10_หนองสองห้อง_ดอนดู่_M3_U3,27,พรรคประชาธิปัตย์,1.0
KK10_หนองสองห้อง_ดอนดู่_M3_U3,28,พรรคไทยก้าวหน้า,1.0
KK10_หนองสองห้อง_ดอนดู่_M3_U3,31,พรรคประชากรไทย,1.0
KK10_หนองสองห้อง_ดอนดู่_M3_U3,33,พรรคประชาชาติ,1.0
KK10_หนองสองห้อง_ดอนดู่_M3_U3,34,พรรคสร้างอนาคตไทย,3.0
KK10_หนองสองห้อง_ดอนดู่_M3_U3,35,พรรครักชาติ,2.0
KK10_หนองสองห้อง_ดอนดู่_M3_U3,36,พรรคไทยพร้อม,1.0
KK10_หนองสองห้อง_ดอนดู่_M3_U3,37,พรรคภูมิใจไทย,74.0
KK10_หนองสองห้อง_ดอนดู่_M3_U3,38,พรรคพลังธรรมใหม่,2.0
KK10_หนองสองห้อง_ดอนดู่_M3_U3,39,พรรคกรีน,1.0
KK10_หนองสองห้อง_ดอนดู่_M3_U3,46,พรรคประชาชน,47.0
KK10_หนองสองห้อง_ดอนดู่_M4_U4,1,พรรคไทยทรัพย์ทวี,9.0
KK10_หนองสองห้อง_ดอนดู่_M4_U4,2,พรรคเพื่อชาติไทย,12.0
KK10_หนองสองห้อง_ดอนดู่_M4_U4,3,พรรคใหม่,3.0
KK10_หนองสองห้อง_ดอนดู่_M4_U4,5,พรรครวมใจไทย,10.0
KK10_หนองสองห้อง_ดอนดู่_M4_U4,6,พรรครวมไทยสร้างชาติ,5.0
KK10_หนองสองห้อง_ดอนดู่_M4_U4,7,พรรคพลวัต,1.0
KK10_หนองสองห้อง_ดอนดู่_M4_U4,8,พรรคประชาธิปไตยใหม่,1.0
KK10_หนองสองห้อง_ดอนดู่_M4_U4,9,พรรคเพื่อไทย,156.0
KK10_หนองสองห้อง_ดอนดู่_M4_U4,11,พรรคเศรษฐกิจ,19.0
KK10_หนองสองห้อง_ดอนดู่_M4_U4,12,พรรคเสรีรวมไทย,1.0
KK10_หนองสองห้อง_ดอนดู่_M4_U4,13,พรรครวมพลังประชาชน,1.0
KK10_หนองสองห้อง_ดอนดู่_M4_U4,16,พรรคพลังเพื่อไทย,1.0
KK10_หนองสองห้อง_ดอนดู่_M4_U4,17,พรรคไทยชนะ,1.0
KK10_หนองสองห้อง_ดอนดู่_M4_U4,23,พรรคปวงชนไทย,1.0
KK10_หนองสองห้อง_ดอนดู่_M4_U4,27,พรรคประชาธิปัตย์,2.0
KK10_หนองสองห้อง_ดอนดู่_M4_U4,29,พรรคไทยภักดี,1.0
KK10_หนองสองห้อง_ดอนดู่_M4_U4,30,พรรคแรงงานสร้างชาติ,1.0
KK10_หนองสองห้อง_ดอนดู่_M4_U4,32,พรรคครูไทยเพื่อประชาชน,1.0
KK10_หนองสองห้อง_ดอนดู่_M4_U4,34,พรรคสร้างอนาคตไทย,1.0
KK10_หนองสองห้อง_ดอนดู่_M4_U4,37,พรรคภูมิใจไทย,85.0
KK10_หนองสองห้อง_ดอนดู่_M4_U4,38,พรรคพลังธรรมใหม่,2.0
KK10_หนองสองห้อง_ดอนดู่_M4_U4,46,พรรคประชาชน,57.0
KK10_หนองสองห้อง_ดอนดู่_M4_U4,48,พรรคไทยสร้างไทย,1.0
KK10_หนองสองห้อง_ดอนดู่_M4_U4,49,พรรคไทยก้าวใหม่,1.0
KK10_หนองสองห้อง_ดอนดู่_M4_U4,55,พรรคไทยรวมไทย,1.0
KK10_หนองสองห้อง_ดอนดู่_M4_U4,56,พรรคเพื่อชาติ,1.0
KK10_หนองสองห้อง_ดอนดู่_M5_U5,1,พรรคไทยทรัพย์ทวี,6.0
KK10_หนองสองห้อง_ดอนดู่_M5_U5,2,พรรคเพื่อชาติไทย,7.0
KK10_หนองสองห้อง_ดอนดู่_M5_U5,5,พรรครวมใจไทย,14.0
KK10_หนองสองห้อง_ดอนดู่_M5_U5,6,พรรครวมไทยสร้างชาติ,1.0
KK10_หนองสองห้อง_ดอนดู่_M5_U5,7,พรรคพลวัต,2.0
KK10_หนองสองห้อง_ดอนดู่_M5_U5,8,พรรคประชาธิปไตยใหม่,1.0
KK10_หนองสองห้อง_ดอนดู่_M5_U5,9,พรรคเพื่อไทย,85.0
KK10_หนองสองห้อง_ดอนดู่_M5_U5,11,พรรคเศรษฐกิจ,1.0
KK10_หนองสองห้อง_ดอนดู่_M5_U5,12,พรรคเสรีรวมไทย,1.0
KK10_หนองสองห้อง_ดอนดู่_M5_U5,13,พรรครวมพลังประชาชน,1.0
KK10_หนองสองห้อง_ดอนดู่_M5_U5,17,พรรคไทยชนะ,1.0
KK10_หนองสองห้อง_ดอนดู่_M5_U5,20,พรรคฟิวชัน,1.0
KK10_หนองสองห้อง_ดอนดู่_M5_U5,30,พรรคแรงงานสร้างชาติ,3.0
KK10_หนองสองห้อง_ดอนดู่_M5_U5,31,พรรคประชากรไทย,1.0
KK10_หนองสองห้อง_ดอนดู่_M5_U5,34,พรรคสร้างอนาคตไทย,2.0
KK10_หนองสองห้อง_ดอนดู่_M5_U5,37,พรรคภูมิใจไทย,71.0
KK10_หนองสองห้อง_ดอนดู่_M5_U5,38,พรรคพลังธรรมใหม่,3.0
KK10_หนองสองห้อง_ดอนดู่_M5_U5,43,พรรคพลังประชารัฐ,1.0
KK10_หนองสองห้อง_ดอนดู่_M5_U5,44,พรรคโอกาสใหม่,1.0
KK10_หนองสองห้อง_ดอนดู่_M5_U5,46,พรรคประชาชน,37.0
KK10_หนองสองห้อง_ดอนดู่_M5_U5,48,พรรคไทยสร้างไทย,3.0
KK10_หนองสองห้อง_ดอนดู่_M5_U5,51,พรรคพร้อม,1.0
KK10_หนองสองห้อง_ดอนดู่_M6_U6,1,พรรคไทยทรัพย์ทวี,8.0
KK10_หนองสองห้อง_ดอนดู่_M6_U6,2,พรรคเพื่อชาติไทย,10.0
KK10_หนองสองห้อง_ดอนดู่_M6_U6,3,พรรคใหม่,5.0
KK10_หนองสองห้อง_ดอนดู่_M6_U6,4,พรรคมิติใหม่,2.0
KK10_หนองสองห้อง_ดอนดู่_M6_U6,5,พรรครวมใจไทย,13.0
KK10_หนองสองห้อง_ดอนดู่_M6_U6,6,พรรครวมไทยสร้างชาติ,5.0
KK10_หนองสองห้อง_ดอนดู่_M6_U6,8,พรรคประชาธิปไตยใหม่,1.0
KK10_หนองสองห้อง_ดอนดู่_M6_U6,9,พรรคเพื่อไทย,139.0
KK10_หนองสองห้อง_ดอนดู่_M6_U6,10,พรรคทางเลือกใหม่,1.0
KK10_หนองสองห้อง_ดอนดู่_M6_U6,11,พรรคเศรษฐกิจ,9.0
KK10_หนองสองห้อง_ดอนดู่_M6_U6,12,พรรคเสรีรวมไทย,1.0
KK10_หนองสองห้อง_ดอนดู่_M6_U6,13,พรรครวมพลังประชาชน,1.0
KK10_หนองสองห้อง_ดอนดู่_M6_U6,14,พรรคท้องที่ไทย,1.0
KK10_หนองสองห้อง_ดอนดู่_M6_U6,16,พรรคพลังเพื่อไทย,1.0
KK10_หนองสองห้อง_ดอนดู่_M6_U6,22,พรรคก้าวอิสระ,1.0
KK10_หนองสองห้อง_ดอนดู่_M6_U6,26,พรรคคลองไทย,5.0
KK10_หนองสองห้อง_ดอนดู่_M6_U6,27,พรรคประชาธิปัตย์,3.0
KK10_หนองสองห้อง_ดอนดู่_M6_U6,28,พรรคไทยก้าวหน้า,1.0
KK10_หนองสองห้อง_ดอนดู่_M6_U6,29,พรรคไทยภักดี,1.0
KK10_หนองสองห้อง_ดอนดู่_M6_U6,31,พรรคประชากรไทย,1.0
KK10_หนองสองห้อง_ดอนดู่_M6_U6,32,พรรคครูไทยเพื่อประชาชน,1.0
KK10_หนองสองห้อง_ดอนดู่_M6_U6,33,พรรคประชาชาติ,1.0
KK10_หนองสองห้อง_ดอนดู่_M6_U6,34,พรรคสร้างอนาคตไทย,4.0
KK10_หนองสองห้อง_ดอนดู่_M6_U6,35,พรรครักชาติ,1.0
KK10_หนองสองห้อง_ดอนดู่_M6_U6,37,พรรคภูมิใจไทย,121.0
KK10_หนองสองห้อง_ดอนดู่_M6_U6,38,พรรคพลังธรรมใหม่,4.0
KK10_หนองสองห้อง_ดอนดู่_M6_U6,42,พรรคกล้าธรรม,2.0
KK10_หนองสองห้อง_ดอนดู่_M6_U6,43,พรรคพลังประชารัฐ,2.0
KK10_หนองสองห้อง_ดอนดู่_M6_U6,46,พรรคประชาชน,70.0
KK10_หนองสองห้อง_ดอนดู่_M7_U7,1,พรรคไทยทรัพย์ทวี,7.0
KK10_หนองสองห้อง_ดอนดู่_M7_U7,2,พรรคเพื่อชาติไทย,4.0
KK10_หนองสองห้อง_ดอนดู่_M7_U7,6,พรรครวมไทยสร้างชาติ,1.0
KK10_หนองสองห้อง_ดอนดู่_M7_U7,9,พรรคเพื่อไทย,101.0
KK10_หนองสองห้อง_ดอนดู่_M7_U7,10,พรรคทางเลือกใหม่,1.0
KK10_หนองสองห้อง_ดอนดู่_M7_U7,11,พรรคเศรษฐกิจ,3.0
KK10_หนองสองห้อง_ดอนดู่_M7_U7,12,พรรคเสรีรวมไทย,1.0
KK10_หนองสองห้อง_ดอนดู่_M7_U7,16,พรรคพลังเพื่อไทย,1.0
KK10_หนองสองห้อง_ดอนดู่_M7_U7,17,พรรคไทยชนะ,1.0
KK10_หนองสองห้อง_ดอนดู่_M7_U7,23,พรรคปวงชนไทย,1.0
KK10_หนองสองห้อง_ดอนดู่_M7_U7,27,พรรคประชาธิปัตย์,1.0
KK10_หนองสองห้อง_ดอนดู่_M7_U7,30,พรรคแรงงานสร้างชาติ,1.0
KK10_หนองสองห้อง_ดอนดู่_M7_U7,31,พรรคประชากรไทย,1.0
KK10_หนองสองห้อง_ดอนดู่_M7_U7,37,พรรคภูมิใจไทย,35.0
KK10_หนองสองห้อง_ดอนดู่_M7_U7,38,พรรคพลังธรรมใหม่,1.0
KK10_หนองสองห้อง_ดอนดู่_M7_U7,46,พรรคประชาชน,41.0
KK10_หนองสองห้อง_ดอนดู่_M8_U8,1,พรรคไทยทรัพย์ทวี,7.0
KK10_หนองสองห้อง_ดอนดู่_M8_U8,2,พรรคเพื่อชาติไทย,3.0
KK10_หนองสองห้อง_ดอนดู่_M8_U8,5,พรรครวมใจไทย,20.0
KK10_หนองสองห้อง_ดอนดู่_M8_U8,6,พรรครวมไทยสร้างชาติ,5.0
KK10_หนองสองห้อง_ดอนดู่_M8_U8,8,พรรคประชาธิปไตยใหม่,1.0
KK10_หนองสองห้อง_ดอนดู่_M8_U8,9,พรรคเพื่อไทย,155.0
KK10_หนองสองห้อง_ดอนดู่_M8_U8,11,พรรคเศรษฐกิจ,7.0
KK10_หนองสองห้อง_ดอนดู่_M8_U8,22,พรรคก้าวอิสระ,1.0
KK10_หนองสองห้อง_ดอนดู่_M8_U8,27,พรรคประชาธิปัตย์,3.0
KK10_หนองสองห้อง_ดอนดู่_M8_U8,29,พรรคไทยภักดี,2.0
KK10_หนองสองห้อง_ดอนดู่_M8_U8,31,พรรคประชากรไทย,1.0
KK10_หนองสองห้อง_ดอนดู่_M8_U8,33,พรรคประชาชาติ,1.0
KK10_หนองสองห้อง_ดอนดู่_M8_U8,34,พรรคสร้างอนาคตไทย,5.0
KK10_หนองสองห้อง_ดอนดู่_M8_U8,35,พรรครักชาติ,1.0
KK10_หนองสองห้อง_ดอนดู่_M8_U8,37,พรรคภูมิใจไทย,66.0
KK10_หนองสองห้อง_ดอนดู่_M8_U8,38,พรรคพลังธรรมใหม่,3.0
KK10_หนองสองห้อง_ดอนดู่_M8_U8,39,พรรคกรีน,1.0
KK10_หนองสองห้อง_ดอนดู่_M8_U8,45,พรรคเป็นธรรม,1.0
KK10_หนองสองห้อง_ดอนดู่_M8_U8,46,พรรคประชาชน,47.0
KK10_หนองสองห้อง_ดอนดู่_M8_U8,48,พรรคไทยสร้างไทย,3.0
KK10_หนองสองห้อง_ดอนดู่_M8_U8,49,พรรคไทยก้าวใหม่,1.0
KK10_หนองสองห้อง_ดอนดู่_M9_U9,1,พรรคไทยทรัพย์ทวี,8.0
KK10_หนองสองห้อง_ดอนดู่_M9_U9,2,พรรคเพื่อชาติไทย,4.0
KK10_หนองสองห้อง_ดอนดู่_M9_U9,3,พรรคใหม่,2.0
KK10_หนองสองห้อง_ดอนดู่_M9_U9,4,พรรคมิติใหม่,1.0
KK10_หนองสองห้อง_ดอนดู่_M9_U9,5,พรรครวมใจไทย,16.0
KK10_หนองสองห้อง_ดอนดู่_M9_U9,6,พรรครวมไทยสร้างชาติ,3.0
KK10_หนองสองห้อง_ดอนดู่_M9_U9,8,พรรคประชาธิปไตยใหม่,3.0
KK10_หนองสองห้อง_ดอนดู่_M9_U9,9,พรรคเพื่อไทย,134.0
KK10_หนองสองห้อง_ดอนดู่_M9_U9,11,พรรคเศรษฐกิจ,10.0
KK10_หนองสองห้อง_ดอนดู่_M9_U9,12,พรรคเสรีรวมไทย,1.0
KK10_หนองสองห้อง_ดอนดู่_M9_U9,16,พรรคพลังเพื่อไทย,1.0
KK10_หนองสองห้อง_ดอนดู่_M9_U9,23,พรรคปวงชนไทย,2.0
KK10_หนองสองห้อง_ดอนดู่_M9_U9,29,พรรคไทยภักดี,1.0
KK10_หนองสองห้อง_ดอนดู่_M9_U9,30,พรรคแรงงานสร้างชาติ,1.0
KK10_หนองสองห้อง_ดอนดู่_M9_U9,31,พรรคประชากรไทย,1.0
KK10_หนองสองห้อง_ดอนดู่_M9_U9,32,พรรคครูไทยเพื่อประชาชน,2.0
KK10_หนองสองห้อง_ดอนดู่_M9_U9,35,พรรครักชาติ,2.0
KK10_หนองสองห้อง_ดอนดู่_M9_U9,37,พรรคภูมิใจไทย,65.0
KK10_หนองสองห้อง_ดอนดู่_M9_U9,38,พรรคพลังธรรมใหม่,5.0
KK10_หนองสองห้อง_ดอนดู่_M9_U9,40,พรรคไทยธรรม,1.0
KK10_หนองสองห้อง_ดอนดู่_M9_U9,43,พรรคพลังประชารัฐ,1.0
KK10_หนองสองห้อง_ดอนดู่_M9_U9,46,พรรคประชาชน,43.0
KK10_หนองสองห้อง_ดอนดู่_M9_U9,48,พรรคไทยสร้างไทย,3.0
KK10_หนองสองห้อง_ดอนดู่_M9_U9,56,พรรคเพื่อชาติ,1.0
KK10_หนองสองห้อง_ตะกั่วป่า_M10_U10,1,พรรคไทยทรัพย์ทวี,4.0
KK10_หนองสองห้อง_ตะกั่วป่า_M10_U10,2,พรรคเพื่อชาติไทย,4.0
KK10_หนองสองห้อง_ตะกั่วป่า_M10_U10,3,พรรคใหม่,1.0
KK10_หนองสองห้อง_ตะกั่วป่า_M10_U10,9,พรรคเพื่อไทย,41.0
KK10_หนองสองห้อง_ตะกั่วป่า_M10_U10,11,พรรคเศรษฐกิจ,8.0
KK10_หนองสองห้อง_ตะกั่วป่า_M10_U10,13,พรรครวมพลังประชาชน,2.0
KK10_หนองสองห้อง_ตะกั่วป่า_M10_U10,16,พรรคพลังเพื่อไทย,1.0
KK10_หนองสองห้อง_ตะกั่วป่า_M10_U10,19,พรรคสังคมประชาธิปไตยไทย,1.0
KK10_หนองสองห้อง_ตะกั่วป่า_M10_U10,27,พรรคประชาธิปัตย์,1.0
KK10_หนองสองห้อง_ตะกั่วป่า_M10_U10,34,พรรคสร้างอนาคตไทย,2.0
KK10_หนองสองห้อง_ตะกั่วป่า_M10_U10,37,พรรคภูมิใจไทย,27.0
KK10_หนองสองห้อง_ตะกั่วป่า_M10_U10,38,พรรคพลังธรรมใหม่,3.0
KK10_หนองสองห้อง_ตะกั่วป่า_M10_U10,46,พรรคประชาชน,14.0
KK10_หนองสองห้อง_ตะกั่วป่า_M10_U10,47,พรรคประชาไทย,1.0
KK10_หนองสองห้อง_ตะกั่วป่า_M10_U10,48,พรรคไทยสร้างไทย,3.0
KK10_หนองสองห้อง_ตะกั่วป่า_M1_U1,1,พรรคไทยทรัพย์ทวี,6.0
KK10_หนองสองห้อง_ตะกั่วป่า_M1_U1,2,พรรคเพื่อชาติไทย,5.0
KK10_หนองสองห้อง_ตะกั่วป่า_M1_U1,5,พรรครวมใจไทย,11.0
KK10_หนองสองห้อง_ตะกั่วป่า_M1_U1,6,พรรครวมไทยสร้างชาติ,1.0
KK10_หนองสองห้อง_ตะกั่วป่า_M1_U1,8,พรรคประชาธิปไตยใหม่,4.0
KK10_หนองสองห้อง_ตะกั่วป่า_M1_U1,9,พรรคเพื่อไทย,176.0
KK10_หนองสองห้อง_ตะกั่วป่า_M1_U1,10,พรรคทางเลือกใหม่,1.0
KK10_หนองสองห้อง_ตะกั่วป่า_M1_U1,11,พรรคเศรษฐกิจ,15.0
KK10_หนองสองห้อง_ตะกั่วป่า_M1_U1,12,พรรคเสรีรวมไทย,5.0
KK10_หนองสองห้อง_ตะกั่วป่า_M1_U1,15,พรรคอนาคตไทย,1.0
KK10_หนองสองห้อง_ตะกั่วป่า_M1_U1,16,พรรคพลังเพื่อไทย,1.0
KK10_หนองสองห้อง_ตะกั่วป่า_M1_U1,26,พรรคคลองไทย,1.0
KK10_หนองสองห้อง_ตะกั่วป่า_M1_U1,27,พรรคประชาธิปัตย์,4.0
KK10_หนองสองห้อง_ตะกั่วป่า_M1_U1,31,พรรคประชากรไทย,1.0
KK10_หนองสองห้อง_ตะกั่วป่า_M1_U1,33,พรรคประชาชาติ,1.0
KK10_หนองสองห้อง_ตะกั่วป่า_M1_U1,35,พรรครักชาติ,3.0
KK10_หนองสองห้อง_ตะกั่วป่า_M1_U1,36,พรรคไทยพร้อม,1.0
KK10_หนองสองห้อง_ตะกั่วป่า_M1_U1,37,พรรคภูมิใจไทย,80.0
KK10_หนองสองห้อง_ตะกั่วป่า_M1_U1,38,พรรคพลังธรรมใหม่,3.0
KK10_หนองสองห้อง_ตะกั่วป่า_M1_U1,40,พรรคไทยธรรม,2.0
KK10_หนองสองห้อง_ตะกั่วป่า_M1_U1,43,พรรคพลังประชารัฐ,1.0
KK10_หนองสองห้อง_ตะกั่วป่า_M1_U1,46,พรรคประชาชน,63.0
KK10_หนองสองห้อง_ตะกั่วป่า_M1_U1,48,พรรคไทยสร้างไทย,1.0
KK10_หนองสองห้อง_ตะกั่วป่า_M2_U2,1,พรรคไทยทรัพย์ทวี,3.0
KK10_หนองสองห้อง_ตะกั่วป่า_M2_U2,2,พรรคเพื่อชาติไทย,5.0
KK10_หนองสองห้อง_ตะกั่วป่า_M2_U2,5,พรรครวมใจไทย,7.0
KK10_หนองสองห้อง_ตะกั่วป่า_M2_U2,8,พรรคประชาธิปไตยใหม่,1.0
KK10_หนองสองห้อง_ตะกั่วป่า_M2_U2,9,พรรคเพื่อไทย,102.0
KK10_หนองสองห้อง_ตะกั่วป่า_M2_U2,11,พรรคเศรษฐกิจ,5.0
KK10_หนองสองห้อง_ตะกั่วป่า_M2_U2,21,พรรคไทรวมพลัง,1.0
KK10_หนองสองห้อง_ตะกั่วป่า_M2_U2,27,พรรคประชาธิปัตย์,3.0
KK10_หนองสองห้อง_ตะกั่วป่า_M2_U2,30,พรรคแรงงานสร้างชาติ,2.0
KK10_หนองสองห้อง_ตะกั่วป่า_M2_U2,37,พรรคภูมิใจไทย,45.0
KK10_หนองสองห้อง_ตะกั่วป่า_M2_U2,38,พรรคพลังธรรมใหม่,2.0
KK10_หนองสองห้อง_ตะกั่วป่า_M2_U2,46,พรรคประชาชน,24.0
KK10_หนองสองห้อง_ตะกั่วป่า_M2_U2,48,พรรคไทยสร้างไทย,2.0
KK10_หนองสองห้อง_ตะกั่วป่า_M3_U3,1,พรรคไทยทรัพย์ทวี,11.0
KK10_หนองสองห้อง_ตะกั่วป่า_M3_U3,2,พรรคเพื่อชาติไทย,9.0
KK10_หนองสองห้อง_ตะกั่วป่า_M3_U3,5,พรรครวมใจไทย,18.0
KK10_หนองสองห้อง_ตะกั่วป่า_M3_U3,7,พรรคพลวัต,2.0
KK10_หนองสองห้อง_ตะกั่วป่า_M3_U3,8,พรรคประชาธิปไตยใหม่,1.0
KK10_หนองสองห้อง_ตะกั่วป่า_M3_U3,9,พรรคเพื่อไทย,148.0
KK10_หนองสองห้อง_ตะกั่วป่า_M3_U3,11,พรรคเศรษฐกิจ,16.0
KK10_หนองสองห้อง_ตะกั่วป่า_M3_U3,13,พรรครวมพลังประชาชน,1.0
KK10_หนองสองห้อง_ตะกั่วป่า_M3_U3,15,พรรคอนาคตไทย,1.0
KK10_หนองสองห้อง_ตะกั่วป่า_M3_U3,16,พรรคพลังเพื่อไทย,2.0
KK10_หนองสองห้อง_ตะกั่วป่า_M3_U3,23,พรรคปวงชนไทย,1.0
KK10_หนองสองห้อง_ตะกั่วป่า_M3_U3,27,พรรคประชาธิปัตย์,8.0
KK10_หนองสองห้อง_ตะกั่วป่า_M3_U3,28,พรรคไทยก้าวหน้า,1.0
KK10_หนองสองห้อง_ตะกั่วป่า_M3_U3,29,พรรคไทยภักดี,3.0
KK10_หนองสองห้อง_ตะกั่วป่า_M3_U3,30,พรรคแรงงานสร้างชาติ,3.0
KK10_หนองสองห้อง_ตะกั่วป่า_M3_U3,31,พรรคประชากรไทย,4.0
KK10_หนองสองห้อง_ตะกั่วป่า_M3_U3,33,พรรคประชาชาติ,1.0
KK10_หนองสองห้อง_ตะกั่วป่า_M3_U3,35,พรรครักชาติ,3.0
KK10_หนองสองห้อง_ตะกั่วป่า_M3_U3,36,พรรคไทยพร้อม,2.0
KK10_หนองสองห้อง_ตะกั่วป่า_M3_U3,37,พรรคภูมิใจไทย,115.0
KK10_หนองสองห้อง_ตะกั่วป่า_M3_U3,38,พรรคพลังธรรมใหม่,2.0
KK10_หนองสองห้อง_ตะกั่วป่า_M3_U3,43,พรรคพลังประชารัฐ,1.0
KK10_หนองสองห้อง_ตะกั่วป่า_M3_U3,46,พรรคประชาชน,55.0
KK10_หนองสองห้อง_ตะกั่วป่า_M3_U3,47,พรรคประชาไทย,1.0
KK10_หนองสองห้อง_ตะกั่วป่า_M4_U4,1,พรรคไทยทรัพย์ทวี,4.0
KK10_หนองสองห้อง_ตะกั่วป่า_M4_U4,2,พรรคเพื่อชาติไทย,3.0
KK10_หนองสองห้อง_ตะกั่วป่า_M4_U4,3,พรรคใหม่,1.0
KK10_หนองสองห้อง_ตะกั่วป่า_M4_U4,5,พรรครวมใจไทย,4.0
KK10_หนองสองห้อง_ตะกั่วป่า_M4_U4,7,พรรคพลวัต,1.0
KK10_หนองสองห้อง_ตะกั่วป่า_M4_U4,9,พรรคเพื่อไทย,78.0
KK10_หนองสองห้อง_ตะกั่วป่า_M4_U4,10,พรรคทางเลือกใหม่,1.0
KK10_หนองสองห้อง_ตะกั่วป่า_M4_U4,12,พรรคเสรีรวมไทย,1.0
KK10_หนองสองห้อง_ตะกั่วป่า_M4_U4,20,พรรคฟิวชัน,1.0
KK10_หนองสองห้อง_ตะกั่วป่า_M4_U4,27,พรรคประชาธิปัตย์,1.0
KK10_หนองสองห้อง_ตะกั่วป่า_M4_U4,29,พรรคไทยภักดี,1.0
KK10_หนองสองห้อง_ตะกั่วป่า_M4_U4,37,พรรคภูมิใจไทย,14.0
KK10_หนองสองห้อง_ตะกั่วป่า_M4_U4,39,พรรคกรีน,1.0
KK10_หนองสองห้อง_ตะกั่วป่า_M4_U4,46,พรรคประชาชน,14.0
KK10_หนองสองห้อง_ตะกั่วป่า_M4_U4,48,พรรคไทยสร้างไทย,1.0
KK10_หนองสองห้อง_ตะกั่วป่า_M5_U5,1,พรรคไทยทรัพย์ทวี,9.0
KK10_หนองสองห้อง_ตะกั่วป่า_M5_U5,2,พรรคเพื่อชาติไทย,7.0
KK10_หนองสองห้อง_ตะกั่วป่า_M5_U5,3,พรรคใหม่,5.0
KK10_หนองสองห้อง_ตะกั่วป่า_M5_U5,5,พรรครวมใจไทย,16.0
KK10_หนองสองห้อง_ตะกั่วป่า_M5_U5,6,พรรครวมไทยสร้างชาติ,8.0
KK10_หนองสองห้อง_ตะกั่วป่า_M5_U5,7,พรรคพลวัต,1.0
KK10_หนองสองห้อง_ตะกั่วป่า_M5_U5,9,พรรคเพื่อไทย,148.0
KK10_หนองสองห้อง_ตะกั่วป่า_M5_U5,10,พรรคทางเลือกใหม่,2.0
KK10_หนองสองห้อง_ตะกั่วป่า_M5_U5,11,พรรคเศรษฐกิจ,28.0
KK10_หนองสองห้อง_ตะกั่วป่า_M5_U5,12,พรรคเสรีรวมไทย,5.0
KK10_หนองสองห้อง_ตะกั่วป่า_M5_U5,13,พรรครวมพลังประชาชน,4.0
KK10_หนองสองห้อง_ตะกั่วป่า_M5_U5,15,พรรคอนาคตไทย,1.0
KK10_หนองสองห้อง_ตะกั่วป่า_M5_U5,16,พรรคพลังเพื่อไทย,1.0
KK10_หนองสองห้อง_ตะกั่วป่า_M5_U5,25,พรรคเพื่อชีวิตใหม่,1.0
KK10_หนองสองห้อง_ตะกั่วป่า_M5_U5,27,พรรคประชาธิปัตย์,4.0
KK10_หนองสองห้อง_ตะกั่วป่า_M5_U5,28,พรรคไทยก้าวหน้า,1.0
KK10_หนองสองห้อง_ตะกั่วป่า_M5_U5,29,พรรคไทยภักดี,2.0
KK10_หนองสองห้อง_ตะกั่วป่า_M5_U5,30,พรรคแรงงานสร้างชาติ,1.0
KK10_หนองสองห้อง_ตะกั่วป่า_M5_U5,31,พรรคประชากรไทย,2.0
KK10_หนองสองห้อง_ตะกั่วป่า_M5_U5,35,พรรครักชาติ,1.0
KK10_หนองสองห้อง_ตะกั่วป่า_M5_U5,36,พรรคไทยพร้อม,3.0
KK10_หนองสองห้อง_ตะกั่วป่า_M5_U5,37,พรรคภูมิใจไทย,117.0
KK10_หนองสองห้อง_ตะกั่วป่า_M5_U5,38,พรรคพลังธรรมใหม่,3.0
KK10_หนองสองห้อง_ตะกั่วป่า_M5_U5,39,พรรคกรีน,1.0
KK10_หนองสองห้อง_ตะกั่วป่า_M5_U5,45,พรรคเป็นธรรม,1.0
KK10_หนองสองห้อง_ตะกั่วป่า_M5_U5,46,พรรคประชาชน,96.0
KK10_หนองสองห้อง_ตะกั่วป่า_M5_U5,48,พรรคไทยสร้างไทย,6.0
KK10_หนองสองห้อง_ตะกั่วป่า_M5_U5,49,พรรคไทยก้าวใหม่,1.0
KK10_หนองสองห้อง_ตะกั่วป่า_M6_U6,1,พรรคไทยทรัพย์ทวี,15.0
KK10_หนองสองห้อง_ตะกั่วป่า_M6_U6,2,พรรคเพื่อชาติไทย,3.0
KK10_หนองสองห้อง_ตะกั่วป่า_M6_U6,3,พรรคใหม่,1.0
KK10_หนองสองห้อง_ตะกั่วป่า_M6_U6,4,พรรคมิติใหม่,1.0
KK10_หนองสองห้อง_ตะกั่วป่า_M6_U6,5,พรรครวมใจไทย,8.0
KK10_หนองสองห้อง_ตะกั่วป่า_M6_U6,6,พรรครวมไทยสร้างชาติ,2.0
KK10_หนองสองห้อง_ตะกั่วป่า_M6_U6,8,พรรคประชาธิปไตยใหม่,1.0
KK10_หนองสองห้อง_ตะกั่วป่า_M6_U6,9,พรรคเพื่อไทย,113.0
KK10_หนองสองห้อง_ตะกั่วป่า_M6_U6,10,พรรคทางเลือกใหม่,2.0
KK10_หนองสองห้อง_ตะกั่วป่า_M6_U6,11,พรรคเศรษฐกิจ,8.0
KK10_หนองสองห้อง_ตะกั่วป่า_M6_U6,13,พรรครวมพลังประชาชน,1.0
KK10_หนองสองห้อง_ตะกั่วป่า_M6_U6,16,พรรคพลังเพื่อไทย,2.0
KK10_หนองสองห้อง_ตะกั่วป่า_M6_U6,23,พรรคปวงชนไทย,1.0
KK10_หนองสองห้อง_ตะกั่วป่า_M6_U6,27,พรรคประชาธิปัตย์,5.0
KK10_หนองสองห้อง_ตะกั่วป่า_M6_U6,29,พรรคไทยภักดี,1.0
KK10_หนองสองห้อง_ตะกั่วป่า_M6_U6,30,พรรคแรงงานสร้างชาติ,2.0
KK10_หนองสองห้อง_ตะกั่วป่า_M6_U6,31,พรรคประชากรไทย,1.0
KK10_หนองสองห้อง_ตะกั่วป่า_M6_U6,33,พรรคประชาชาติ,1.0
KK10_หนองสองห้อง_ตะกั่วป่า_M6_U6,37,พรรคภูมิใจไทย,63.0
KK10_หนองสองห้อง_ตะกั่วป่า_M6_U6,38,พรรคพลังธรรมใหม่,3.0
KK10_หนองสองห้อง_ตะกั่วป่า_M6_U6,46,พรรคประชาชน,44.0
KK10_หนองสองห้อง_ตะกั่วป่า_M7_U7,1,พรรคไทยทรัพย์ทวี,6.0
KK10_หนองสองห้อง_ตะกั่วป่า_M7_U7,2,พรรคเพื่อชาติไทย,5.0
KK10_หนองสองห้อง_ตะกั่วป่า_M7_U7,3,พรรคใหม่,1.0
KK10_หนองสองห้อง_ตะกั่วป่า_M7_U7,5,พรรครวมใจไทย,6.0
KK10_หนองสองห้อง_ตะกั่วป่า_M7_U7,6,พรรครวมไทยสร้างชาติ,2.0
KK10_หนองสองห้อง_ตะกั่วป่า_M7_U7,9,พรรคเพื่อไทย,100.0
KK10_หนองสองห้อง_ตะกั่วป่า_M7_U7,10,พรรคทางเลือกใหม่,1.0
KK10_หนองสองห้อง_ตะกั่วป่า_M7_U7,11,พรรคเศรษฐกิจ,12.0
KK10_หนองสองห้อง_ตะกั่วป่า_M7_U7,12,พรรคเสรีรวมไทย,3.0
KK10_หนองสองห้อง_ตะกั่วป่า_M7_U7,13,พรรครวมพลังประชาชน,1.0
KK10_หนองสองห้อง_ตะกั่วป่า_M7_U7,16,พรรคพลังเพื่อไทย,1.0
KK10_หนองสองห้อง_ตะกั่วป่า_M7_U7,17,พรรคไทยชนะ,1.0
KK10_หนองสองห้อง_ตะกั่วป่า_M7_U7,27,พรรคประชาธิปัตย์,3.0
KK10_หนองสองห้อง_ตะกั่วป่า_M7_U7,29,พรรคไทยภักดี,1.0
KK10_หนองสองห้อง_ตะกั่วป่า_M7_U7,31,พรรคประชากรไทย,2.0
KK10_หนองสองห้อง_ตะกั่วป่า_M7_U7,32,พรรคครูไทยเพื่อประชาชน,1.0
KK10_หนองสองห้อง_ตะกั่วป่า_M7_U7,34,พรรคสร้างอนาคตไทย,1.0
KK10_หนองสองห้อง_ตะกั่วป่า_M7_U7,37,พรรคภูมิใจไทย,66.0
KK10_หนองสองห้อง_ตะกั่วป่า_M7_U7,44,พรรคโอกาสใหม่,1.0
KK10_หนองสองห้อง_ตะกั่วป่า_M7_U7,46,พรรคประชาชน,29.0
KK10_หนองสองห้อง_ตะกั่วป่า_M7_U7,49,พรรคไทยก้าวใหม่,2.0
KK10_หนองสองห้อง_ตะกั่วป่า_M8_U8,1,พรรคไทยทรัพย์ทวี,15.0
KK10_หนองสองห้อง_ตะกั่วป่า_M8_U8,2,พรรคเพื่อชาติไทย,7.0
KK10_หนองสองห้อง_ตะกั่วป่า_M8_U8,3,พรรคใหม่,5.0
KK10_หนองสองห้อง_ตะกั่วป่า_M8_U8,5,พรรครวมใจไทย,12.0
KK10_หนองสองห้อง_ตะกั่วป่า_M8_U8,6,พรรครวมไทยสร้างชาติ,2.0
KK10_หนองสองห้อง_ตะกั่วป่า_M8_U8,9,พรรคเพื่อไทย,143.0
KK10_หนองสองห้อง_ตะกั่วป่า_M8_U8,11,พรรคเศรษฐกิจ,6.0
KK10_หนองสองห้อง_ตะกั่วป่า_M8_U8,13,พรรครวมพลังประชาชน,1.0
KK10_หนองสองห้อง_ตะกั่วป่า_M8_U8,14,พรรคท้องที่ไทย,2.0
KK10_หนองสองห้อง_ตะกั่วป่า_M8_U8,17,พรรคไทยชนะ,2.0
KK10_หนองสองห้อง_ตะกั่วป่า_M8_U8,23,พรรคปวงชนไทย,1.0
KK10_หนองสองห้อง_ตะกั่วป่า_M8_U8,27,พรรคประชาธิปัตย์,4.0
KK10_หนองสองห้อง_ตะกั่วป่า_M8_U8,29,พรรคไทยภักดี,2.0
KK10_หนองสองห้อง_ตะกั่วป่า_M8_U8,30,พรรคแรงงานสร้างชาติ,2.0
KK10_หนองสองห้อง_ตะกั่วป่า_M8_U8,31,พรรคประชากรไทย,1.0
KK10_หนองสองห้อง_ตะกั่วป่า_M8_U8,32,พรรคครูไทยเพื่อประชาชน,2.0
KK10_หนองสองห้อง_ตะกั่วป่า_M8_U8,34,พรรคสร้างอนาคตไทย,2.0
KK10_หนองสองห้อง_ตะกั่วป่า_M8_U8,36,พรรคไทยพร้อม,1.0
KK10_หนองสองห้อง_ตะกั่วป่า_M8_U8,37,พรรคภูมิใจไทย,84.0
KK10_หนองสองห้อง_ตะกั่วป่า_M8_U8,38,พรรคพลังธรรมใหม่,4.0
KK10_หนองสองห้อง_ตะกั่วป่า_M8_U8,39,พรรคกรีน,1.0
KK10_หนองสองห้อง_ตะกั่วป่า_M8_U8,45,พรรคเป็นธรรม,1.0
KK10_หนองสองห้อง_ตะกั่วป่า_M8_U8,46,พรรคประชาชน,58.0
KK10_หนองสองห้อง_ตะกั่วป่า_M8_U8,48,พรรคไทยสร้างไทย,3.0
KK10_หนองสองห้อง_ตะกั่วป่า_M9_U9,1,พรรคไทยทรัพย์ทวี,4.0
KK10_หนองสองห้อง_ตะกั่วป่า_M9_U9,2,พรรคเพื่อชาติไทย,3.0
KK10_หนองสองห้อง_ตะกั่วป่า_M9_U9,3,พรรคใหม่,2.0
KK10_หนองสองห้อง_ตะกั่วป่า_M9_U9,4,พรรคมิติใหม่,1.0
KK10_หนองสองห้อง_ตะกั่วป่า_M9_U9,5,พรรครวมใจไทย,8.0
KK10_หนองสองห้อง_ตะกั่วป่า_M9_U9,6,พรรครวมไทยสร้างชาติ,1.0
KK10_หนองสองห้อง_ตะกั่วป่า_M9_U9,9,พรรคเพื่อไทย,57.0
KK10_หนองสองห้อง_ตะกั่วป่า_M9_U9,11,พรรคเศรษฐกิจ,10.0
KK10_หนองสองห้อง_ตะกั่วป่า_M9_U9,13,พรรครวมพลังประชาชน,1.0
KK10_หนองสองห้อง_ตะกั่วป่า_M9_U9,16,พรรคพลังเพื่อไทย,1.0
KK10_หนองสองห้อง_ตะกั่วป่า_M9_U9,17,พรรคไทยชนะ,1.0
KK10_หนองสองห้อง_ตะกั่วป่า_M9_U9,30,พรรคแรงงานสร้างชาติ,2.0
KK10_หนองสองห้อง_ตะกั่วป่า_M9_U9,34,พรรคสร้างอนาคตไทย,1.0
KK10_หนองสองห้อง_ตะกั่วป่า_M9_U9,37,พรรคภูมิใจไทย,14.0
KK10_หนองสองห้อง_ตะกั่วป่า_M9_U9,40,พรรคไทยธรรม,1.0
KK10_หนองสองห้อง_ตะกั่วป่า_M9_U9,45,พรรคเป็นธรรม,1.0
KK10_หนองสองห้อง_ตะกั่วป่า_M9_U9,46,พรรคประชาชน,26.0
KK10_หนองสองห้อง_ตะกั่วป่า_M9_U9,55,พรรคไทยรวมไทย,1.0
KK10_หนองสองห้อง_วังหิน_M1_U1,1,พรรคไทยทรัพย์ทวี,9.0
KK10_หนองสองห้อง_วังหิน_M1_U1,2,พรรคเพื่อชาติไทย,8.0
KK10_หนองสองห้อง_วังหิน_M1_U1,3,พรรคใหม่,1.0
KK10_หนองสองห้อง_วังหิน_M1_U1,5,พรรครวมใจไทย,14.0
KK10_หนองสองห้อง_วังหิน_M1_U1,6,พรรครวมไทยสร้างชาติ,5.0
KK10_หนองสองห้อง_วังหิน_M1_U1,8,พรรคประชาธิปไตยใหม่,2.0
KK10_หนองสองห้อง_วังหิน_M1_U1,9,พรรคเพื่อไทย,105.0
KK10_หนองสองห้อง_วังหิน_M1_U1,11,พรรคเศรษฐกิจ,5.0
KK10_หนองสองห้อง_วังหิน_M1_U1,12,พรรคเสรีรวมไทย,1.0
KK10_หนองสองห้อง_วังหิน_M1_U1,13,พรรครวมพลังประชาชน,1.0
KK10_หนองสองห้อง_วังหิน_M1_U1,19,พรรคสังคมประชาธิปไตยไทย,1.0
KK10_หนองสองห้อง_วังหิน_M1_U1,25,พรรคเพื่อชีวิตใหม่,1.0
KK10_หนองสองห้อง_วังหิน_M1_U1,27,พรรคประชาธิปัตย์,3.0
KK10_หนองสองห้อง_วังหิน_M1_U1,30,พรรคแรงงานสร้างชาติ,3.0
KK10_หนองสองห้อง_วังหิน_M1_U1,31,พรรคประชากรไทย,1.0
KK10_หนองสองห้อง_วังหิน_M1_U1,32,พรรคครูไทยเพื่อประชาชน,1.0
KK10_หนองสองห้อง_วังหิน_M1_U1,35,พรรครักชาติ,2.0
KK10_หนองสองห้อง_วังหิน_M1_U1,37,พรรคภูมิใจไทย,62.0
KK10_หนองสองห้อง_วังหิน_M1_U1,38,พรรคพลังธรรมใหม่,2.0
KK10_หนองสองห้อง_วังหิน_M1_U1,40,พรรคไทยธรรม,1.0
KK10_หนองสองห้อง_วังหิน_M1_U1,46,พรรคประชาชน,35.0
KK10_หนองสองห้อง_วังหิน_M1_U1,48,พรรคไทยสร้างไทย,4.0
KK10_หนองสองห้อง_วังหิน_M1_U1,56,พรรคเพื่อชาติ,2.0
KK10_หนองสองห้อง_วังหิน_M2_U2,1,พรรคไทยทรัพย์ทวี,12.0
KK10_หนองสองห้อง_วังหิน_M2_U2,2,พรรคเพื่อชาติไทย,12.0
KK10_หนองสองห้อง_วังหิน_M2_U2,3,พรรคใหม่,1.0
KK10_หนองสองห้อง_วังหิน_M2_U2,5,พรรครวมใจไทย,20.0
KK10_หนองสองห้อง_วังหิน_M2_U2,6,พรรครวมไทยสร้างชาติ,1.0
KK10_หนองสองห้อง_วังหิน_M2_U2,7,พรรคพลวัต,1.0
KK10_หนองสองห้อง_วังหิน_M2_U2,8,พรรคประชาธิปไตยใหม่,1.0
KK10_หนองสองห้อง_วังหิน_M2_U2,9,พรรคเพื่อไทย,136.0
KK10_หนองสองห้อง_วังหิน_M2_U2,11,พรรคเศรษฐกิจ,8.0
KK10_หนองสองห้อง_วังหิน_M2_U2,12,พรรคเสรีรวมไทย,1.0
KK10_หนองสองห้อง_วังหิน_M2_U2,13,พรรครวมพลังประชาชน,2.0
KK10_หนองสองห้อง_วังหิน_M2_U2,26,พรรคคลองไทย,1.0
KK10_หนองสองห้อง_วังหิน_M2_U2,27,พรรคประชาธิปัตย์,3.0
KK10_หนองสองห้อง_วังหิน_M2_U2,31,พรรคประชากรไทย,2.0
KK10_หนองสองห้อง_วังหิน_M2_U2,32,พรรคครูไทยเพื่อประชาชน,1.0
KK10_หนองสองห้อง_วังหิน_M2_U2,35,พรรครักชาติ,1.0
KK10_หนองสองห้อง_วังหิน_M2_U2,36,พรรคไทยพร้อม,5.0
KK10_หนองสองห้อง_วังหิน_M2_U2,37,พรรคภูมิใจไทย,70.0
KK10_หนองสองห้อง_วังหิน_M2_U2,38,พรรคพลังธรรมใหม่,3.0
KK10_หนองสองห้อง_วังหิน_M2_U2,42,พรรคกล้าธรรม,1.0
KK10_หนองสองห้อง_วังหิน_M2_U2,46,พรรคประชาชน,56.0
KK10_หนองสองห้อง_วังหิน_M2_U2,48,พรรคไทยสร้างไทย,1.0
KK10_หนองสองห้อง_วังหิน_M3_U3,1,พรรคไทยทรัพย์ทวี,12.0
KK10_หนองสองห้อง_วังหิน_M3_U3,2,พรรคเพื่อชาติไทย,10.0
KK10_หนองสองห้อง_วังหิน_M3_U3,3,พรรคใหม่,1.0
KK10_หนองสองห้อง_วังหิน_M3_U3,5,พรรครวมใจไทย,17.0
KK10_หนองสองห้อง_วังหิน_M3_U3,6,พรรครวมไทยสร้างชาติ,1.0
KK10_หนองสองห้อง_วังหิน_M3_U3,7,พรรคพลวัต,1.0
KK10_หนองสองห้อง_วังหิน_M3_U3,8,พรรคประชาธิปไตยใหม่,2.0
KK10_หนองสองห้อง_วังหิน_M3_U3,9,พรรคเพื่อไทย,224.0
KK10_หนองสองห้อง_วังหิน_M3_U3,11,พรรคเศรษฐกิจ,4.0
KK10_หนองสองห้อง_วังหิน_M3_U3,16,พรรคพลังเพื่อไทย,2.0
KK10_หนองสองห้อง_วังหิน_M3_U3,25,พรรคเพื่อชีวิตใหม่,1.0
KK10_หนองสองห้อง_วังหิน_M3_U3,27,พรรคประชาธิปัตย์,1.0
KK10_หนองสองห้อง_วังหิน_M3_U3,28,พรรคไทยก้าวหน้า,1.0
KK10_หนองสองห้อง_วังหิน_M3_U3,29,พรรคไทยภักดี,2.0
KK10_หนองสองห้อง_วังหิน_M3_U3,30,พรรคแรงงานสร้างชาติ,2.0
KK10_หนองสองห้อง_วังหิน_M3_U3,32,พรรคครูไทยเพื่อประชาชน,1.0
KK10_หนองสองห้อง_วังหิน_M3_U3,34,พรรคสร้างอนาคตไทย,1.0
KK10_หนองสองห้อง_วังหิน_M3_U3,37,พรรคภูมิใจไทย,75.0
KK10_หนองสองห้อง_วังหิน_M3_U3,38,พรรคพลังธรรมใหม่,2.0
KK10_หนองสองห้อง_วังหิน_M3_U3,46,พรรคประชาชน,38.0
KK10_หนองสองห้อง_วังหิน_M3_U3,47,พรรคประชาไทย,1.0
KK10_หนองสองห้อง_วังหิน_M3_U3,48,พรรคไทยสร้างไทย,2.0
KK10_หนองสองห้อง_วังหิน_M3_U3,55,พรรคไทยรวมไทย,1.0
KK10_หนองสองห้อง_วังหิน_M4_U4,1,พรรคไทยทรัพย์ทวี,11.0
KK10_หนองสองห้อง_วังหิน_M4_U4,2,พรรคเพื่อชาติไทย,4.0
KK10_หนองสองห้อง_วังหิน_M4_U4,3,พรรคใหม่,1.0
KK10_หนองสองห้อง_วังหิน_M4_U4,5,พรรครวมใจไทย,11.0
KK10_หนองสองห้อง_วังหิน_M4_U4,6,พรรครวมไทยสร้างชาติ,3.0
KK10_หนองสองห้อง_วังหิน_M4_U4,8,พรรคประชาธิปไตยใหม่,1.0
KK10_หนองสองห้อง_วังหิน_M4_U4,9,พรรคเพื่อไทย,123.0
KK10_หนองสองห้อง_วังหิน_M4_U4,10,พรรคทางเลือกใหม่,1.0
KK10_หนองสองห้อง_วังหิน_M4_U4,11,พรรคเศรษฐกิจ,10.0
KK10_หนองสองห้อง_วังหิน_M4_U4,12,พรรคเสรีรวมไทย,1.0
KK10_หนองสองห้อง_วังหิน_M4_U4,15,พรรคอนาคตไทย,1.0
KK10_หนองสองห้อง_วังหิน_M4_U4,16,พรรคพลังเพื่อไทย,2.0
KK10_หนองสองห้อง_วังหิน_M4_U4,17,พรรคไทยชนะ,1.0
KK10_หนองสองห้อง_วังหิน_M4_U4,30,พรรคแรงงานสร้างชาติ,1.0
KK10_หนองสองห้อง_วังหิน_M4_U4,34,พรรคสร้างอนาคตไทย,2.0
KK10_หนองสองห้อง_วังหิน_M4_U4,36,พรรคไทยพร้อม,2.0
KK10_หนองสองห้อง_วังหิน_M4_U4,37,พรรคภูมิใจไทย,21.0
KK10_หนองสองห้อง_วังหิน_M4_U4,38,พรรคพลังธรรมใหม่,3.0
KK10_หนองสองห้อง_วังหิน_M4_U4,42,พรรคกล้าธรรม,1.0
KK10_หนองสองห้อง_วังหิน_M4_U4,46,พรรคประชาชน,26.0
KK10_หนองสองห้อง_วังหิน_M5_U5,1,พรรคไทยทรัพย์ทวี,10.0
KK10_หนองสองห้อง_วังหิน_M5_U5,2,พรรคเพื่อชาติไทย,11.0
KK10_หนองสองห้อง_วังหิน_M5_U5,4,พรรคมิติใหม่,1.0
KK10_หนองสองห้อง_วังหิน_M5_U5,5,พรรครวมใจไทย,10.0
KK10_หนองสองห้อง_วังหิน_M5_U5,6,พรรครวมไทยสร้างชาติ,2.0
KK10_หนองสองห้อง_วังหิน_M5_U5,7,พรรคพลวัต,2.0
KK10_หนองสองห้อง_วังหิน_M5_U5,8,พรรคประชาธิปไตยใหม่,3.0
KK10_หนองสองห้อง_วังหิน_M5_U5,9,พรรคเพื่อไทย,105.0
KK10_หนองสองห้อง_วังหิน_M5_U5,10,พรรคทางเลือกใหม่,1.0
KK10_หนองสองห้อง_วังหิน_M5_U5,11,พรรคเศรษฐกิจ,6.0
KK10_หนองสองห้อง_วังหิน_M5_U5,12,พรรคเสรีรวมไทย,1.0
KK10_หนองสองห้อง_วังหิน_M5_U5,13,พรรครวมพลังประชาชน,1.0
KK10_หนองสองห้อง_วังหิน_M5_U5,27,พรรคประชาธิปัตย์,4.0
KK10_หนองสองห้อง_วังหิน_M5_U5,28,พรรคไทยก้าวหน้า,2.0
KK10_หนองสองห้อง_วังหิน_M5_U5,30,พรรคแรงงานสร้างชาติ,2.0
KK10_หนองสองห้อง_วังหิน_M5_U5,33,พรรคประชาชาติ,1.0
KK10_หนองสองห้อง_วังหิน_M5_U5,34,พรรคสร้างอนาคตไทย,1.0
KK10_หนองสองห้อง_วังหิน_M5_U5,37,พรรคภูมิใจไทย,47.0
KK10_หนองสองห้อง_วังหิน_M5_U5,38,พรรคพลังธรรมใหม่,2.0
KK10_หนองสองห้อง_วังหิน_M5_U5,42,พรรคกล้าธรรม,1.0
KK10_หนองสองห้อง_วังหิน_M5_U5,46,พรรคประชาชน,44.0
KK10_หนองสองห้อง_วังหิน_M5_U5,48,พรรคไทยสร้างไทย,2.0
KK10_หนองสองห้อง_วังหิน_M5_U5,51,พรรคพร้อม,1.0
KK10_หนองสองห้อง_วังหิน_M5_U5,53,พรรคไทยพิทักษ์ธรรม,1.0
KK10_หนองสองห้อง_วังหิน_M6_U6,1,พรรคไทยทรัพย์ทวี,12.0
KK10_หนองสองห้อง_วังหิน_M6_U6,2,พรรคเพื่อชาติไทย,8.0
KK10_หนองสองห้อง_วังหิน_M6_U6,3,พรรคใหม่,2.0
KK10_หนองสองห้อง_วังหิน_M6_U6,4,พรรคมิติใหม่,2.0
KK10_หนองสองห้อง_วังหิน_M6_U6,5,พรรครวมใจไทย,12.0
KK10_หนองสองห้อง_วังหิน_M6_U6,6,พรรครวมไทยสร้างชาติ,5.0
KK10_หนองสองห้อง_วังหิน_M6_U6,9,พรรคเพื่อไทย,217.0
KK10_หนองสองห้อง_วังหิน_M6_U6,10,พรรคทางเลือกใหม่,1.0
KK10_หนองสองห้อง_วังหิน_M6_U6,11,พรรคเศรษฐกิจ,15.0
KK10_หนองสองห้อง_วังหิน_M6_U6,12,พรรคเสรีรวมไทย,1.0
KK10_หนองสองห้อง_วังหิน_M6_U6,13,พรรครวมพลังประชาชน,2.0
KK10_หนองสองห้อง_วังหิน_M6_U6,14,พรรคท้องที่ไทย,1.0
KK10_หนองสองห้อง_วังหิน_M6_U6,27,พรรคประชาธิปัตย์,6.0
KK10_หนองสองห้อง_วังหิน_M6_U6,30,พรรคแรงงานสร้างชาติ,2.0
KK10_หนองสองห้อง_วังหิน_M6_U6,31,พรรคประชากรไทย,1.0
KK10_หนองสองห้อง_วังหิน_M6_U6,32,พรรคครูไทยเพื่อประชาชน,1.0
KK10_หนองสองห้อง_วังหิน_M6_U6,35,พรรครักชาติ,1.0
KK10_หนองสองห้อง_วังหิน_M6_U6,37,พรรคภูมิใจไทย,50.0
KK10_หนองสองห้อง_วังหิน_M6_U6,38,พรรคพลังธรรมใหม่,11.0
KK10_หนองสองห้อง_วังหิน_M6_U6,39,พรรคกรีน,1.0
KK10_หนองสองห้อง_วังหิน_M6_U6,42,พรรคกล้าธรรม,1.0
KK10_หนองสองห้อง_วังหิน_M6_U6,43,พรรคพลังประชารัฐ,1.0
KK10_หนองสองห้อง_วังหิน_M6_U6,46,พรรคประชาชน,64.0
KK10_หนองสองห้อง_วังหิน_M6_U6,47,พรรคประชาไทย,1.0
KK10_หนองสองห้อง_วังหิน_M6_U6,48,พรรคไทยสร้างไทย,1.0
KK10_หนองสองห้อง_วังหิน_M6_U6,49,พรรคไทยก้าวใหม่,1.0
KK10_หนองสองห้อง_วังหิน_M6_U6,51,พรรคพร้อม,1.0
KK10_หนองสองห้อง_วังหิน_M6_U6,56,พรรคเพื่อชาติ,1.0
KK10_หนองสองห้อง_วังหิน_M6_U6,57,พรรคพลังไทยรักชาติ,2.0
KK10_หนองสองห้อง_วังหิน_M7_U7,1,พรรคไทยทรัพย์ทวี,12.0
KK10_หนองสองห้อง_วังหิน_M7_U7,2,พรรคเพื่อชาติไทย,4.0
KK10_หนองสองห้อง_วังหิน_M7_U7,5,พรรครวมใจไทย,11.0
KK10_หนองสองห้อง_วังหิน_M7_U7,6,พรรครวมไทยสร้างชาติ,3.0
KK10_หนองสองห้อง_วังหิน_M7_U7,8,พรรคประชาธิปไตยใหม่,1.0
KK10_หนองสองห้อง_วังหิน_M7_U7,9,พรรคเพื่อไทย,73.0
KK10_หนองสองห้อง_วังหิน_M7_U7,10,พรรคทางเลือกใหม่,4.0
KK10_หนองสองห้อง_วังหิน_M7_U7,11,พรรคเศรษฐกิจ,13.0
KK10_หนองสองห้อง_วังหิน_M7_U7,12,พรรคเสรีรวมไทย,2.0
KK10_หนองสองห้อง_วังหิน_M7_U7,13,พรรครวมพลังประชาชน,1.0
KK10_หนองสองห้อง_วังหิน_M7_U7,27,พรรคประชาธิปัตย์,9.0
KK10_หนองสองห้อง_วังหิน_M7_U7,28,พรรคไทยก้าวหน้า,1.0
KK10_หนองสองห้อง_วังหิน_M7_U7,32,พรรคครูไทยเพื่อประชาชน,1.0
KK10_หนองสองห้อง_วังหิน_M7_U7,34,พรรคสร้างอนาคตไทย,2.0
KK10_หนองสองห้อง_วังหิน_M7_U7,35,พรรครักชาติ,2.0
KK10_หนองสองห้อง_วังหิน_M7_U7,36,พรรคไทยพร้อม,1.0
KK10_หนองสองห้อง_วังหิน_M7_U7,37,พรรคภูมิใจไทย,94.0
KK10_หนองสองห้อง_วังหิน_M7_U7,42,พรรคกล้าธรรม,1.0
KK10_หนองสองห้อง_วังหิน_M7_U7,43,พรรคพลังประชารัฐ,1.0
KK10_หนองสองห้อง_วังหิน_M7_U7,46,พรรคประชาชน,56.0
KK10_หนองสองห้อง_วังหิน_M7_U7,48,พรรคไทยสร้างไทย,3.0
KK10_หนองสองห้อง_วังหิน_M7_U7,49,พรรคไทยก้าวใหม่,1.0
KK10_หนองสองห้อง_วังหิน_M9_U8,1,พรรคไทยทรัพย์ทวี,7.0
KK10_หนองสองห้อง_วังหิน_M9_U8,2,พรรคเพื่อชาติไทย,1.0
KK10_หนองสองห้อง_วังหิน_M9_U8,3,พรรคใหม่,1.0
KK10_หนองสองห้อง_วังหิน_M9_U8,4,พรรคมิติใหม่,1.0
KK10_หนองสองห้อง_วังหิน_M9_U8,5,พรรครวมใจไทย,1.0
KK10_หนองสองห้อง_วังหิน_M9_U8,9,พรรคเพื่อไทย,30.0
KK10_หนองสองห้อง_วังหิน_M9_U8,10,พรรคทางเลือกใหม่,1.0
KK10_หนองสองห้อง_วังหิน_M9_U8,11,พรรคเศรษฐกิจ,2.0
KK10_หนองสองห้อง_วังหิน_M9_U8,14,พรรคท้องที่ไทย,1.0
KK10_หนองสองห้อง_วังหิน_M9_U8,15,พรรคอนาคตไทย,2.0
KK10_หนองสองห้อง_วังหิน_M9_U8,30,พรรคแรงงานสร้างชาติ,1.0
KK10_หนองสองห้อง_วังหิน_M9_U8,35,พรรครักชาติ,1.0
KK10_หนองสองห้อง_วังหิน_M9_U8,37,พรรคภูมิใจไทย,19.0
KK10_หนองสองห้อง_วังหิน_M9_U8,38,พรรคพลังธรรมใหม่,3.0
KK10_หนองสองห้อง_วังหิน_M9_U8,46,พรรคประชาชน,91.0
KK10_หนองสองห้อง_สำโรง_M1_U1,1,พรรคไทยทรัพย์ทวี,10.0
KK10_หนองสองห้อง_สำโรง_M1_U1,2,พรรคเพื่อชาติไทย,6.0
KK10_หนองสองห้อง_สำโรง_M1_U1,4,พรรคมิติใหม่,1.0
KK10_หนองสองห้อง_สำโรง_M1_U1,5,พรรครวมใจไทย,14.0
KK10_หนองสองห้อง_สำโรง_M1_U1,6,พรรครวมไทยสร้างชาติ,5.0
KK10_หนองสองห้อง_สำโรง_M1_U1,7,พรรคพลวัต,1.0
KK10_หนองสองห้อง_สำโรง_M1_U1,8,พรรคประชาธิปไตยใหม่,3.0
KK10_หนองสองห้อง_สำโรง_M1_U1,9,พรรคเพื่อไทย,157.0
KK10_หนองสองห้อง_สำโรง_M1_U1,10,พรรคทางเลือกใหม่,1.0
KK10_หนองสองห้อง_สำโรง_M1_U1,11,พรรคเศรษฐกิจ,4.0
KK10_หนองสองห้อง_สำโรง_M1_U1,12,พรรคเสรีรวมไทย,2.0
KK10_หนองสองห้อง_สำโรง_M1_U1,14,พรรคท้องที่ไทย,2.0
KK10_หนองสองห้อง_สำโรง_M1_U1,16,พรรคพลังเพื่อไทย,2.0
KK10_หนองสองห้อง_สำโรง_M1_U1,25,พรรคเพื่อชีวิตใหม่,1.0
KK10_หนองสองห้อง_สำโรง_M1_U1,27,พรรคประชาธิปัตย์,8.0
KK10_หนองสองห้อง_สำโรง_M1_U1,30,พรรคแรงงานสร้างชาติ,4.0
KK10_หนองสองห้อง_สำโรง_M1_U1,31,พรรคประชากรไทย,1.0
KK10_หนองสองห้อง_สำโรง_M1_U1,35,พรรครักชาติ,1.0
KK10_หนองสองห้อง_สำโรง_M1_U1,37,พรรคภูมิใจไทย,69.0
KK10_หนองสองห้อง_สำโรง_M1_U1,38,พรรคพลังธรรมใหม่,2.0
KK10_หนองสองห้อง_สำโรง_M1_U1,45,พรรคเป็นธรรม,1.0
KK10_หนองสองห้อง_สำโรง_M1_U1,46,พรรคประชาชน,53.0
KK10_หนองสองห้อง_สำโรง_M1_U1,47,พรรคประชาไทย,1.0
KK10_หนองสองห้อง_สำโรง_M1_U1,57,พรรคพลังไทยรักชาติ,2.0
KK10_หนองสองห้อง_สำโรง_M2_U2,1,พรรคไทยทรัพย์ทวี,9.0
KK10_หนองสองห้อง_สำโรง_M2_U2,2,พรรคเพื่อชาติไทย,10.0
KK10_หนองสองห้อง_สำโรง_M2_U2,3,พรรคใหม่,1.0
KK10_หนองสองห้อง_สำโรง_M2_U2,4,พรรคมิติใหม่,1.0
KK10_หนองสองห้อง_สำโรง_M2_U2,5,พรรครวมใจไทย,11.0
KK10_หนองสองห้อง_สำโรง_M2_U2,6,พรรครวมไทยสร้างชาติ,5.0
KK10_หนองสองห้อง_สำโรง_M2_U2,8,พรรคประชาธิปไตยใหม่,3.0
KK10_หนองสองห้อง_สำโรง_M2_U2,9,พรรคเพื่อไทย,110.0
KK10_หนองสองห้อง_สำโรง_M2_U2,10,พรรคทางเลือกใหม่,1.0
KK10_หนองสองห้อง_สำโรง_M2_U2,11,พรรคเศรษฐกิจ,9.0
KK10_หนองสองห้อง_สำโรง_M2_U2,12,พรรคเสรีรวมไทย,2.0
KK10_หนองสองห้อง_สำโรง_M2_U2,15,พรรคอนาคตไทย,1.0
KK10_หนองสองห้อง_สำโรง_M2_U2,20,พรรคฟิวชัน,1.0
KK10_หนองสองห้อง_สำโรง_M2_U2,25,พรรคเพื่อชีวิตใหม่,1.0
KK10_หนองสองห้อง_สำโรง_M2_U2,27,พรรคประชาธิปัตย์,2.0
KK10_หนองสองห้อง_สำโรง_M2_U2,29,พรรคไทยภักดี,1.0
KK10_หนองสองห้อง_สำโรง_M2_U2,30,พรรคแรงงานสร้างชาติ,1.0
KK10_หนองสองห้อง_สำโรง_M2_U2,31,พรรคประชากรไทย,1.0
KK10_หนองสองห้อง_สำโรง_M2_U2,32,พรรคครูไทยเพื่อประชาชน,5.0
KK10_หนองสองห้อง_สำโรง_M2_U2,33,พรรคประชาชาติ,1.0
KK10_หนองสองห้อง_สำโรง_M2_U2,35,พรรครักชาติ,1.0
KK10_หนองสองห้อง_สำโรง_M2_U2,37,พรรคภูมิใจไทย,64.0
KK10_หนองสองห้อง_สำโรง_M2_U2,43,พรรคพลังประชารัฐ,2.0
KK10_หนองสองห้อง_สำโรง_M2_U2,45,พรรคเป็นธรรม,1.0
KK10_หนองสองห้อง_สำโรง_M2_U2,46,พรรคประชาชน,39.0
KK10_หนองสองห้อง_สำโรง_M2_U2,49,พรรคไทยก้าวใหม่,1.0
KK10_หนองสองห้อง_สำโรง_M2_U2,57,พรรคพลังไทยรักชาติ,1.0
KK10_หนองสองห้อง_สำโรง_M3_U3,1,พรรคไทยทรัพย์ทวี,12.0
KK10_หนองสองห้อง_สำโรง_M3_U3,2,พรรคเพื่อชาติไทย,4.0
KK10_หนองสองห้อง_สำโรง_M3_U3,3,พรรคใหม่,4.0
KK10_หนองสองห้อง_สำโรง_M3_U3,4,พรรคมิติใหม่,3.0
KK10_หนองสองห้อง_สำโรง_M3_U3,5,พรรครวมใจไทย,13.0
KK10_หนองสองห้อง_สำโรง_M3_U3,6,พรรครวมไทยสร้างชาติ,1.0
KK10_หนองสองห้อง_สำโรง_M3_U3,8,พรรคประชาธิปไตยใหม่,1.0
KK10_หนองสองห้อง_สำโรง_M3_U3,9,พรรคเพื่อไทย,107.0
KK10_หนองสองห้อง_สำโรง_M3_U3,10,พรรคทางเลือกใหม่,1.0
KK10_หนองสองห้อง_สำโรง_M3_U3,11,พรรคเศรษฐกิจ,19.0
KK10_หนองสองห้อง_สำโรง_M3_U3,12,พรรคเสรีรวมไทย,4.0
KK10_หนองสองห้อง_สำโรง_M3_U3,13,พรรครวมพลังประชาชน,1.0
KK10_หนองสองห้อง_สำโรง_M3_U3,18,พรรคพลังสังคมใหม่,1.0
KK10_หนองสองห้อง_สำโรง_M3_U3,20,พรรคฟิวชัน,1.0
KK10_หนองสองห้อง_สำโรง_M3_U3,27,พรรคประชาธิปัตย์,3.0
KK10_หนองสองห้อง_สำโรง_M3_U3,30,พรรคแรงงานสร้างชาติ,4.0
KK10_หนองสองห้อง_สำโรง_M3_U3,31,พรรคประชากรไทย,2.0
KK10_หนองสองห้อง_สำโรง_M3_U3,33,พรรคประชาชาติ,1.0
KK10_หนองสองห้อง_สำโรง_M3_U3,35,พรรครักชาติ,2.0
KK10_หนองสองห้อง_สำโรง_M3_U3,37,พรรคภูมิใจไทย,42.0
KK10_หนองสองห้อง_สำโรง_M3_U3,38,พรรคพลังธรรมใหม่,2.0
KK10_หนองสองห้อง_สำโรง_M3_U3,43,พรรคพลังประชารัฐ,1.0
KK10_หนองสองห้อง_สำโรง_M3_U3,46,พรรคประชาชน,49.0
KK10_หนองสองห้อง_สำโรง_M3_U3,48,พรรคไทยสร้างไทย,1.0
KK10_หนองสองห้อง_สำโรง_M3_U3,51,พรรคพร้อม,1.0
KK10_หนองสองห้อง_สำโรง_M3_U3,57,พรรคพลังไทยรักชาติ,2.0
KK10_หนองสองห้อง_สำโรง_M4_U4,1,พรรคไทยทรัพย์ทวี,7.0
KK10_หนองสองห้อง_สำโรง_M4_U4,2,พรรคเพื่อชาติไทย,3.0
KK10_หนองสองห้อง_สำโรง_M4_U4,5,พรรครวมใจไทย,6.0
KK10_หนองสองห้อง_สำโรง_M4_U4,6,พรรครวมไทยสร้างชาติ,2.0
KK10_หนองสองห้อง_สำโรง_M4_U4,8,พรรคประชาธิปไตยใหม่,2.0
KK10_หนองสองห้อง_สำโรง_M4_U4,9,พรรคเพื่อไทย,66.0
KK10_หนองสองห้อง_สำโรง_M4_U4,11,พรรคเศรษฐกิจ,9.0
KK10_หนองสองห้อง_สำโรง_M4_U4,12,พรรคเสรีรวมไทย,1.0
KK10_หนองสองห้อง_สำโรง_M4_U4,13,พรรครวมพลังประชาชน,1.0
KK10_หนองสองห้อง_สำโรง_M4_U4,16,พรรคพลังเพื่อไทย,1.0
KK10_หนองสองห้อง_สำโรง_M4_U4,17,พรรคไทยชนะ,1.0
KK10_หนองสองห้อง_สำโรง_M4_U4,19,พรรคสังคมประชาธิปไตยไทย,1.0
KK10_หนองสองห้อง_สำโรง_M4_U4,27,พรรคประชาธิปัตย์,3.0
KK10_หนองสองห้อง_สำโรง_M4_U4,30,พรรคแรงงานสร้างชาติ,1.0
KK10_หนองสองห้อง_สำโรง_M4_U4,37,พรรคภูมิใจไทย,29.0
KK10_หนองสองห้อง_สำโรง_M4_U4,38,พรรคพลังธรรมใหม่,2.0
KK10_หนองสองห้อง_สำโรง_M4_U4,41,พรรคแผ่นดินธรรม,1.0
KK10_หนองสองห้อง_สำโรง_M4_U4,46,พรรคประชาชน,22.0
KK10_หนองสองห้อง_สำโรง_M4_U4,47,พรรคประชาไทย,1.0
KK10_หนองสองห้อง_สำโรง_M4_U4,48,พรรคไทยสร้างไทย,2.0
KK10_หนองสองห้อง_สำโรง_M5_U5,1,พรรคไทยทรัพย์ทวี,8.0
KK10_หนองสองห้อง_สำโรง_M5_U5,2,พรรคเพื่อชาติไทย,7.0
KK10_หนองสองห้อง_สำโรง_M5_U5,3,พรรคใหม่,2.0
KK10_หนองสองห้อง_สำโรง_M5_U5,4,พรรคมิติใหม่,2.0
KK10_หนองสองห้อง_สำโรง_M5_U5,5,พรรครวมใจไทย,9.0
KK10_หนองสองห้อง_สำโรง_M5_U5,6,พรรครวมไทยสร้างชาติ,4.0
KK10_หนองสองห้อง_สำโรง_M5_U5,8,พรรคประชาธิปไตยใหม่,3.0
KK10_หนองสองห้อง_สำโรง_M5_U5,9,พรรคเพื่อไทย,102.0
KK10_หนองสองห้อง_สำโรง_M5_U5,10,พรรคทางเลือกใหม่,2.0
KK10_หนองสองห้อง_สำโรง_M5_U5,11,พรรคเศรษฐกิจ,8.0
KK10_หนองสองห้อง_สำโรง_M5_U5,12,พรรคเสรีรวมไทย,1.0
KK10_หนองสองห้อง_สำโรง_M5_U5,13,พรรครวมพลังประชาชน,1.0
KK10_หนองสองห้อง_สำโรง_M5_U5,16,พรรคพลังเพื่อไทย,1.0
KK10_หนองสองห้อง_สำโรง_M5_U5,27,พรรคประชาธิปัตย์,4.0
KK10_หนองสองห้อง_สำโรง_M5_U5,29,พรรคไทยภักดี,2.0
KK10_หนองสองห้อง_สำโรง_M5_U5,30,พรรคแรงงานสร้างชาติ,1.0
KK10_หนองสองห้อง_สำโรง_M5_U5,31,พรรคประชากรไทย,2.0
KK10_หนองสองห้อง_สำโรง_M5_U5,32,พรรคครูไทยเพื่อประชาชน,1.0
KK10_หนองสองห้อง_สำโรง_M5_U5,35,พรรครักชาติ,1.0
KK10_หนองสองห้อง_สำโรง_M5_U5,37,พรรคภูมิใจไทย,44.0
KK10_หนองสองห้อง_สำโรง_M5_U5,38,พรรคพลังธรรมใหม่,2.0
KK10_หนองสองห้อง_สำโรง_M5_U5,46,พรรคประชาชน,42.0
KK10_หนองสองห้อง_สำโรง_M5_U5,48,พรรคไทยสร้างไทย,2.0
KK10_หนองสองห้อง_สำโรง_M6_U6,1,พรรคไทยทรัพย์ทวี,9.0
KK10_หนองสองห้อง_สำโรง_M6_U6,2,พรรคเพื่อชาติไทย,2.0
KK10_หนองสองห้อง_สำโรง_M6_U6,3,พรรคใหม่,2.0
KK10_หนองสองห้อง_สำโรง_M6_U6,5,พรรครวมใจไทย,11.0
KK10_หนองสองห้อง_สำโรง_M6_U6,6,พรรครวมไทยสร้างชาติ,5.0
KK10_หนองสองห้อง_สำโรง_M6_U6,7,พรรคพลวัต,2.0
KK10_หนองสองห้อง_สำโรง_M6_U6,8,พรรคประชาธิปไตยใหม่,1.0
KK10_หนองสองห้อง_สำโรง_M6_U6,9,พรรคเพื่อไทย,166.0
KK10_หนองสองห้อง_สำโรง_M6_U6,10,พรรคทางเลือกใหม่,1.0
KK10_หนองสองห้อง_สำโรง_M6_U6,11,พรรคเศรษฐกิจ,7.0
KK10_หนองสองห้อง_สำโรง_M6_U6,13,พรรครวมพลังประชาชน,4.0
KK10_หนองสองห้อง_สำโรง_M6_U6,14,พรรคท้องที่ไทย,1.0
KK10_หนองสองห้อง_สำโรง_M6_U6,17,พรรคไทยชนะ,1.0
KK10_หนองสองห้อง_สำโรง_M6_U6,27,พรรคประชาธิปัตย์,4.0
KK10_หนองสองห้อง_สำโรง_M6_U6,28,พรรคไทยก้าวหน้า,1.0
KK10_หนองสองห้อง_สำโรง_M6_U6,29,พรรคไทยภักดี,3.0
KK10_หนองสองห้อง_สำโรง_M6_U6,30,พรรคแรงงานสร้างชาติ,1.0
KK10_หนองสองห้อง_สำโรง_M6_U6,31,พรรคประชากรไทย,1.0
KK10_หนองสองห้อง_สำโรง_M6_U6,34,พรรคสร้างอนาคตไทย,1.0
KK10_หนองสองห้อง_สำโรง_M6_U6,35,พรรครักชาติ,2.0
KK10_หนองสองห้อง_สำโรง_M6_U6,36,พรรคไทยพร้อม,1.0
KK10_หนองสองห้อง_สำโรง_M6_U6,37,พรรคภูมิใจไทย,55.0
KK10_หนองสองห้อง_สำโรง_M6_U6,42,พรรคกล้าธรรม,1.0
KK10_หนองสองห้อง_สำโรง_M6_U6,46,พรรคประชาชน,40.0
KK10_หนองสองห้อง_สำโรง_M6_U6,48,พรรคไทยสร้างไทย,2.0
KK10_หนองสองห้อง_สำโรง_M7_U7,1,พรรคไทยทรัพย์ทวี,13.0
KK10_หนองสองห้อง_สำโรง_M7_U7,2,พรรคเพื่อชาติไทย,5.0
KK10_หนองสองห้อง_สำโรง_M7_U7,3,พรรคใหม่,2.0
KK10_หนองสองห้อง_สำโรง_M7_U7,4,พรรคมิติใหม่,1.0
KK10_หนองสองห้อง_สำโรง_M7_U7,5,พรรครวมใจไทย,13.0
KK10_หนองสองห้อง_สำโรง_M7_U7,6,พรรครวมไทยสร้างชาติ,5.0
KK10_หนองสองห้อง_สำโรง_M7_U7,8,พรรคประชาธิปไตยใหม่,1.0
KK10_หนองสองห้อง_สำโรง_M7_U7,9,พรรคเพื่อไทย,100.0
KK10_หนองสองห้อง_สำโรง_M7_U7,10,พรรคทางเลือกใหม่,2.0
KK10_หนองสองห้อง_สำโรง_M7_U7,11,พรรคเศรษฐกิจ,6.0
KK10_หนองสองห้อง_สำโรง_M7_U7,12,พรรคเสรีรวมไทย,1.0
KK10_หนองสองห้อง_สำโรง_M7_U7,13,พรรครวมพลังประชาชน,1.0
KK10_หนองสองห้อง_สำโรง_M7_U7,15,พรรคอนาคตไทย,1.0
KK10_หนองสองห้อง_สำโรง_M7_U7,16,พรรคพลังเพื่อไทย,1.0
KK10_หนองสองห้อง_สำโรง_M7_U7,17,พรรคไทยชนะ,1.0
KK10_หนองสองห้อง_สำโรง_M7_U7,26,พรรคคลองไทย,1.0
KK10_หนองสองห้อง_สำโรง_M7_U7,27,พรรคประชาธิปัตย์,7.0
KK10_หนองสองห้อง_สำโรง_M7_U7,28,พรรคไทยก้าวหน้า,1.0
KK10_หนองสองห้อง_สำโรง_M7_U7,30,พรรคแรงงานสร้างชาติ,1.0
KK10_หนองสองห้อง_สำโรง_M7_U7,32,พรรคครูไทยเพื่อประชาชน,1.0
KK10_หนองสองห้อง_สำโรง_M7_U7,33,พรรคประชาชาติ,1.0
KK10_หนองสองห้อง_สำโรง_M7_U7,34,พรรคสร้างอนาคตไทย,3.0
KK10_หนองสองห้อง_สำโรง_M7_U7,36,พรรคไทยพร้อม,1.0
KK10_หนองสองห้อง_สำโรง_M7_U7,37,พรรคภูมิใจไทย,46.0
KK10_หนองสองห้อง_สำโรง_M7_U7,38,พรรคพลังธรรมใหม่,5.0
KK10_หนองสองห้อง_สำโรง_M7_U7,43,พรรคพลังประชารัฐ,1.0
KK10_หนองสองห้อง_สำโรง_M7_U7,46,พรรคประชาชน,94.0
KK10_หนองสองห้อง_สำโรง_M7_U7,48,พรรคไทยสร้างไทย,1.0
KK10_หนองสองห้อง_สำโรง_M7_U7,54,พรรคความหวังใหม่,1.0
KK10_หนองสองห้อง_สำโรง_M8_U8,1,พรรคไทยทรัพย์ทวี,13.0
KK10_หนองสองห้อง_สำโรง_M8_U8,2,พรรคเพื่อชาติไทย,8.0
KK10_หนองสองห้อง_สำโรง_M8_U8,3,พรรคใหม่,6.0
KK10_หนองสองห้อง_สำโรง_M8_U8,4,พรรคมิติใหม่,1.0
KK10_หนองสองห้อง_สำโรง_M8_U8,5,พรรครวมใจไทย,12.0
KK10_หนองสองห้อง_สำโรง_M8_U8,6,พรรครวมไทยสร้างชาติ,2.0
KK10_หนองสองห้อง_สำโรง_M8_U8,9,พรรคเพื่อไทย,183.0
KK10_หนองสองห้อง_สำโรง_M8_U8,10,พรรคทางเลือกใหม่,1.0
KK10_หนองสองห้อง_สำโรง_M8_U8,11,พรรคเศรษฐกิจ,13.0
KK10_หนองสองห้อง_สำโรง_M8_U8,12,พรรคเสรีรวมไทย,3.0
KK10_หนองสองห้อง_สำโรง_M8_U8,13,พรรครวมพลังประชาชน,1.0
KK10_หนองสองห้อง_สำโรง_M8_U8,17,พรรคไทยชนะ,1.0
KK10_หนองสองห้อง_สำโรง_M8_U8,26,พรรคคลองไทย,1.0
KK10_หนองสองห้อง_สำโรง_M8_U8,27,พรรคประชาธิปัตย์,2.0
KK10_หนองสองห้อง_สำโรง_M8_U8,28,พรรคไทยก้าวหน้า,1.0
KK10_หนองสองห้อง_สำโรง_M8_U8,30,พรรคแรงงานสร้างชาติ,1.0
KK10_หนองสองห้อง_สำโรง_M8_U8,37,พรรคภูมิใจไทย,42.0
KK10_หนองสองห้อง_สำโรง_M8_U8,38,พรรคพลังธรรมใหม่,2.0
KK10_หนองสองห้อง_สำโรง_M8_U8,42,พรรคกล้าธรรม,1.0
KK10_หนองสองห้อง_สำโรง_M8_U8,43,พรรคพลังประชารัฐ,1.0
KK10_หนองสองห้อง_สำโรง_M8_U8,46,พรรคประชาชน,80.0
KK10_หนองสองห้อง_สำโรง_M8_U8,47,พรรคประชาไทย,1.0
KK10_หนองสองห้อง_สำโรง_M8_U8,48,พรรคไทยสร้างไทย,1.0
KK10_หนองสองห้อง_สำโรง_M9_U9,1,พรรคไทยทรัพย์ทวี,9.0
KK10_หนองสองห้อง_สำโรง_M9_U9,2,พรรคเพื่อชาติไทย,4.0
KK10_หนองสองห้อง_สำโรง_M9_U9,3,พรรคใหม่,1.0
KK10_หนองสองห้อง_สำโรง_M9_U9,4,พรรคมิติใหม่,2.0
KK10_หนองสองห้อง_สำโรง_M9_U9,5,พรรครวมใจไทย,4.0
KK10_หนองสองห้อง_สำโรง_M9_U9,9,พรรคเพื่อไทย,94.0
KK10_หนองสองห้อง_สำโรง_M9_U9,10,พรรคทางเลือกใหม่,1.0
KK10_หนองสองห้อง_สำโรง_M9_U9,11,พรรคเศรษฐกิจ,3.0
KK10_หนองสองห้อง_สำโรง_M9_U9,12,พรรคเสรีรวมไทย,3.0
KK10_หนองสองห้อง_สำโรง_M9_U9,16,พรรคพลังเพื่อไทย,1.0
KK10_หนองสองห้อง_สำโรง_M9_U9,27,พรรคประชาธิปัตย์,2.0
KK10_หนองสองห้อง_สำโรง_M9_U9,30,พรรคแรงงานสร้างชาติ,1.0
KK10_หนองสองห้อง_สำโรง_M9_U9,32,พรรคครูไทยเพื่อประชาชน,2.0
KK10_หนองสองห้อง_สำโรง_M9_U9,36,พรรคไทยพร้อม,1.0
KK10_หนองสองห้อง_สำโรง_M9_U9,37,พรรคภูมิใจไทย,34.0
KK10_หนองสองห้อง_สำโรง_M9_U9,38,พรรคพลังธรรมใหม่,1.0
KK10_หนองสองห้อง_สำโรง_M9_U9,46,พรรคประชาชน,49.0
KK10_หนองสองห้อง_สำโรง_M9_U9,48,พรรคไทยสร้างไทย,1.0
KK10_หนองสองห้อง_หนองสองห้อง_M7_U10,1,พรรคไทยทรัพย์ทวี,3.0
KK10_หนองสองห้อง_หนองสองห้อง_M7_U10,2,พรรคเพื่อชาติไทย,1.0
KK10_หนองสองห้อง_หนองสองห้อง_M7_U10,3,พรรคใหม่,1.0
KK10_หนองสองห้อง_หนองสองห้อง_M7_U10,5,พรรครวมใจไทย,5.0
KK10_หนองสองห้อง_หนองสองห้อง_M7_U10,6,พรรครวมไทยสร้างชาติ,4.0
KK10_หนองสองห้อง_หนองสองห้อง_M7_U10,8,พรรคประชาธิปไตยใหม่,1.0
KK10_หนองสองห้อง_หนองสองห้อง_M7_U10,9,พรรคเพื่อไทย,75.0
KK10_หนองสองห้อง_หนองสองห้อง_M7_U10,11,พรรคเศรษฐกิจ,4.0
KK10_หนองสองห้อง_หนองสองห้อง_M7_U10,13,พรรครวมพลังประชาชน,1.0
KK10_หนองสองห้อง_หนองสองห้อง_M7_U10,16,พรรคพลังเพื่อไทย,1.0
KK10_หนองสองห้อง_หนองสองห้อง_M7_U10,17,พรรคไทยชนะ,1.0
KK10_หนองสองห้อง_หนองสองห้อง_M7_U10,29,พรรคไทยภักดี,1.0
KK10_หนองสองห้อง_หนองสองห้อง_M7_U10,33,พรรคประชาชาติ,1.0
KK10_หนองสองห้อง_หนองสองห้อง_M7_U10,34,พรรคสร้างอนาคตไทย,1.0
KK10_หนองสองห้อง_หนองสองห้อง_M7_U10,35,พรรครักชาติ,1.0
KK10_หนองสองห้อง_หนองสองห้อง_M7_U10,37,พรรคภูมิใจไทย,21.0
KK10_หนองสองห้อง_หนองสองห้อง_M7_U10,38,พรรคพลังธรรมใหม่,2.0
KK10_หนองสองห้อง_หนองสองห้อง_M7_U10,46,พรรคประชาชน,43.0
KK10_หนองสองห้อง_หนองสองห้อง_M7_U10,47,พรรคประชาไทย,1.0
KK10_หนองสองห้อง_หนองสองห้อง_M7_U10,55,พรรคไทยรวมไทย,1.0
KK10_หนองสองห้อง_หนองสองห้อง_M8_U11,1,พรรคไทยทรัพย์ทวี,10.0
KK10_หนองสองห้อง_หนองสองห้อง_M8_U11,2,พรรคเพื่อชาติไทย,7.0
KK10_หนองสองห้อง_หนองสองห้อง_M8_U11,3,พรรคใหม่,1.0
KK10_หนองสองห้อง_หนองสองห้อง_M8_U11,4,พรรคมิติใหม่,1.0
KK10_หนองสองห้อง_หนองสองห้อง_M8_U11,5,พรรครวมใจไทย,31.0
KK10_หนองสองห้อง_หนองสองห้อง_M8_U11,6,พรรครวมไทยสร้างชาติ,3.0
KK10_หนองสองห้อง_หนองสองห้อง_M8_U11,7,พรรคพลวัต,1.0
KK10_หนองสองห้อง_หนองสองห้อง_M8_U11,8,พรรคประชาธิปไตยใหม่,1.0
KK10_หนองสองห้อง_หนองสองห้อง_M8_U11,9,พรรคเพื่อไทย,105.0
KK10_หนองสองห้อง_หนองสองห้อง_M8_U11,11,พรรคเศรษฐกิจ,8.0
KK10_หนองสองห้อง_หนองสองห้อง_M8_U11,13,พรรครวมพลังประชาชน,1.0
KK10_หนองสองห้อง_หนองสองห้อง_M8_U11,16,พรรคพลังเพื่อไทย,5.0
KK10_หนองสองห้อง_หนองสองห้อง_M8_U11,17,พรรคไทยชนะ,1.0
KK10_หนองสองห้อง_หนองสองห้อง_M8_U11,23,พรรคปวงชนไทย,1.0
KK10_หนองสองห้อง_หนองสองห้อง_M8_U11,27,พรรคประชาธิปัตย์,5.0
KK10_หนองสองห้อง_หนองสองห้อง_M8_U11,30,พรรคแรงงานสร้างชาติ,2.0
KK10_หนองสองห้อง_หนองสองห้อง_M8_U11,34,พรรคสร้างอนาคตไทย,4.0
KK10_หนองสองห้อง_หนองสองห้อง_M8_U11,35,พรรครักชาติ,1.0
KK10_หนองสองห้อง_หนองสองห้อง_M8_U11,37,พรรคภูมิใจไทย,122.0
KK10_หนองสองห้อง_หนองสองห้อง_M8_U11,38,พรรคพลังธรรมใหม่,3.0
KK10_หนองสองห้อง_หนองสองห้อง_M8_U11,42,พรรคกล้าธรรม,6.0
KK10_หนองสองห้อง_หนองสองห้อง_M8_U11,45,พรรคเป็นธรรม,1.0
KK10_หนองสองห้อง_หนองสองห้อง_M8_U11,46,พรรคประชาชน,86.0
KK10_หนองสองห้อง_หนองสองห้อง_M8_U11,47,พรรคประชาไทย,3.0
KK10_หนองสองห้อง_หนองสองห้อง_M8_U11,48,พรรคไทยสร้างไทย,2.0
KK10_หนองสองห้อง_หนองสองห้อง_M8_U11,49,พรรคไทยก้าวใหม่,3.0
KK10_หนองสองห้อง_หนองสองห้อง_M8_U11,53,พรรคไทยพิทักษ์ธรรม,1.0
KK10_หนองสองห้อง_หนองสองห้อง_M8_U11,54,พรรคความหวังใหม่,1.0
KK10_หนองสองห้อง_หนองสองห้อง_M8_U11,56,พรรคเพื่อชาติ,1.0
KK10_หนองสองห้อง_หนองสองห้อง_M8_U11,57,พรรคพลังไทยรักชาติ,1.0
KK10_หนองสองห้อง_หนองสองห้อง_M9_U12,1,พรรคไทยทรัพย์ทวี,2.0
KK10_หนองสองห้อง_หนองสองห้อง_M9_U12,2,พรรคเพื่อชาติไทย,4.0
KK10_หนองสองห้อง_หนองสองห้อง_M9_U12,3,พรรคใหม่,1.0
KK10_หนองสองห้อง_หนองสองห้อง_M9_U12,5,พรรครวมใจไทย,8.0
KK10_หนองสองห้อง_หนองสองห้อง_M9_U12,6,พรรครวมไทยสร้างชาติ,3.0
KK10_หนองสองห้อง_หนองสองห้อง_M9_U12,8,พรรคประชาธิปไตยใหม่,2.0
KK10_หนองสองห้อง_หนองสองห้อง_M9_U12,9,พรรคเพื่อไทย,60.0
KK10_หนองสองห้อง_หนองสองห้อง_M9_U12,10,พรรคทางเลือกใหม่,1.0
KK10_หนองสองห้อง_หนองสองห้อง_M9_U12,11,พรรคเศรษฐกิจ,2.0
KK10_หนองสองห้อง_หนองสองห้อง_M9_U12,12,พรรคเสรีรวมไทย,3.0
KK10_หนองสองห้อง_หนองสองห้อง_M9_U12,22,พรรคก้าวอิสระ,1.0
KK10_หนองสองห้อง_หนองสองห้อง_M9_U12,26,พรรคคลองไทย,1.0
KK10_หนองสองห้อง_หนองสองห้อง_M9_U12,27,พรรคประชาธิปัตย์,2.0
KK10_หนองสองห้อง_หนองสองห้อง_M9_U12,28,พรรคไทยก้าวหน้า,1.0
KK10_หนองสองห้อง_หนองสองห้อง_M9_U12,30,พรรคแรงงานสร้างชาติ,1.0
KK10_หนองสองห้อง_หนองสองห้อง_M9_U12,37,พรรคภูมิใจไทย,42.0
KK10_หนองสองห้อง_หนองสองห้อง_M9_U12,38,พรรคพลังธรรมใหม่,1.0
KK10_หนองสองห้อง_หนองสองห้อง_M9_U12,42,พรรคกล้าธรรม,1.0
KK10_หนองสองห้อง_หนองสองห้อง_M9_U12,46,พรรคประชาชน,45.0
KK10_หนองสองห้อง_หนองสองห้อง_M9_U12,49,พรรคไทยก้าวใหม่,1.0
KK10_หนองสองห้อง_หนองสองห้อง_M10_U13,1,พรรคไทยทรัพย์ทวี,4.0
KK10_หนองสองห้อง_หนองสองห้อง_M10_U13,2,พรรคเพื่อชาติไทย,2.0
KK10_หนองสองห้อง_หนองสองห้อง_M10_U13,3,พรรคใหม่,1.0
KK10_หนองสองห้อง_หนองสองห้อง_M10_U13,5,พรรครวมใจไทย,7.0
KK10_หนองสองห้อง_หนองสองห้อง_M10_U13,6,พรรครวมไทยสร้างชาติ,1.0
KK10_หนองสองห้อง_หนองสองห้อง_M10_U13,8,พรรคประชาธิปไตยใหม่,3.0
KK10_หนองสองห้อง_หนองสองห้อง_M10_U13,9,พรรคเพื่อไทย,77.0
KK10_หนองสองห้อง_หนองสองห้อง_M10_U13,10,พรรคทางเลือกใหม่,1.0
KK10_หนองสองห้อง_หนองสองห้อง_M10_U13,11,พรรคเศรษฐกิจ,9.0
KK10_หนองสองห้อง_หนองสองห้อง_M10_U13,12,พรรคเสรีรวมไทย,2.0
KK10_หนองสองห้อง_หนองสองห้อง_M10_U13,13,พรรครวมพลังประชาชน,1.0
KK10_หนองสองห้อง_หนองสองห้อง_M10_U13,16,พรรคพลังเพื่อไทย,1.0
KK10_หนองสองห้อง_หนองสองห้อง_M10_U13,27,พรรคประชาธิปัตย์,1.0
KK10_หนองสองห้อง_หนองสองห้อง_M10_U13,31,พรรคประชากรไทย,2.0
KK10_หนองสองห้อง_หนองสองห้อง_M10_U13,34,พรรคสร้างอนาคตไทย,1.0
KK10_หนองสองห้อง_หนองสองห้อง_M10_U13,37,พรรคภูมิใจไทย,44.0
KK10_หนองสองห้อง_หนองสองห้อง_M10_U13,43,พรรคพลังประชารัฐ,1.0
KK10_หนองสองห้อง_หนองสองห้อง_M10_U13,46,พรรคประชาชน,37.0
KK10_หนองสองห้อง_หนองสองห้อง_M10_U13,47,พรรคประชาไทย,2.0
KK10_หนองสองห้อง_หนองสองห้อง_M10_U13,54,พรรคความหวังใหม่,1.0
KK10_หนองสองห้อง_หนองสองห้อง_M11_U14,1,พรรคไทยทรัพย์ทวี,5.0
KK10_หนองสองห้อง_หนองสองห้อง_M11_U14,2,พรรคเพื่อชาติไทย,1.0
KK10_หนองสองห้อง_หนองสองห้อง_M11_U14,4,พรรคมิติใหม่,1.0
KK10_หนองสองห้อง_หนองสองห้อง_M11_U14,5,พรรครวมใจไทย,8.0
KK10_หนองสองห้อง_หนองสองห้อง_M11_U14,9,พรรคเพื่อไทย,58.0
KK10_หนองสองห้อง_หนองสองห้อง_M11_U14,11,พรรคเศรษฐกิจ,8.0
KK10_หนองสองห้อง_หนองสองห้อง_M11_U14,12,พรรคเสรีรวมไทย,2.0
KK10_หนองสองห้อง_หนองสองห้อง_M11_U14,17,พรรคไทยชนะ,2.0
KK10_หนองสองห้อง_หนองสองห้อง_M11_U14,19,พรรคสังคมประชาธิปไตยไทย,1.0
KK10_หนองสองห้อง_หนองสองห้อง_M11_U14,27,พรรคประชาธิปัตย์,5.0
KK10_หนองสองห้อง_หนองสองห้อง_M11_U14,29,พรรคไทยภักดี,1.0
KK10_หนองสองห้อง_หนองสองห้อง_M11_U14,30,พรรคแรงงานสร้างชาติ,2.0
KK10_หนองสองห้อง_หนองสองห้อง_M11_U14,34,พรรคสร้างอนาคตไทย,2.0
KK10_หนองสองห้อง_หนองสองห้อง_M11_U14,37,พรรคภูมิใจไทย,106.0
KK10_หนองสองห้อง_หนองสองห้อง_M11_U14,46,พรรคประชาชน,43.0
KK10_หนองสองห้อง_หนองสองห้อง_M11_U14,54,พรรคความหวังใหม่,1.0
KK10_หนองสองห้อง_หนองสองห้อง_M12_U15,1,พรรคไทยทรัพย์ทวี,3.0
KK10_หนองสองห้อง_หนองสองห้อง_M12_U15,2,พรรคเพื่อชาติไทย,2.0
KK10_หนองสองห้อง_หนองสองห้อง_M12_U15,5,พรรครวมใจไทย,10.0
KK10_หนองสองห้อง_หนองสองห้อง_M12_U15,6,พรรครวมไทยสร้างชาติ,2.0
KK10_หนองสองห้อง_หนองสองห้อง_M12_U15,9,พรรคเพื่อไทย,106.0
KK10_หนองสองห้อง_หนองสองห้อง_M12_U15,10,พรรคทางเลือกใหม่,1.0
KK10_หนองสองห้อง_หนองสองห้อง_M12_U15,11,พรรคเศรษฐกิจ,9.0
KK10_หนองสองห้อง_หนองสองห้อง_M12_U15,12,พรรคเสรีรวมไทย,1.0
KK10_หนองสองห้อง_หนองสองห้อง_M12_U15,13,พรรครวมพลังประชาชน,1.0
KK10_หนองสองห้อง_หนองสองห้อง_M12_U15,17,พรรคไทยชนะ,1.0
KK10_หนองสองห้อง_หนองสองห้อง_M12_U15,21,พรรคไทรวมพลัง,1.0
KK10_หนองสองห้อง_หนองสองห้อง_M12_U15,27,พรรคประชาธิปัตย์,2.0
KK10_หนองสองห้อง_หนองสองห้อง_M12_U15,31,พรรคประชากรไทย,1.0
KK10_หนองสองห้อง_หนองสองห้อง_M12_U15,36,พรรคไทยพร้อม,2.0
KK10_หนองสองห้อง_หนองสองห้อง_M12_U15,37,พรรคภูมิใจไทย,68.0
KK10_หนองสองห้อง_หนองสองห้อง_M12_U15,38,พรรคพลังธรรมใหม่,3.0
KK10_หนองสองห้อง_หนองสองห้อง_M12_U15,41,พรรคแผ่นดินธรรม,1.0
KK10_หนองสองห้อง_หนองสองห้อง_M12_U15,42,พรรคกล้าธรรม,2.0
KK10_หนองสองห้อง_หนองสองห้อง_M12_U15,46,พรรคประชาชน,43.0
KK10_หนองสองห้อง_หนองสองห้อง_M12_U15,48,พรรคไทยสร้างไทย,4.0
KK10_หนองสองห้อง_หนองสองห้อง_M13_U16,1,พรรคไทยทรัพย์ทวี,4.0
KK10_หนองสองห้อง_หนองสองห้อง_M13_U16,2,พรรคเพื่อชาติไทย,5.0
KK10_หนองสองห้อง_หนองสองห้อง_M13_U16,5,พรรครวมใจไทย,13.0
KK10_หนองสองห้อง_หนองสองห้อง_M13_U16,6,พรรครวมไทยสร้างชาติ,1.0
KK10_หนองสองห้อง_หนองสองห้อง_M13_U16,7,พรรคพลวัต,1.0
KK10_หนองสองห้อง_หนองสองห้อง_M13_U16,9,พรรคเพื่อไทย,57.0
KK10_หนองสองห้อง_หนองสองห้อง_M13_U16,11,พรรคเศรษฐกิจ,6.0
KK10_หนองสองห้อง_หนองสองห้อง_M13_U16,15,พรรคอนาคตไทย,1.0
KK10_หนองสองห้อง_หนองสองห้อง_M13_U16,23,พรรคปวงชนไทย,1.0
KK10_หนองสองห้อง_หนองสองห้อง_M13_U16,31,พรรคประชากรไทย,4.0
KK10_หนองสองห้อง_หนองสองห้อง_M13_U16,37,พรรคภูมิใจไทย,1.0
KK10_หนองสองห้อง_หนองสองห้อง_M13_U16,38,พรรคพลังธรรมใหม่,33.0
KK10_หนองสองห้อง_หนองสองห้อง_M13_U16,39,พรรคกรีน,3.0
KK10_หนองสองห้อง_หนองสองห้อง_M13_U16,46,พรรคประชาชน,21.0
KK10_หนองสองห้อง_หนองสองห้อง_M14_U17,1,พรรคไทยทรัพย์ทวี,5.0
KK10_หนองสองห้อง_หนองสองห้อง_M14_U17,2,พรรคเพื่อชาติไทย,2.0
KK10_หนองสองห้อง_หนองสองห้อง_M14_U17,5,พรรครวมใจไทย,6.0
KK10_หนองสองห้อง_หนองสองห้อง_M14_U17,6,พรรครวมไทยสร้างชาติ,2.0
KK10_หนองสองห้อง_หนองสองห้อง_M14_U17,8,พรรคประชาธิปไตยใหม่,1.0
KK10_หนองสองห้อง_หนองสองห้อง_M14_U17,9,พรรคเพื่อไทย,74.0
KK10_หนองสองห้อง_หนองสองห้อง_M14_U17,11,พรรคเศรษฐกิจ,3.0
KK10_หนองสองห้อง_หนองสองห้อง_M14_U17,30,พรรคแรงงานสร้างชาติ,3.0
KK10_หนองสองห้อง_หนองสองห้อง_M14_U17,37,พรรคภูมิใจไทย,70.0
KK10_หนองสองห้อง_หนองสองห้อง_M14_U17,38,พรรคพลังธรรมใหม่,1.0
KK10_หนองสองห้อง_หนองสองห้อง_M14_U17,46,พรรคประชาชน,17.0
KK10_หนองสองห้อง_หนองสองห้อง_M14_U17,48,พรรคไทยสร้างไทย,1.0
KK10_หนองสองห้อง_หนองสองห้อง_M15_U18,1,พรรคไทยทรัพย์ทวี,2.0
KK10_หนองสองห้อง_หนองสองห้อง_M15_U18,2,พรรคเพื่อชาติไทย,1.0
KK10_หนองสองห้อง_หนองสองห้อง_M15_U18,5,พรรครวมใจไทย,2.0
KK10_หนองสองห้อง_หนองสองห้อง_M15_U18,6,พรรครวมไทยสร้างชาติ,2.0
KK10_หนองสองห้อง_หนองสองห้อง_M15_U18,9,พรรคเพื่อไทย,21.0
KK10_หนองสองห้อง_หนองสองห้อง_M15_U18,11,พรรคเศรษฐกิจ,3.0
KK10_หนองสองห้อง_หนองสองห้อง_M15_U18,16,พรรคพลังเพื่อไทย,2.0
KK10_หนองสองห้อง_หนองสองห้อง_M15_U18,37,พรรคภูมิใจไทย,5.0
KK10_หนองสองห้อง_หนองสองห้อง_M15_U18,46,พรรคประชาชน,3.0
KK10_หนองสองห้อง_หนองสองห้อง_M1_U1,1,พรรคไทยทรัพย์ทวี,3.0
KK10_หนองสองห้อง_หนองสองห้อง_M1_U1,2,พรรคเพื่อชาติไทย,9.0
KK10_หนองสองห้อง_หนองสองห้อง_M1_U1,3,พรรคใหม่,2.0
KK10_หนองสองห้อง_หนองสองห้อง_M1_U1,5,พรรครวมใจไทย,16.0
KK10_หนองสองห้อง_หนองสองห้อง_M1_U1,6,พรรครวมไทยสร้างชาติ,6.0
KK10_หนองสองห้อง_หนองสองห้อง_M1_U1,8,พรรคประชาธิปไตยใหม่,2.0
KK10_หนองสองห้อง_หนองสองห้อง_M1_U1,9,พรรคเพื่อไทย,146.0
KK10_หนองสองห้อง_หนองสองห้อง_M1_U1,10,พรรคทางเลือกใหม่,2.0
KK10_หนองสองห้อง_หนองสองห้อง_M1_U1,11,พรรคเศรษฐกิจ,13.0
KK10_หนองสองห้อง_หนองสองห้อง_M1_U1,12,พรรคเสรีรวมไทย,2.0
KK10_หนองสองห้อง_หนองสองห้อง_M1_U1,16,พรรคพลังเพื่อไทย,1.0
KK10_หนองสองห้อง_หนองสองห้อง_M1_U1,17,พรรคไทยชนะ,1.0
KK10_หนองสองห้อง_หนองสองห้อง_M1_U1,19,พรรคสังคมประชาธิปไตยไทย,1.0
KK10_หนองสองห้อง_หนองสองห้อง_M1_U1,21,พรรคไทรวมพลัง,1.0
KK10_หนองสองห้อง_หนองสองห้อง_M1_U1,23,พรรคปวงชนไทย,2.0
KK10_หนองสองห้อง_หนองสองห้อง_M1_U1,27,พรรคประชาธิปัตย์,14.0
KK10_หนองสองห้อง_หนองสองห้อง_M1_U1,29,พรรคไทยภักดี,3.0
KK10_หนองสองห้อง_หนองสองห้อง_M1_U1,31,พรรคประชากรไทย,1.0
KK10_หนองสองห้อง_หนองสองห้อง_M1_U1,33,พรรคประชาชาติ,1.0
KK10_หนองสองห้อง_หนองสองห้อง_M1_U1,34,พรรคสร้างอนาคตไทย,1.0
KK10_หนองสองห้อง_หนองสองห้อง_M1_U1,35,พรรครักชาติ,1.0
KK10_หนองสองห้อง_หนองสองห้อง_M1_U1,37,พรรคภูมิใจไทย,108.0
KK10_หนองสองห้อง_หนองสองห้อง_M1_U1,38,พรรคพลังธรรมใหม่,1.0
KK10_หนองสองห้อง_หนองสองห้อง_M1_U1,41,พรรคแผ่นดินธรรม,1.0
KK10_หนองสองห้อง_หนองสองห้อง_M1_U1,43,พรรคพลังประชารัฐ,1.0
KK10_หนองสองห้อง_หนองสองห้อง_M1_U1,46,พรรคประชาชน,87.0
KK10_หนองสองห้อง_หนองสองห้อง_M1_U1,48,พรรคไทยสร้างไทย,2.0
KK10_หนองสองห้อง_หนองสองห้อง_M1_U1,49,พรรคไทยก้าวใหม่,2.0
KK10_หนองสองห้อง_หนองสองห้อง_M2_U2,1,พรรคไทยทรัพย์ทวี,8.0
KK10_หนองสองห้อง_หนองสองห้อง_M2_U2,2,พรรคเพื่อชาติไทย,5.0
KK10_หนองสองห้อง_หนองสองห้อง_M2_U2,3,พรรคใหม่,1.0
KK10_หนองสองห้อง_หนองสองห้อง_M2_U2,5,พรรครวมใจไทย,13.0
KK10_หนองสองห้อง_หนองสองห้อง_M2_U2,6,พรรครวมไทยสร้างชาติ,3.0
KK10_หนองสองห้อง_หนองสองห้อง_M2_U2,7,พรรคพลวัต,1.0
KK10_หนองสองห้อง_หนองสองห้อง_M2_U2,8,พรรคประชาธิปไตยใหม่,6.0
KK10_หนองสองห้อง_หนองสองห้อง_M2_U2,9,พรรคเพื่อไทย,161.0
KK10_หนองสองห้อง_หนองสองห้อง_M2_U2,11,พรรคเศรษฐกิจ,10.0
KK10_หนองสองห้อง_หนองสองห้อง_M2_U2,12,พรรคเสรีรวมไทย,1.0
KK10_หนองสองห้อง_หนองสองห้อง_M2_U2,13,พรรครวมพลังประชาชน,1.0
KK10_หนองสองห้อง_หนองสองห้อง_M2_U2,14,พรรคท้องที่ไทย,1.0
KK10_หนองสองห้อง_หนองสองห้อง_M2_U2,16,พรรคพลังเพื่อไทย,2.0
KK10_หนองสองห้อง_หนองสองห้อง_M2_U2,27,พรรคประชาธิปัตย์,13.0
KK10_หนองสองห้อง_หนองสองห้อง_M2_U2,31,พรรคประชากรไทย,2.0
KK10_หนองสองห้อง_หนองสองห้อง_M2_U2,35,พรรครักชาติ,1.0
KK10_หนองสองห้อง_หนองสองห้อง_M2_U2,36,พรรคไทยพร้อม,1.0
KK10_หนองสองห้อง_หนองสองห้อง_M2_U2,37,พรรคภูมิใจไทย,139.0
KK10_หนองสองห้อง_หนองสองห้อง_M2_U2,38,พรรคพลังธรรมใหม่,1.0
KK10_หนองสองห้อง_หนองสองห้อง_M2_U2,42,พรรคกล้าธรรม,2.0
KK10_หนองสองห้อง_หนองสองห้อง_M2_U2,45,พรรคเป็นธรรม,1.0
KK10_หนองสองห้อง_หนองสองห้อง_M2_U2,46,พรรคประชาชน,70.0
KK10_หนองสองห้อง_หนองสองห้อง_M2_U2,47,พรรคประชาไทย,1.0
KK10_หนองสองห้อง_หนองสองห้อง_M2_U2,48,พรรคไทยสร้างไทย,6.0
KK10_หนองสองห้อง_หนองสองห้อง_M2_U2,56,พรรคเพื่อชาติ,1.0
KK10_หนองสองห้อง_หนองสองห้อง_M3_U3,1,พรรคไทยทรัพย์ทวี,1.0
KK10_หนองสองห้อง_หนองสองห้อง_M3_U3,2,พรรคเพื่อชาติไทย,3.0
KK10_หนองสองห้อง_หนองสองห้อง_M3_U3,3,พรรคใหม่,1.0
KK10_หนองสองห้อง_หนองสองห้อง_M3_U3,5,พรรครวมใจไทย,6.0
KK10_หนองสองห้อง_หนองสองห้อง_M3_U3,6,พรรครวมไทยสร้างชาติ,7.0
KK10_หนองสองห้อง_หนองสองห้อง_M3_U3,9,พรรคเพื่อไทย,130.0
KK10_หนองสองห้อง_หนองสองห้อง_M3_U3,10,พรรคทางเลือกใหม่,1.0
KK10_หนองสองห้อง_หนองสองห้อง_M3_U3,11,พรรคเศรษฐกิจ,7.0
KK10_หนองสองห้อง_หนองสองห้อง_M3_U3,12,พรรคเสรีรวมไทย,1.0
KK10_หนองสองห้อง_หนองสองห้อง_M3_U3,13,พรรครวมพลังประชาชน,4.0
KK10_หนองสองห้อง_หนองสองห้อง_M3_U3,19,พรรคสังคมประชาธิปไตยไทย,2.0
KK10_หนองสองห้อง_หนองสองห้อง_M3_U3,27,พรรคประชาธิปัตย์,17.0
KK10_หนองสองห้อง_หนองสองห้อง_M3_U3,29,พรรคไทยภักดี,3.0
KK10_หนองสองห้อง_หนองสองห้อง_M3_U3,32,พรรคครูไทยเพื่อประชาชน,2.0
KK10_หนองสองห้อง_หนองสองห้อง_M3_U3,36,พรรคไทยพร้อม,1.0
KK10_หนองสองห้อง_หนองสองห้อง_M3_U3,37,พรรคภูมิใจไทย,134.0
KK10_หนองสองห้อง_หนองสองห้อง_M3_U3,38,พรรคพลังธรรมใหม่,2.0
KK10_หนองสองห้อง_หนองสองห้อง_M3_U3,42,พรรคกล้าธรรม,1.0
KK10_หนองสองห้อง_หนองสองห้อง_M3_U3,43,พรรคพลังประชารัฐ,2.0
KK10_หนองสองห้อง_หนองสองห้อง_M3_U3,44,พรรคโอกาสใหม่,3.0
KK10_หนองสองห้อง_หนองสองห้อง_M3_U3,46,พรรคประชาชน,118.0
KK10_หนองสองห้อง_หนองสองห้อง_M3_U3,48,พรรคไทยสร้างไทย,2.0
KK10_หนองสองห้อง_หนองสองห้อง_M3_U3,49,พรรคไทยก้าวใหม่,2.0
KK10_หนองสองห้อง_หนองสองห้อง_M4_U4,1,พรรคไทยทรัพย์ทวี,4.0
KK10_หนองสองห้อง_หนองสองห้อง_M4_U4,2,พรรคเพื่อชาติไทย,2.0
KK10_หนองสองห้อง_หนองสองห้อง_M4_U4,3,พรรคใหม่,1.0
KK10_หนองสองห้อง_หนองสองห้อง_M4_U4,5,พรรครวมใจไทย,6.0
KK10_หนองสองห้อง_หนองสองห้อง_M4_U4,6,พรรครวมไทยสร้างชาติ,1.0
KK10_หนองสองห้อง_หนองสองห้อง_M4_U4,8,พรรคประชาธิปไตยใหม่,1.0
KK10_หนองสองห้อง_หนองสองห้อง_M4_U4,9,พรรคเพื่อไทย,105.0
KK10_หนองสองห้อง_หนองสองห้อง_M4_U4,10,พรรคทางเลือกใหม่,1.0
KK10_หนองสองห้อง_หนองสองห้อง_M4_U4,11,พรรคเศรษฐกิจ,8.0
KK10_หนองสองห้อง_หนองสองห้อง_M4_U4,12,พรรคเสรีรวมไทย,3.0
KK10_หนองสองห้อง_หนองสองห้อง_M4_U4,13,พรรครวมพลังประชาชน,1.0
KK10_หนองสองห้อง_หนองสองห้อง_M4_U4,27,พรรคประชาธิปัตย์,5.0
KK10_หนองสองห้อง_หนองสองห้อง_M4_U4,29,พรรคไทยภักดี,4.0
KK10_หนองสองห้อง_หนองสองห้อง_M4_U4,32,พรรคครูไทยเพื่อประชาชน,1.0
KK10_หนองสองห้อง_หนองสองห้อง_M4_U4,37,พรรคภูมิใจไทย,83.0
KK10_หนองสองห้อง_หนองสองห้อง_M4_U4,38,พรรคพลังธรรมใหม่,3.0
KK10_หนองสองห้อง_หนองสองห้อง_M4_U4,44,พรรคโอกาสใหม่,1.0
KK10_หนองสองห้อง_หนองสองห้อง_M4_U4,46,พรรคประชาชน,55.0
KK10_หนองสองห้อง_หนองสองห้อง_M4_U4,48,พรรคไทยสร้างไทย,2.0
KK10_หนองสองห้อง_หนองสองห้อง_M16_U5,1,พรรคไทยทรัพย์ทวี,8.0
KK10_หนองสองห้อง_หนองสองห้อง_M16_U5,2,พรรคเพื่อชาติไทย,6.0
KK10_หนองสองห้อง_หนองสองห้อง_M16_U5,5,พรรครวมใจไทย,15.0
KK10_หนองสองห้อง_หนองสองห้อง_M16_U5,6,พรรครวมไทยสร้างชาติ,2.0
KK10_หนองสองห้อง_หนองสองห้อง_M16_U5,8,พรรคประชาธิปไตยใหม่,3.0
KK10_หนองสองห้อง_หนองสองห้อง_M16_U5,9,พรรคเพื่อไทย,142.0
KK10_หนองสองห้อง_หนองสองห้อง_M16_U5,10,พรรคทางเลือกใหม่,3.0
KK10_หนองสองห้อง_หนองสองห้อง_M16_U5,11,พรรคเศรษฐกิจ,13.0
KK10_หนองสองห้อง_หนองสองห้อง_M16_U5,12,พรรคเสรีรวมไทย,3.0
KK10_หนองสองห้อง_หนองสองห้อง_M16_U5,13,พรรครวมพลังประชาชน,2.0
KK10_หนองสองห้อง_หนองสองห้อง_M16_U5,19,พรรคสังคมประชาธิปไตยไทย,1.0
KK10_หนองสองห้อง_หนองสองห้อง_M16_U5,20,พรรคฟิวชัน,1.0
KK10_หนองสองห้อง_หนองสองห้อง_M16_U5,27,พรรคประชาธิปัตย์,11.0
KK10_หนองสองห้อง_หนองสองห้อง_M16_U5,29,พรรคไทยภักดี,4.0
KK10_หนองสองห้อง_หนองสองห้อง_M16_U5,32,พรรคครูไทยเพื่อประชาชน,4.0
KK10_หนองสองห้อง_หนองสองห้อง_M16_U5,34,พรรคสร้างอนาคตไทย,2.0
KK10_หนองสองห้อง_หนองสองห้อง_M16_U5,35,พรรครักชาติ,1.0
KK10_หนองสองห้อง_หนองสองห้อง_M16_U5,36,พรรคไทยพร้อม,1.0
KK10_หนองสองห้อง_หนองสองห้อง_M16_U5,37,พรรคภูมิใจไทย,165.0
KK10_หนองสองห้อง_หนองสองห้อง_M16_U5,38,พรรคพลังธรรมใหม่,1.0
KK10_หนองสองห้อง_หนองสองห้อง_M16_U5,46,พรรคประชาชน,166.0
KK10_หนองสองห้อง_หนองสองห้อง_M16_U5,47,พรรคประชาไทย,2.0
KK10_หนองสองห้อง_หนองสองห้อง_M16_U5,48,พรรคไทยสร้างไทย,4.0
KK10_หนองสองห้อง_หนองสองห้อง_M16_U5,49,พรรคไทยก้าวใหม่,3.0
KK10_หนองสองห้อง_หนองสองห้อง_M16_U5,51,พรรคพร้อม,1.0
KK10_หนองสองห้อง_หนองสองห้อง_M17_U6,1,พรรคไทยทรัพย์ทวี,7.0
KK10_หนองสองห้อง_หนองสองห้อง_M17_U6,2,พรรคเพื่อชาติไทย,4.0
KK10_หนองสองห้อง_หนองสองห้อง_M17_U6,3,พรรคใหม่,1.0
KK10_หนองสองห้อง_หนองสองห้อง_M17_U6,5,พรรครวมใจไทย,9.0
KK10_หนองสองห้อง_หนองสองห้อง_M17_U6,6,พรรครวมไทยสร้างชาติ,5.0
KK10_หนองสองห้อง_หนองสองห้อง_M17_U6,8,พรรคประชาธิปไตยใหม่,3.0
KK10_หนองสองห้อง_หนองสองห้อง_M17_U6,9,พรรคเพื่อไทย,100.0
KK10_หนองสองห้อง_หนองสองห้อง_M17_U6,10,พรรคทางเลือกใหม่,1.0
KK10_หนองสองห้อง_หนองสองห้อง_M17_U6,11,พรรคเศรษฐกิจ,13.0
KK10_หนองสองห้อง_หนองสองห้อง_M17_U6,12,พรรคเสรีรวมไทย,4.0
KK10_หนองสองห้อง_หนองสองห้อง_M17_U6,13,พรรครวมพลังประชาชน,2.0
KK10_หนองสองห้อง_หนองสองห้อง_M17_U6,15,พรรคอนาคตไทย,1.0
KK10_หนองสองห้อง_หนองสองห้อง_M17_U6,27,พรรคประชาธิปัตย์,6.0
KK10_หนองสองห้อง_หนองสองห้อง_M17_U6,28,พรรคไทยก้าวหน้า,1.0
KK10_หนองสองห้อง_หนองสองห้อง_M17_U6,29,พรรคไทยภักดี,2.0
KK10_หนองสองห้อง_หนองสองห้อง_M17_U6,30,พรรคแรงงานสร้างชาติ,1.0
KK10_หนองสองห้อง_หนองสองห้อง_M17_U6,31,พรรคประชากรไทย,1.0
KK10_หนองสองห้อง_หนองสองห้อง_M17_U6,34,พรรคสร้างอนาคตไทย,3.0
KK10_หนองสองห้อง_หนองสองห้อง_M17_U6,37,พรรคภูมิใจไทย,156.0
KK10_หนองสองห้อง_หนองสองห้อง_M17_U6,38,พรรคพลังธรรมใหม่,1.0
KK10_หนองสองห้อง_หนองสองห้อง_M17_U6,42,พรรคกล้าธรรม,1.0
KK10_หนองสองห้อง_หนองสองห้อง_M17_U6,43,พรรคพลังประชารัฐ,1.0
KK10_หนองสองห้อง_หนองสองห้อง_M17_U6,46,พรรคประชาชน,81.0
KK10_หนองสองห้อง_หนองสองห้อง_M17_U6,48,พรรคไทยสร้างไทย,1.0
KK10_หนองสองห้อง_หนองสองห้อง_M17_U6,49,พรรคไทยก้าวใหม่,2.0
KK10_หนองสองห้อง_หนองสองห้อง_M18_U7,1,พรรคไทยทรัพย์ทวี,10.0
KK10_หนองสองห้อง_หนองสองห้อง_M18_U7,2,พรรคเพื่อชาติไทย,3.0
KK10_หนองสองห้อง_หนองสองห้อง_M18_U7,3,พรรคใหม่,2.0
KK10_หนองสองห้อง_หนองสองห้อง_M18_U7,5,พรรครวมใจไทย,16.0
KK10_หนองสองห้อง_หนองสองห้อง_M18_U7,6,พรรครวมไทยสร้างชาติ,7.0
KK10_หนองสองห้อง_หนองสองห้อง_M18_U7,7,พรรคพลวัต,1.0
KK10_หนองสองห้อง_หนองสองห้อง_M18_U7,8,พรรคประชาธิปไตยใหม่,1.0
KK10_หนองสองห้อง_หนองสองห้อง_M18_U7,9,พรรคเพื่อไทย,185.0
KK10_หนองสองห้อง_หนองสองห้อง_M18_U7,11,พรรคเศรษฐกิจ,27.0
KK10_หนองสองห้อง_หนองสองห้อง_M18_U7,12,พรรคเสรีรวมไทย,3.0
KK10_หนองสองห้อง_หนองสองห้อง_M18_U7,13,พรรครวมพลังประชาชน,1.0
KK10_หนองสองห้อง_หนองสองห้อง_M18_U7,17,พรรคไทยชนะ,1.0
KK10_หนองสองห้อง_หนองสองห้อง_M18_U7,24,พรรควิชชั่นใหม่,2.0
KK10_หนองสองห้อง_หนองสองห้อง_M18_U7,27,พรรคประชาธิปัตย์,9.0
KK10_หนองสองห้อง_หนองสองห้อง_M18_U7,29,พรรคไทยภักดี,4.0
KK10_หนองสองห้อง_หนองสองห้อง_M18_U7,30,พรรคแรงงานสร้างชาติ,1.0
KK10_หนองสองห้อง_หนองสองห้อง_M18_U7,33,พรรคประชาชาติ,1.0
KK10_หนองสองห้อง_หนองสองห้อง_M18_U7,34,พรรคสร้างอนาคตไทย,1.0
KK10_หนองสองห้อง_หนองสองห้อง_M18_U7,36,พรรคไทยพร้อม,1.0
KK10_หนองสองห้อง_หนองสองห้อง_M18_U7,37,พรรคภูมิใจไทย,163.0
KK10_หนองสองห้อง_หนองสองห้อง_M18_U7,39,พรรคกรีน,1.0
KK10_หนองสองห้อง_หนองสองห้อง_M18_U7,42,พรรคกล้าธรรม,1.0
KK10_หนองสองห้อง_หนองสองห้อง_M18_U7,45,พรรคเป็นธรรม,1.0
KK10_หนองสองห้อง_หนองสองห้อง_M18_U7,46,พรรคประชาชน,123.0
KK10_หนองสองห้อง_หนองสองห้อง_M18_U7,48,พรรคไทยสร้างไทย,5.0
KK10_หนองสองห้อง_หนองสองห้อง_M5_U8,1,พรรคไทยทรัพย์ทวี,5.0
KK10_หนองสองห้อง_หนองสองห้อง_M5_U8,2,พรรคเพื่อชาติไทย,6.0
KK10_หนองสองห้อง_หนองสองห้อง_M5_U8,3,พรรคใหม่,3.0
KK10_หนองสองห้อง_หนองสองห้อง_M5_U8,4,พรรคมิติใหม่,1.0
KK10_หนองสองห้อง_หนองสองห้อง_M5_U8,5,พรรครวมใจไทย,6.0
KK10_หนองสองห้อง_หนองสองห้อง_M5_U8,6,พรรครวมไทยสร้างชาติ,9.0
KK10_หนองสองห้อง_หนองสองห้อง_M5_U8,8,พรรคประชาธิปไตยใหม่,1.0
KK10_หนองสองห้อง_หนองสองห้อง_M5_U8,9,พรรคเพื่อไทย,99.0
KK10_หนองสองห้อง_หนองสองห้อง_M5_U8,11,พรรคเศรษฐกิจ,5.0
KK10_หนองสองห้อง_หนองสองห้อง_M5_U8,13,พรรครวมพลังประชาชน,1.0
KK10_หนองสองห้อง_หนองสองห้อง_M5_U8,16,พรรคพลังเพื่อไทย,1.0
KK10_หนองสองห้อง_หนองสองห้อง_M5_U8,32,พรรคครูไทยเพื่อประชาชน,2.0
KK10_หนองสองห้อง_หนองสองห้อง_M5_U8,37,พรรคภูมิใจไทย,19.0
KK10_หนองสองห้อง_หนองสองห้อง_M5_U8,38,พรรคพลังธรรมใหม่,3.0
KK10_หนองสองห้อง_หนองสองห้อง_M5_U8,41,พรรคแผ่นดินธรรม,1.0
KK10_หนองสองห้อง_หนองสองห้อง_M5_U8,43,พรรคพลังประชารัฐ,1.0
KK10_หนองสองห้อง_หนองสองห้อง_M5_U8,46,พรรคประชาชน,45.0
KK10_หนองสองห้อง_หนองสองห้อง_M6_U9,1,พรรคไทยทรัพย์ทวี,8.0
KK10_หนองสองห้อง_หนองสองห้อง_M6_U9,2,พรรคเพื่อชาติไทย,5.0
KK10_หนองสองห้อง_หนองสองห้อง_M6_U9,3,พรรคใหม่,3.0
KK10_หนองสองห้อง_หนองสองห้อง_M6_U9,5,พรรครวมใจไทย,7.0
KK10_หนองสองห้อง_หนองสองห้อง_M6_U9,6,พรรครวมไทยสร้างชาติ,8.0
KK10_หนองสองห้อง_หนองสองห้อง_M6_U9,8,พรรคประชาธิปไตยใหม่,1.0
KK10_หนองสองห้อง_หนองสองห้อง_M6_U9,9,พรรคเพื่อไทย,161.0
KK10_หนองสองห้อง_หนองสองห้อง_M6_U9,11,พรรคเศรษฐกิจ,6.0
KK10_หนองสองห้อง_หนองสองห้อง_M6_U9,12,พรรคเสรีรวมไทย,1.0
KK10_หนองสองห้อง_หนองสองห้อง_M6_U9,18,พรรคพลังสังคมใหม่,1.0
KK10_หนองสองห้อง_หนองสองห้อง_M6_U9,27,พรรคประชาธิปัตย์,2.0
KK10_หนองสองห้อง_หนองสองห้อง_M6_U9,30,พรรคแรงงานสร้างชาติ,1.0
KK10_หนองสองห้อง_หนองสองห้อง_M6_U9,31,พรรคประชากรไทย,1.0
KK10_หนองสองห้อง_หนองสองห้อง_M6_U9,34,พรรคสร้างอนาคตไทย,1.0
KK10_หนองสองห้อง_หนองสองห้อง_M6_U9,35,พรรครักชาติ,2.0
KK10_หนองสองห้อง_หนองสองห้อง_M6_U9,36,พรรคไทยพร้อม,2.0
KK10_หนองสองห้อง_หนองสองห้อง_M6_U9,37,พรรคภูมิใจไทย,109.0
KK10_หนองสองห้อง_หนองสองห้อง_M6_U9,38,พรรคพลังธรรมใหม่,6.0
KK10_หนองสองห้อง_หนองสองห้อง_M6_U9,42,พรรคกล้าธรรม,1.0
KK10_หนองสองห้อง_หนองสองห้อง_M6_U9,45,พรรคเป็นธรรม,1.0
KK10_หนองสองห้อง_หนองสองห้อง_M6_U9,46,พรรคประชาชน,49.0
KK10_หนองสองห้อง_หนองสองห้อง_M6_U9,49,พรรคไทยก้าวใหม่,2.0
KK10_หนองสองห้อง_หนองสองห้อง_M6_U9,51,พรรคพร้อม,1.0
KK10_หนองสองห้อง_หนองเม็ก_M8_U10,1,พรรคไทยทรัพย์ทวี,12.0
KK10_หนองสองห้อง_หนองเม็ก_M8_U10,2,พรรคเพื่อชาติไทย,6.0
KK10_หนองสองห้อง_หนองเม็ก_M8_U10,3,พรรคใหม่,4.0
KK10_หนองสองห้อง_หนองเม็ก_M8_U10,5,พรรครวมใจไทย,14.0
KK10_หนองสองห้อง_หนองเม็ก_M8_U10,6,พรรครวมไทยสร้างชาติ,5.0
KK10_หนองสองห้อง_หนองเม็ก_M8_U10,7,พรรคพลวัต,2.0
KK10_หนองสองห้อง_หนองเม็ก_M8_U10,8,พรรคประชาธิปไตยใหม่,3.0
KK10_หนองสองห้อง_หนองเม็ก_M8_U10,9,พรรคเพื่อไทย,152.0
KK10_หนองสองห้อง_หนองเม็ก_M8_U10,10,พรรคทางเลือกใหม่,1.0
KK10_หนองสองห้อง_หนองเม็ก_M8_U10,11,พรรคเศรษฐกิจ,5.0
KK10_หนองสองห้อง_หนองเม็ก_M8_U10,12,พรรคเสรีรวมไทย,2.0
KK10_หนองสองห้อง_หนองเม็ก_M8_U10,13,พรรครวมพลังประชาชน,4.0
KK10_หนองสองห้อง_หนองเม็ก_M8_U10,16,พรรคพลังเพื่อไทย,1.0
KK10_หนองสองห้อง_หนองเม็ก_M8_U10,20,พรรคฟิวชัน,1.0
KK10_หนองสองห้อง_หนองเม็ก_M8_U10,27,พรรคประชาธิปัตย์,3.0
KK10_หนองสองห้อง_หนองเม็ก_M8_U10,28,พรรคไทยก้าวหน้า,1.0
KK10_หนองสองห้อง_หนองเม็ก_M8_U10,34,พรรคสร้างอนาคตไทย,1.0
KK10_หนองสองห้อง_หนองเม็ก_M8_U10,36,พรรคไทยพร้อม,3.0
KK10_หนองสองห้อง_หนองเม็ก_M8_U10,37,พรรคภูมิใจไทย,71.0
KK10_หนองสองห้อง_หนองเม็ก_M8_U10,38,พรรคพลังธรรมใหม่,4.0
KK10_หนองสองห้อง_หนองเม็ก_M8_U10,42,พรรคกล้าธรรม,1.0
KK10_หนองสองห้อง_หนองเม็ก_M8_U10,43,พรรคพลังประชารัฐ,1.0
KK10_หนองสองห้อง_หนองเม็ก_M8_U10,46,พรรคประชาชน,95.0
KK10_หนองสองห้อง_หนองเม็ก_M8_U10,47,พรรคประชาไทย,1.0
KK10_หนองสองห้อง_หนองเม็ก_M8_U10,48,พรรคไทยสร้างไทย,1.0
KK10_หนองสองห้อง_หนองเม็ก_M8_U10,49,พรรคไทยก้าวใหม่,2.0
KK10_หนองสองห้อง_หนองเม็ก_M8_U10,53,พรรคไทยพิทักษ์ธรรม,1.0
KK10_หนองสองห้อง_หนองเม็ก_M8_U10,54,พรรคความหวังใหม่,1.0
KK10_หนองสองห้อง_หนองเม็ก_M9_U11,1,พรรคไทยทรัพย์ทวี,7.0
KK10_หนองสองห้อง_หนองเม็ก_M9_U11,2,พรรคเพื่อชาติไทย,2.0
KK10_หนองสองห้อง_หนองเม็ก_M9_U11,5,พรรครวมใจไทย,9.0
KK10_หนองสองห้อง_หนองเม็ก_M9_U11,6,พรรครวมไทยสร้างชาติ,3.0
KK10_หนองสองห้อง_หนองเม็ก_M9_U11,9,พรรคเพื่อไทย,77.0
KK10_หนองสองห้อง_หนองเม็ก_M9_U11,10,พรรคทางเลือกใหม่,1.0
KK10_หนองสองห้อง_หนองเม็ก_M9_U11,11,พรรคเศรษฐกิจ,3.0
KK10_หนองสองห้อง_หนองเม็ก_M9_U11,13,พรรครวมพลังประชาชน,2.0
KK10_หนองสองห้อง_หนองเม็ก_M9_U11,19,พรรคสังคมประชาธิปไตยไทย,2.0
KK10_หนองสองห้อง_หนองเม็ก_M9_U11,20,พรรคฟิวชัน,1.0
KK10_หนองสองห้อง_หนองเม็ก_M9_U11,27,พรรคประชาธิปัตย์,6.0
KK10_หนองสองห้อง_หนองเม็ก_M9_U11,29,พรรคไทยภักดี,1.0
KK10_หนองสองห้อง_หนองเม็ก_M9_U11,31,พรรคประชากรไทย,1.0
KK10_หนองสองห้อง_หนองเม็ก_M9_U11,35,พรรครักชาติ,1.0
KK10_หนองสองห้อง_หนองเม็ก_M9_U11,37,พรรคภูมิใจไทย,47.0
KK10_หนองสองห้อง_หนองเม็ก_M9_U11,38,พรรคพลังธรรมใหม่,1.0
KK10_หนองสองห้อง_หนองเม็ก_M9_U11,43,พรรคพลังประชารัฐ,1.0
KK10_หนองสองห้อง_หนองเม็ก_M9_U11,46,พรรคประชาชน,42.0
KK10_หนองสองห้อง_หนองเม็ก_M9_U11,48,พรรคไทยสร้างไทย,1.0
KK10_หนองสองห้อง_หนองเม็ก_M10_U12,1,พรรคไทยทรัพย์ทวี,3.0
KK10_หนองสองห้อง_หนองเม็ก_M10_U12,2,พรรคเพื่อชาติไทย,4.0
KK10_หนองสองห้อง_หนองเม็ก_M10_U12,3,พรรคใหม่,2.0
KK10_หนองสองห้อง_หนองเม็ก_M10_U12,5,พรรครวมใจไทย,11.0
KK10_หนองสองห้อง_หนองเม็ก_M10_U12,6,พรรครวมไทยสร้างชาติ,7.0
KK10_หนองสองห้อง_หนองเม็ก_M10_U12,8,พรรคประชาธิปไตยใหม่,15.0
KK10_หนองสองห้อง_หนองเม็ก_M10_U12,9,พรรคเพื่อไทย,75.0
KK10_หนองสองห้อง_หนองเม็ก_M10_U12,11,พรรคเศรษฐกิจ,3.0
KK10_หนองสองห้อง_หนองเม็ก_M10_U12,12,พรรคเสรีรวมไทย,1.0
KK10_หนองสองห้อง_หนองเม็ก_M10_U12,16,พรรคพลังเพื่อไทย,1.0
KK10_หนองสองห้อง_หนองเม็ก_M10_U12,17,พรรคไทยชนะ,1.0
KK10_หนองสองห้อง_หนองเม็ก_M10_U12,18,พรรคพลังสังคมใหม่,2.0
KK10_หนองสองห้อง_หนองเม็ก_M10_U12,21,พรรคไทรวมพลัง,2.0
KK10_หนองสองห้อง_หนองเม็ก_M10_U12,23,พรรคปวงชนไทย,1.0
KK10_หนองสองห้อง_หนองเม็ก_M10_U12,24,พรรควิชชั่นใหม่,3.0
KK10_หนองสองห้อง_หนองเม็ก_M10_U12,27,พรรคประชาธิปัตย์,2.0
KK10_หนองสองห้อง_หนองเม็ก_M10_U12,28,พรรคไทยก้าวหน้า,1.0
KK10_หนองสองห้อง_หนองเม็ก_M10_U12,30,พรรคแรงงานสร้างชาติ,1.0
KK10_หนองสองห้อง_หนองเม็ก_M10_U12,31,พรรคประชากรไทย,2.0
KK10_หนองสองห้อง_หนองเม็ก_M10_U12,35,พรรครักชาติ,3.0
KK10_หนองสองห้อง_หนองเม็ก_M10_U12,37,พรรคภูมิใจไทย,85.0
KK10_หนองสองห้อง_หนองเม็ก_M10_U12,47,พรรคประชาไทย,1.0
KK10_หนองสองห้อง_หนองเม็ก_M10_U12,48,พรรคไทยสร้างไทย,2.0
KK10_หนองสองห้อง_หนองเม็ก_M11_U13,1,พรรคไทยทรัพย์ทวี,4.0
KK10_หนองสองห้อง_หนองเม็ก_M11_U13,2,พรรคเพื่อชาติไทย,3.0
KK10_หนองสองห้อง_หนองเม็ก_M11_U13,3,พรรคใหม่,1.0
KK10_หนองสองห้อง_หนองเม็ก_M11_U13,5,พรรครวมใจไทย,2.0
KK10_หนองสองห้อง_หนองเม็ก_M11_U13,6,พรรครวมไทยสร้างชาติ,1.0
KK10_หนองสองห้อง_หนองเม็ก_M11_U13,8,พรรคประชาธิปไตยใหม่,2.0
KK10_หนองสองห้อง_หนองเม็ก_M11_U13,9,พรรคเพื่อไทย,86.0
KK10_หนองสองห้อง_หนองเม็ก_M11_U13,13,พรรครวมพลังประชาชน,1.0
KK10_หนองสองห้อง_หนองเม็ก_M11_U13,17,พรรคไทยชนะ,1.0
KK10_หนองสองห้อง_หนองเม็ก_M11_U13,21,พรรคไทรวมพลัง,1.0
KK10_หนองสองห้อง_หนองเม็ก_M11_U13,27,พรรคประชาธิปัตย์,2.0
KK10_หนองสองห้อง_หนองเม็ก_M11_U13,34,พรรคสร้างอนาคตไทย,1.0
KK10_หนองสองห้อง_หนองเม็ก_M11_U13,35,พรรครักชาติ,1.0
KK10_หนองสองห้อง_หนองเม็ก_M11_U13,37,พรรคภูมิใจไทย,13.0
KK10_หนองสองห้อง_หนองเม็ก_M11_U13,38,พรรคพลังธรรมใหม่,2.0
KK10_หนองสองห้อง_หนองเม็ก_M11_U13,46,พรรคประชาชน,30.0
KK10_หนองสองห้อง_หนองเม็ก_M11_U13,48,พรรคไทยสร้างไทย,2.0
KK10_หนองสองห้อง_หนองเม็ก_M11_U13,49,พรรคไทยก้าวใหม่,1.0
KK10_หนองสองห้อง_หนองเม็ก_M12_U14,1,พรรคไทยทรัพย์ทวี,12.0
KK10_หนองสองห้อง_หนองเม็ก_M12_U14,2,พรรคเพื่อชาติไทย,5.0
KK10_หนองสองห้อง_หนองเม็ก_M12_U14,3,พรรคใหม่,1.0
KK10_หนองสองห้อง_หนองเม็ก_M12_U14,4,พรรคมิติใหม่,1.0
KK10_หนองสองห้อง_หนองเม็ก_M12_U14,5,พรรครวมใจไทย,7.0
KK10_หนองสองห้อง_หนองเม็ก_M12_U14,6,พรรครวมไทยสร้างชาติ,3.0
KK10_หนองสองห้อง_หนองเม็ก_M12_U14,9,พรรคเพื่อไทย,114.0
KK10_หนองสองห้อง_หนองเม็ก_M12_U14,11,พรรคเศรษฐกิจ,15.0
KK10_หนองสองห้อง_หนองเม็ก_M12_U14,12,พรรคเสรีรวมไทย,6.0
KK10_หนองสองห้อง_หนองเม็ก_M12_U14,14,พรรคท้องที่ไทย,1.0
KK10_หนองสองห้อง_หนองเม็ก_M12_U14,25,พรรคเพื่อชีวิตใหม่,1.0
KK10_หนองสองห้อง_หนองเม็ก_M12_U14,27,พรรคประชาธิปัตย์,3.0
KK10_หนองสองห้อง_หนองเม็ก_M12_U14,29,พรรคไทยภักดี,2.0
KK10_หนองสองห้อง_หนองเม็ก_M12_U14,35,พรรครักชาติ,1.0
KK10_หนองสองห้อง_หนองเม็ก_M12_U14,37,พรรคภูมิใจไทย,38.0
KK10_หนองสองห้อง_หนองเม็ก_M12_U14,38,พรรคพลังธรรมใหม่,4.0
KK10_หนองสองห้อง_หนองเม็ก_M12_U14,46,พรรคประชาชน,36.0
KK10_หนองสองห้อง_หนองเม็ก_M12_U14,48,พรรคไทยสร้างไทย,1.0
KK10_หนองสองห้อง_หนองเม็ก_M12_U15,1,พรรคไทยทรัพย์ทวี,4.0
KK10_หนองสองห้อง_หนองเม็ก_M12_U15,2,พรรคเพื่อชาติไทย,2.0
KK10_หนองสองห้อง_หนองเม็ก_M12_U15,5,พรรครวมใจไทย,11.0
KK10_หนองสองห้อง_หนองเม็ก_M12_U15,7,พรรคพลวัต,2.0
KK10_หนองสองห้อง_หนองเม็ก_M12_U15,9,พรรคเพื่อไทย,43.0
KK10_หนองสองห้อง_หนองเม็ก_M12_U15,11,พรรคเศรษฐกิจ,2.0
KK10_หนองสองห้อง_หนองเม็ก_M12_U15,13,พรรครวมพลังประชาชน,1.0
KK10_หนองสองห้อง_หนองเม็ก_M12_U15,18,พรรคพลังสังคมใหม่,1.0
KK10_หนองสองห้อง_หนองเม็ก_M12_U15,20,พรรคฟิวชัน,1.0
KK10_หนองสองห้อง_หนองเม็ก_M12_U15,36,พรรคไทยพร้อม,1.0
KK10_หนองสองห้อง_หนองเม็ก_M12_U15,37,พรรคภูมิใจไทย,14.0
KK10_หนองสองห้อง_หนองเม็ก_M12_U15,38,พรรคพลังธรรมใหม่,1.0
KK10_หนองสองห้อง_หนองเม็ก_M12_U15,45,พรรคเป็นธรรม,1.0
KK10_หนองสองห้อง_หนองเม็ก_M12_U15,46,พรรคประชาชน,14.0
KK10_หนองสองห้อง_หนองเม็ก_M12_U15,48,พรรคไทยสร้างไทย,6.0
KK10_หนองสองห้อง_หนองเม็ก_M12_U15,53,พรรคไทยพิทักษ์ธรรม,1.0
KK10_หนองสองห้อง_หนองเม็ก_M14_U16,1,พรรคไทยทรัพย์ทวี,3.0
KK10_หนองสองห้อง_หนองเม็ก_M14_U16,5,พรรครวมใจไทย,5.0
KK10_หนองสองห้อง_หนองเม็ก_M14_U16,6,พรรครวมไทยสร้างชาติ,3.0
KK10_หนองสองห้อง_หนองเม็ก_M14_U16,8,พรรคประชาธิปไตยใหม่,1.0
KK10_หนองสองห้อง_หนองเม็ก_M14_U16,9,พรรคเพื่อไทย,32.0
KK10_หนองสองห้อง_หนองเม็ก_M14_U16,11,พรรคเศรษฐกิจ,3.0
KK10_หนองสองห้อง_หนองเม็ก_M14_U16,12,พรรคเสรีรวมไทย,1.0
KK10_หนองสองห้อง_หนองเม็ก_M14_U16,13,พรรครวมพลังประชาชน,3.0
KK10_หนองสองห้อง_หนองเม็ก_M14_U16,34,พรรคสร้างอนาคตไทย,1.0
KK10_หนองสองห้อง_หนองเม็ก_M14_U16,37,พรรคภูมิใจไทย,23.0
KK10_หนองสองห้อง_หนองเม็ก_M14_U16,38,พรรคพลังธรรมใหม่,1.0
KK10_หนองสองห้อง_หนองเม็ก_M14_U16,46,พรรคประชาชน,22.0
KK10_หนองสองห้อง_หนองเม็ก_M14_U16,47,พรรคประชาไทย,1.0
KK10_หนองสองห้อง_หนองเม็ก_M15_U17,1,พรรคไทยทรัพย์ทวี,4.0
KK10_หนองสองห้อง_หนองเม็ก_M15_U17,2,พรรคเพื่อชาติไทย,3.0
KK10_หนองสองห้อง_หนองเม็ก_M15_U17,3,พรรคใหม่,1.0
KK10_หนองสองห้อง_หนองเม็ก_M15_U17,5,พรรครวมใจไทย,9.0
KK10_หนองสองห้อง_หนองเม็ก_M15_U17,6,พรรครวมไทยสร้างชาติ,10.0
KK10_หนองสองห้อง_หนองเม็ก_M15_U17,8,พรรคประชาธิปไตยใหม่,2.0
KK10_หนองสองห้อง_หนองเม็ก_M15_U17,9,พรรคเพื่อไทย,119.0
KK10_หนองสองห้อง_หนองเม็ก_M15_U17,10,พรรคทางเลือกใหม่,2.0
KK10_หนองสองห้อง_หนองเม็ก_M15_U17,11,พรรคเศรษฐกิจ,22.0
KK10_หนองสองห้อง_หนองเม็ก_M15_U17,12,พรรคเสรีรวมไทย,3.0
KK10_หนองสองห้อง_หนองเม็ก_M15_U17,16,พรรคพลังเพื่อไทย,1.0
KK10_หนองสองห้อง_หนองเม็ก_M15_U17,27,พรรคประชาธิปัตย์,3.0
KK10_หนองสองห้อง_หนองเม็ก_M15_U17,29,พรรคไทยภักดี,1.0
KK10_หนองสองห้อง_หนองเม็ก_M15_U17,34,พรรคสร้างอนาคตไทย,2.0
KK10_หนองสองห้อง_หนองเม็ก_M15_U17,35,พรรครักชาติ,1.0
KK10_หนองสองห้อง_หนองเม็ก_M15_U17,37,พรรคภูมิใจไทย,59.0
KK10_หนองสองห้อง_หนองเม็ก_M15_U17,38,พรรคพลังธรรมใหม่,2.0
KK10_หนองสองห้อง_หนองเม็ก_M15_U17,39,พรรคกรีน,1.0
KK10_หนองสองห้อง_หนองเม็ก_M15_U17,40,พรรคไทยธรรม,1.0
KK10_หนองสองห้อง_หนองเม็ก_M15_U17,45,พรรคเป็นธรรม,1.0
KK10_หนองสองห้อง_หนองเม็ก_M15_U17,46,พรรคประชาชน,44.0
KK10_หนองสองห้อง_หนองเม็ก_M15_U17,47,พรรคประชาไทย,1.0
KK10_หนองสองห้อง_หนองเม็ก_M15_U17,49,พรรคไทยก้าวใหม่,2.0
KK10_หนองสองห้อง_หนองเม็ก_M2_U1,1,พรรคไทยทรัพย์ทวี,2.0
KK10_หนองสองห้อง_หนองเม็ก_M2_U1,2,พรรคเพื่อชาติไทย,7.0
KK10_หนองสองห้อง_หนองเม็ก_M2_U1,5,พรรครวมใจไทย,16.0
KK10_หนองสองห้อง_หนองเม็ก_M2_U1,6,พรรครวมไทยสร้างชาติ,5.0
KK10_หนองสองห้อง_หนองเม็ก_M2_U1,8,พรรคประชาธิปไตยใหม่,1.0
KK10_หนองสองห้อง_หนองเม็ก_M2_U1,9,พรรคเพื่อไทย,93.0
KK10_หนองสองห้อง_หนองเม็ก_M2_U1,10,พรรคทางเลือกใหม่,1.0
KK10_หนองสองห้อง_หนองเม็ก_M2_U1,11,พรรคเศรษฐกิจ,13.0
KK10_หนองสองห้อง_หนองเม็ก_M2_U1,12,พรรคเสรีรวมไทย,1.0
KK10_หนองสองห้อง_หนองเม็ก_M2_U1,16,พรรคพลังเพื่อไทย,1.0
KK10_หนองสองห้อง_หนองเม็ก_M2_U1,21,พรรคไทรวมพลัง,1.0
KK10_หนองสองห้อง_หนองเม็ก_M2_U1,27,พรรคประชาธิปัตย์,3.0
KK10_หนองสองห้อง_หนองเม็ก_M2_U1,29,พรรคไทยภักดี,1.0
KK10_หนองสองห้อง_หนองเม็ก_M2_U1,34,พรรคสร้างอนาคตไทย,2.0
KK10_หนองสองห้อง_หนองเม็ก_M2_U1,37,พรรคภูมิใจไทย,63.0
KK10_หนองสองห้อง_หนองเม็ก_M2_U1,38,พรรคพลังธรรมใหม่,1.0
KK10_หนองสองห้อง_หนองเม็ก_M2_U1,39,พรรคกรีน,1.0
KK10_หนองสองห้อง_หนองเม็ก_M2_U1,40,พรรคไทยธรรม,1.0
KK10_หนองสองห้อง_หนองเม็ก_M2_U1,42,พรรคกล้าธรรม,1.0
KK10_หนองสองห้อง_หนองเม็ก_M2_U1,43,พรรคพลังประชารัฐ,1.0
KK10_หนองสองห้อง_หนองเม็ก_M2_U1,45,พรรคเป็นธรรม,1.0
KK10_หนองสองห้อง_หนองเม็ก_M2_U1,46,พรรคประชาชน,50.0
KK10_หนองสองห้อง_หนองเม็ก_M2_U1,48,พรรคไทยสร้างไทย,2.0
KK10_หนองสองห้อง_หนองเม็ก_M2_U1,49,พรรคไทยก้าวใหม่,1.0
KK10_หนองสองห้อง_หนองเม็ก_M2_U1,54,พรรคความหวังใหม่,1.0
KK10_หนองสองห้อง_หนองเม็ก_M1_U2,1,พรรคไทยทรัพย์ทวี,2.0
KK10_หนองสองห้อง_หนองเม็ก_M1_U2,2,พรรคเพื่อชาติไทย,4.0
KK10_หนองสองห้อง_หนองเม็ก_M1_U2,5,พรรครวมใจไทย,5.0
KK10_หนองสองห้อง_หนองเม็ก_M1_U2,6,พรรครวมไทยสร้างชาติ,1.0
KK10_หนองสองห้อง_หนองเม็ก_M1_U2,9,พรรคเพื่อไทย,108.0
KK10_หนองสองห้อง_หนองเม็ก_M1_U2,11,พรรคเศรษฐกิจ,18.0
KK10_หนองสองห้อง_หนองเม็ก_M1_U2,12,พรรคเสรีรวมไทย,2.0
KK10_หนองสองห้อง_หนองเม็ก_M1_U2,13,พรรครวมพลังประชาชน,2.0
KK10_หนองสองห้อง_หนองเม็ก_M1_U2,27,พรรคประชาธิปัตย์,9.0
KK10_หนองสองห้อง_หนองเม็ก_M1_U2,30,พรรคแรงงานสร้างชาติ,1.0
KK10_หนองสองห้อง_หนองเม็ก_M1_U2,32,พรรคครูไทยเพื่อประชาชน,1.0
KK10_หนองสองห้อง_หนองเม็ก_M1_U2,34,พรรคสร้างอนาคตไทย,1.0
KK10_หนองสองห้อง_หนองเม็ก_M1_U2,37,พรรคภูมิใจไทย,55.0
KK10_หนองสองห้อง_หนองเม็ก_M1_U2,38,พรรคพลังธรรมใหม่,2.0
KK10_หนองสองห้อง_หนองเม็ก_M1_U2,45,พรรคเป็นธรรม,1.0
KK10_หนองสองห้อง_หนองเม็ก_M1_U2,46,พรรคประชาชน,53.0
KK10_หนองสองห้อง_หนองเม็ก_M1_U2,47,พรรคประชาไทย,1.0
KK10_หนองสองห้อง_หนองเม็ก_M1_U2,48,พรรคไทยสร้างไทย,1.0
KK10_หนองสองห้อง_หนองเม็ก_M1_U2,56,พรรคเพื่อชาติ,1.0
KK10_หนองสองห้อง_หนองเม็ก_M2_U3,1,พรรคไทยทรัพย์ทวี,8.0
KK10_หนองสองห้อง_หนองเม็ก_M2_U3,2,พรรคเพื่อชาติไทย,7.0
KK10_หนองสองห้อง_หนองเม็ก_M2_U3,5,พรรครวมใจไทย,3.0
KK10_หนองสองห้อง_หนองเม็ก_M2_U3,6,พรรครวมไทยสร้างชาติ,3.0
KK10_หนองสองห้อง_หนองเม็ก_M2_U3,8,พรรคประชาธิปไตยใหม่,2.0
KK10_หนองสองห้อง_หนองเม็ก_M2_U3,9,พรรคเพื่อไทย,104.0
KK10_หนองสองห้อง_หนองเม็ก_M2_U3,10,พรรคทางเลือกใหม่,3.0
KK10_หนองสองห้อง_หนองเม็ก_M2_U3,11,พรรคเศรษฐกิจ,5.0
KK10_หนองสองห้อง_หนองเม็ก_M2_U3,13,พรรครวมพลังประชาชน,2.0
KK10_หนองสองห้อง_หนองเม็ก_M2_U3,16,พรรคพลังเพื่อไทย,4.0
KK10_หนองสองห้อง_หนองเม็ก_M2_U3,27,พรรคประชาธิปัตย์,3.0
KK10_หนองสองห้อง_หนองเม็ก_M2_U3,28,พรรคไทยก้าวหน้า,1.0
KK10_หนองสองห้อง_หนองเม็ก_M2_U3,29,พรรคไทยภักดี,1.0
KK10_หนองสองห้อง_หนองเม็ก_M2_U3,34,พรรคสร้างอนาคตไทย,1.0
KK10_หนองสองห้อง_หนองเม็ก_M2_U3,37,พรรคภูมิใจไทย,19.0
KK10_หนองสองห้อง_หนองเม็ก_M2_U3,38,พรรคพลังธรรมใหม่,1.0
KK10_หนองสองห้อง_หนองเม็ก_M2_U3,46,พรรคประชาชน,50.0
KK10_หนองสองห้อง_หนองเม็ก_M2_U3,49,พรรคไทยก้าวใหม่,1.0
KK10_หนองสองห้อง_หนองเม็ก_M3_U4,1,พรรคไทยทรัพย์ทวี,3.0
KK10_หนองสองห้อง_หนองเม็ก_M3_U4,2,พรรคเพื่อชาติไทย,3.0
KK10_หนองสองห้อง_หนองเม็ก_M3_U4,5,พรรครวมใจไทย,2.0
KK10_หนองสองห้อง_หนองเม็ก_M3_U4,6,พรรครวมไทยสร้างชาติ,1.0
KK10_หนองสองห้อง_หนองเม็ก_M3_U4,8,พรรคประชาธิปไตยใหม่,1.0
KK10_หนองสองห้อง_หนองเม็ก_M3_U4,9,พรรคเพื่อไทย,63.0
KK10_หนองสองห้อง_หนองเม็ก_M3_U4,12,พรรคเสรีรวมไทย,1.0
KK10_หนองสองห้อง_หนองเม็ก_M3_U4,13,พรรครวมพลังประชาชน,2.0
KK10_หนองสองห้อง_หนองเม็ก_M3_U4,27,พรรคประชาธิปัตย์,1.0
KK10_หนองสองห้อง_หนองเม็ก_M3_U4,28,พรรคไทยก้าวหน้า,1.0
KK10_หนองสองห้อง_หนองเม็ก_M3_U4,31,พรรคประชากรไทย,1.0
KK10_หนองสองห้อง_หนองเม็ก_M3_U4,34,พรรคสร้างอนาคตไทย,1.0
KK10_หนองสองห้อง_หนองเม็ก_M3_U4,35,พรรครักชาติ,1.0
KK10_หนองสองห้อง_หนองเม็ก_M3_U4,37,พรรคภูมิใจไทย,67.0
KK10_หนองสองห้อง_หนองเม็ก_M3_U4,38,พรรคพลังธรรมใหม่,1.0
KK10_หนองสองห้อง_หนองเม็ก_M3_U4,46,พรรคประชาชน,23.0
KK10_หนองสองห้อง_หนองเม็ก_M3_U4,48,พรรคไทยสร้างไทย,3.0
KK10_หนองสองห้อง_หนองเม็ก_M4_U5,1,พรรคไทยทรัพย์ทวี,7.0
KK10_หนองสองห้อง_หนองเม็ก_M4_U5,2,พรรคเพื่อชาติไทย,2.0
KK10_หนองสองห้อง_หนองเม็ก_M4_U5,3,พรรคใหม่,1.0
KK10_หนองสองห้อง_หนองเม็ก_M4_U5,5,พรรครวมใจไทย,14.0
KK10_หนองสองห้อง_หนองเม็ก_M4_U5,6,พรรครวมไทยสร้างชาติ,3.0
KK10_หนองสองห้อง_หนองเม็ก_M4_U5,7,พรรคพลวัต,1.0
KK10_หนองสองห้อง_หนองเม็ก_M4_U5,8,พรรคประชาธิปไตยใหม่,1.0
KK10_หนองสองห้อง_หนองเม็ก_M4_U5,9,พรรคเพื่อไทย,104.0
KK10_หนองสองห้อง_หนองเม็ก_M4_U5,10,พรรคทางเลือกใหม่,1.0
KK10_หนองสองห้อง_หนองเม็ก_M4_U5,11,พรรคเศรษฐกิจ,6.0
KK10_หนองสองห้อง_หนองเม็ก_M4_U5,12,พรรคเสรีรวมไทย,1.0
KK10_หนองสองห้อง_หนองเม็ก_M4_U5,13,พรรครวมพลังประชาชน,1.0
KK10_หนองสองห้อง_หนองเม็ก_M4_U5,17,พรรคไทยชนะ,1.0
KK10_หนองสองห้อง_หนองเม็ก_M4_U5,27,พรรคประชาธิปัตย์,3.0
KK10_หนองสองห้อง_หนองเม็ก_M4_U5,30,พรรคแรงงานสร้างชาติ,1.0
KK10_หนองสองห้อง_หนองเม็ก_M4_U5,31,พรรคประชากรไทย,1.0
KK10_หนองสองห้อง_หนองเม็ก_M4_U5,34,พรรคสร้างอนาคตไทย,1.0
KK10_หนองสองห้อง_หนองเม็ก_M4_U5,35,พรรครักชาติ,1.0
KK10_หนองสองห้อง_หนองเม็ก_M4_U5,37,พรรคภูมิใจไทย,74.0
KK10_หนองสองห้อง_หนองเม็ก_M4_U5,38,พรรคพลังธรรมใหม่,2.0
KK10_หนองสองห้อง_หนองเม็ก_M4_U5,46,พรรคประชาชน,47.0
KK10_หนองสองห้อง_หนองเม็ก_M4_U5,47,พรรคประชาไทย,2.0
KK10_หนองสองห้อง_หนองเม็ก_M4_U5,51,พรรคพร้อม,1.0
KK10_หนองสองห้อง_หนองเม็ก_M4_U5,57,พรรคพลังไทยรักชาติ,1.0
KK10_หนองสองห้อง_หนองเม็ก_M4_U6,1,พรรคไทยทรัพย์ทวี,11.0
KK10_หนองสองห้อง_หนองเม็ก_M4_U6,2,พรรคเพื่อชาติไทย,3.0
KK10_หนองสองห้อง_หนองเม็ก_M4_U6,3,พรรคใหม่,2.0
KK10_หนองสองห้อง_หนองเม็ก_M4_U6,5,พรรครวมใจไทย,7.0
KK10_หนองสองห้อง_หนองเม็ก_M4_U6,6,พรรครวมไทยสร้างชาติ,5.0
KK10_หนองสองห้อง_หนองเม็ก_M4_U6,8,พรรคประชาธิปไตยใหม่,1.0
KK10_หนองสองห้อง_หนองเม็ก_M4_U6,9,พรรคเพื่อไทย,134.0
KK10_หนองสองห้อง_หนองเม็ก_M4_U6,11,พรรคเศรษฐกิจ,9.0
KK10_หนองสองห้อง_หนองเม็ก_M4_U6,12,พรรคเสรีรวมไทย,4.0
KK10_หนองสองห้อง_หนองเม็ก_M4_U6,13,พรรครวมพลังประชาชน,2.0
KK10_หนองสองห้อง_หนองเม็ก_M4_U6,16,พรรคพลังเพื่อไทย,1.0
KK10_หนองสองห้อง_หนองเม็ก_M4_U6,27,พรรคประชาธิปัตย์,3.0
KK10_หนองสองห้อง_หนองเม็ก_M4_U6,29,พรรคไทยภักดี,1.0
KK10_หนองสองห้อง_หนองเม็ก_M4_U6,30,พรรคแรงงานสร้างชาติ,1.0
KK10_หนองสองห้อง_หนองเม็ก_M4_U6,31,พรรคประชากรไทย,1.0
KK10_หนองสองห้อง_หนองเม็ก_M4_U6,32,พรรคครูไทยเพื่อประชาชน,2.0
KK10_หนองสองห้อง_หนองเม็ก_M4_U6,36,พรรคไทยพร้อม,1.0
KK10_หนองสองห้อง_หนองเม็ก_M4_U6,37,พรรคภูมิใจไทย,78.0
KK10_หนองสองห้อง_หนองเม็ก_M4_U6,38,พรรคพลังธรรมใหม่,4.0
KK10_หนองสองห้อง_หนองเม็ก_M4_U6,44,พรรคโอกาสใหม่,1.0
KK10_หนองสองห้อง_หนองเม็ก_M4_U6,45,พรรคเป็นธรรม,1.0
KK10_หนองสองห้อง_หนองเม็ก_M4_U6,46,พรรคประชาชน,60.0
KK10_หนองสองห้อง_หนองเม็ก_M4_U6,48,พรรคไทยสร้างไทย,3.0
KK10_หนองสองห้อง_หนองเม็ก_M4_U6,55,พรรคไทยรวมไทย,1.0
KK10_หนองสองห้อง_หนองเม็ก_M5_U7,1,พรรคไทยทรัพย์ทวี,5.0
KK10_หนองสองห้อง_หนองเม็ก_M5_U7,2,พรรคเพื่อชาติไทย,10.0
KK10_หนองสองห้อง_หนองเม็ก_M5_U7,3,พรรคใหม่,3.0
KK10_หนองสองห้อง_หนองเม็ก_M5_U7,5,พรรครวมใจไทย,3.0
KK10_หนองสองห้อง_หนองเม็ก_M5_U7,6,พรรครวมไทยสร้างชาติ,2.0
KK10_หนองสองห้อง_หนองเม็ก_M5_U7,8,พรรคประชาธิปไตยใหม่,2.0
KK10_หนองสองห้อง_หนองเม็ก_M5_U7,9,พรรคเพื่อไทย,136.0
KK10_หนองสองห้อง_หนองเม็ก_M5_U7,10,พรรคทางเลือกใหม่,2.0
KK10_หนองสองห้อง_หนองเม็ก_M5_U7,11,พรรคเศรษฐกิจ,2.0
KK10_หนองสองห้อง_หนองเม็ก_M5_U7,15,พรรคอนาคตไทย,1.0
KK10_หนองสองห้อง_หนองเม็ก_M5_U7,22,พรรคก้าวอิสระ,1.0
KK10_หนองสองห้อง_หนองเม็ก_M5_U7,24,พรรควิชชั่นใหม่,1.0
KK10_หนองสองห้อง_หนองเม็ก_M5_U7,27,พรรคประชาธิปัตย์,1.0
KK10_หนองสองห้อง_หนองเม็ก_M5_U7,29,พรรคไทยภักดี,3.0
KK10_หนองสองห้อง_หนองเม็ก_M5_U7,33,พรรคประชาชาติ,1.0
KK10_หนองสองห้อง_หนองเม็ก_M5_U7,34,พรรคสร้างอนาคตไทย,1.0
KK10_หนองสองห้อง_หนองเม็ก_M5_U7,35,พรรครักชาติ,1.0
KK10_หนองสองห้อง_หนองเม็ก_M5_U7,37,พรรคภูมิใจไทย,22.0
KK10_หนองสองห้อง_หนองเม็ก_M5_U7,38,พรรคพลังธรรมใหม่,1.0
KK10_หนองสองห้อง_หนองเม็ก_M5_U7,46,พรรคประชาชน,82.0
KK10_หนองสองห้อง_หนองเม็ก_M5_U7,47,พรรคประชาไทย,1.0
KK10_หนองสองห้อง_หนองเม็ก_M5_U7,49,พรรคไทยก้าวใหม่,1.0
KK10_หนองสองห้อง_หนองเม็ก_M6_U8,1,พรรคไทยทรัพย์ทวี,1.0
KK10_หนองสองห้อง_หนองเม็ก_M6_U8,2,พรรคเพื่อชาติไทย,2.0
KK10_หนองสองห้อง_หนองเม็ก_M6_U8,5,พรรครวมใจไทย,8.0
KK10_หนองสองห้อง_หนองเม็ก_M6_U8,8,พรรคประชาธิปไตยใหม่,4.0
KK10_หนองสองห้อง_หนองเม็ก_M6_U8,9,พรรคเพื่อไทย,86.0
KK10_หนองสองห้อง_หนองเม็ก_M6_U8,11,พรรคเศรษฐกิจ,1.0
KK10_หนองสองห้อง_หนองเม็ก_M6_U8,15,พรรคอนาคตไทย,1.0
KK10_หนองสองห้อง_หนองเม็ก_M6_U8,16,พรรคพลังเพื่อไทย,1.0
KK10_หนองสองห้อง_หนองเม็ก_M6_U8,31,พรรคประชากรไทย,1.0
KK10_หนองสองห้อง_หนองเม็ก_M6_U8,37,พรรคภูมิใจไทย,29.0
KK10_หนองสองห้อง_หนองเม็ก_M6_U8,39,พรรคกรีน,1.0
KK10_หนองสองห้อง_หนองเม็ก_M6_U8,46,พรรคประชาชน,31.0
KK10_หนองสองห้อง_หนองเม็ก_M7_U9,1,พรรคไทยทรัพย์ทวี,6.0
KK10_หนองสองห้อง_หนองเม็ก_M7_U9,2,พรรคเพื่อชาติไทย,6.0
KK10_หนองสองห้อง_หนองเม็ก_M7_U9,3,พรรคใหม่,1.0
KK10_หนองสองห้อง_หนองเม็ก_M7_U9,4,พรรคมิติใหม่,2.0
KK10_หนองสองห้อง_หนองเม็ก_M7_U9,5,พรรครวมใจไทย,6.0
KK10_หนองสองห้อง_หนองเม็ก_M7_U9,6,พรรครวมไทยสร้างชาติ,1.0
KK10_หนองสองห้อง_หนองเม็ก_M7_U9,7,พรรคพลวัต,1.0
KK10_หนองสองห้อง_หนองเม็ก_M7_U9,8,พรรคประชาธิปไตยใหม่,1.0
KK10_หนองสองห้อง_หนองเม็ก_M7_U9,9,พรรคเพื่อไทย,64.0
KK10_หนองสองห้อง_หนองเม็ก_M7_U9,11,พรรคเศรษฐกิจ,3.0
KK10_หนองสองห้อง_หนองเม็ก_M7_U9,12,พรรคเสรีรวมไทย,2.0
KK10_หนองสองห้อง_หนองเม็ก_M7_U9,17,พรรคไทยชนะ,1.0
KK10_หนองสองห้อง_หนองเม็ก_M7_U9,19,พรรคสังคมประชาธิปไตยไทย,1.0
KK10_หนองสองห้อง_หนองเม็ก_M7_U9,27,พรรคประชาธิปัตย์,8.0
KK10_หนองสองห้อง_หนองเม็ก_M7_U9,31,พรรคประชากรไทย,2.0
KK10_หนองสองห้อง_หนองเม็ก_M7_U9,32,พรรคครูไทยเพื่อประชาชน,2.0
KK10_หนองสองห้อง_หนองเม็ก_M7_U9,34,พรรคสร้างอนาคตไทย,2.0
KK10_หนองสองห้อง_หนองเม็ก_M7_U9,37,พรรคภูมิใจไทย,22.0
KK10_หนองสองห้อง_หนองเม็ก_M7_U9,38,พรรคพลังธรรมใหม่,2.0
KK10_หนองสองห้อง_หนองเม็ก_M7_U9,39,พรรคกรีน,1.0
KK10_หนองสองห้อง_หนองเม็ก_M7_U9,43,พรรคพลังประชารัฐ,1.0
KK10_หนองสองห้อง_หนองเม็ก_M7_U9,46,พรรคประชาชน,39.0
KK10_หนองสองห้อง_หนองเม็ก_M7_U9,48,พรรคไทยสร้างไทย,2.0
KK10_หนองสองห้อง_หนองไผ่ล้อม_M1_U1,1,พรรคไทยทรัพย์ทวี,10.0
KK10_หนองสองห้อง_หนองไผ่ล้อม_M1_U1,2,พรรคเพื่อชาติไทย,5.0
KK10_หนองสองห้อง_หนองไผ่ล้อม_M1_U1,3,พรรคใหม่,2.0
KK10_หนองสองห้อง_หนองไผ่ล้อม_M1_U1,5,พรรครวมใจไทย,9.0
KK10_หนองสองห้อง_หนองไผ่ล้อม_M1_U1,6,พรรครวมไทยสร้างชาติ,2.0
KK10_หนองสองห้อง_หนองไผ่ล้อม_M1_U1,9,พรรคเพื่อไทย,90.0
KK10_หนองสองห้อง_หนองไผ่ล้อม_M1_U1,10,พรรคทางเลือกใหม่,1.0
KK10_หนองสองห้อง_หนองไผ่ล้อม_M1_U1,11,พรรคเศรษฐกิจ,5.0
KK10_หนองสองห้อง_หนองไผ่ล้อม_M1_U1,12,พรรคเสรีรวมไทย,2.0
KK10_หนองสองห้อง_หนองไผ่ล้อม_M1_U1,16,พรรคพลังเพื่อไทย,1.0
KK10_หนองสองห้อง_หนองไผ่ล้อม_M1_U1,29,พรรคไทยภักดี,1.0
KK10_หนองสองห้อง_หนองไผ่ล้อม_M1_U1,30,พรรคแรงงานสร้างชาติ,1.0
KK10_หนองสองห้อง_หนองไผ่ล้อม_M1_U1,32,พรรคครูไทยเพื่อประชาชน,2.0
KK10_หนองสองห้อง_หนองไผ่ล้อม_M1_U1,37,พรรคภูมิใจไทย,74.0
KK10_หนองสองห้อง_หนองไผ่ล้อม_M1_U1,38,พรรคพลังธรรมใหม่,3.0
KK10_หนองสองห้อง_หนองไผ่ล้อม_M1_U1,41,พรรคแผ่นดินธรรม,1.0
KK10_หนองสองห้อง_หนองไผ่ล้อม_M1_U1,45,พรรคเป็นธรรม,1.0
KK10_หนองสองห้อง_หนองไผ่ล้อม_M1_U1,46,พรรคประชาชน,41.0
KK10_หนองสองห้อง_หนองไผ่ล้อม_M1_U1,47,พรรคประชาไทย,1.0
KK10_หนองสองห้อง_หนองไผ่ล้อม_M1_U1,48,พรรคไทยสร้างไทย,2.0
KK10_หนองสองห้อง_หนองไผ่ล้อม_M1_U1,49,พรรคไทยก้าวใหม่,1.0
KK10_หนองสองห้อง_หนองไผ่ล้อม_M2_U2,1,พรรคไทยทรัพย์ทวี,5.0
KK10_หนองสองห้อง_หนองไผ่ล้อม_M2_U2,2,พรรคเพื่อชาติไทย,4.0
KK10_หนองสองห้อง_หนองไผ่ล้อม_M2_U2,3,พรรคใหม่,1.0
KK10_หนองสองห้อง_หนองไผ่ล้อม_M2_U2,5,พรรครวมใจไทย,4.0
KK10_หนองสองห้อง_หนองไผ่ล้อม_M2_U2,6,พรรครวมไทยสร้างชาติ,2.0
KK10_หนองสองห้อง_หนองไผ่ล้อม_M2_U2,8,พรรคประชาธิปไตยใหม่,3.0
KK10_หนองสองห้อง_หนองไผ่ล้อม_M2_U2,9,พรรคเพื่อไทย,93.0
KK10_หนองสองห้อง_หนองไผ่ล้อม_M2_U2,10,พรรคทางเลือกใหม่,2.0
KK10_หนองสองห้อง_หนองไผ่ล้อม_M2_U2,11,พรรคเศรษฐกิจ,4.0
KK10_หนองสองห้อง_หนองไผ่ล้อม_M2_U2,12,พรรคเสรีรวมไทย,2.0
KK10_หนองสองห้อง_หนองไผ่ล้อม_M2_U2,13,พรรครวมพลังประชาชน,1.0
KK10_หนองสองห้อง_หนองไผ่ล้อม_M2_U2,22,พรรคก้าวอิสระ,1.0
KK10_หนองสองห้อง_หนองไผ่ล้อม_M2_U2,23,พรรคปวงชนไทย,1.0
KK10_หนองสองห้อง_หนองไผ่ล้อม_M2_U2,27,พรรคประชาธิปัตย์,3.0
KK10_หนองสองห้อง_หนองไผ่ล้อม_M2_U2,29,พรรคไทยภักดี,2.0
KK10_หนองสองห้อง_หนองไผ่ล้อม_M2_U2,30,พรรคแรงงานสร้างชาติ,1.0
KK10_หนองสองห้อง_หนองไผ่ล้อม_M2_U2,31,พรรคประชากรไทย,1.0
KK10_หนองสองห้อง_หนองไผ่ล้อม_M2_U2,34,พรรคสร้างอนาคตไทย,1.0
KK10_หนองสองห้อง_หนองไผ่ล้อม_M2_U2,36,พรรคไทยพร้อม,1.0
KK10_หนองสองห้อง_หนองไผ่ล้อม_M2_U2,37,พรรคภูมิใจไทย,54.0
KK10_หนองสองห้อง_หนองไผ่ล้อม_M2_U2,38,พรรคพลังธรรมใหม่,3.0
KK10_หนองสองห้อง_หนองไผ่ล้อม_M2_U2,40,พรรคไทยธรรม,1.0
KK10_หนองสองห้อง_หนองไผ่ล้อม_M2_U2,46,พรรคประชาชน,31.0
KK10_หนองสองห้อง_หนองไผ่ล้อม_M2_U2,48,พรรคไทยสร้างไทย,1.0
KK10_หนองสองห้อง_หนองไผ่ล้อม_M3_U3,1,พรรคไทยทรัพย์ทวี,4.0
KK10_หนองสองห้อง_หนองไผ่ล้อม_M3_U3,2,พรรคเพื่อชาติไทย,4.0
KK10_หนองสองห้อง_หนองไผ่ล้อม_M3_U3,3,พรรคใหม่,2.0
KK10_หนองสองห้อง_หนองไผ่ล้อม_M3_U3,5,พรรครวมใจไทย,10.0
KK10_หนองสองห้อง_หนองไผ่ล้อม_M3_U3,6,พรรครวมไทยสร้างชาติ,4.0
KK10_หนองสองห้อง_หนองไผ่ล้อม_M3_U3,8,พรรคประชาธิปไตยใหม่,1.0
KK10_หนองสองห้อง_หนองไผ่ล้อม_M3_U3,9,พรรคเพื่อไทย,84.0
KK10_หนองสองห้อง_หนองไผ่ล้อม_M3_U3,10,พรรคทางเลือกใหม่,3.0
KK10_หนองสองห้อง_หนองไผ่ล้อม_M3_U3,11,พรรคเศรษฐกิจ,6.0
KK10_หนองสองห้อง_หนองไผ่ล้อม_M3_U3,12,พรรคเสรีรวมไทย,2.0
KK10_หนองสองห้อง_หนองไผ่ล้อม_M3_U3,13,พรรครวมพลังประชาชน,4.0
KK10_หนองสองห้อง_หนองไผ่ล้อม_M3_U3,15,พรรคอนาคตไทย,1.0
KK10_หนองสองห้อง_หนองไผ่ล้อม_M3_U3,16,พรรคพลังเพื่อไทย,1.0
KK10_หนองสองห้อง_หนองไผ่ล้อม_M3_U3,17,พรรคไทยชนะ,1.0
KK10_หนองสองห้อง_หนองไผ่ล้อม_M3_U3,20,พรรคฟิวชัน,1.0
KK10_หนองสองห้อง_หนองไผ่ล้อม_M3_U3,24,พรรควิชชั่นใหม่,1.0
KK10_หนองสองห้อง_หนองไผ่ล้อม_M3_U3,27,พรรคประชาธิปัตย์,2.0
KK10_หนองสองห้อง_หนองไผ่ล้อม_M3_U3,28,พรรคไทยก้าวหน้า,1.0
KK10_หนองสองห้อง_หนองไผ่ล้อม_M3_U3,29,พรรคไทยภักดี,1.0
KK10_หนองสองห้อง_หนองไผ่ล้อม_M3_U3,32,พรรคครูไทยเพื่อประชาชน,1.0
KK10_หนองสองห้อง_หนองไผ่ล้อม_M3_U3,33,พรรคประชาชาติ,1.0
KK10_หนองสองห้อง_หนองไผ่ล้อม_M3_U3,36,พรรคไทยพร้อม,1.0
KK10_หนองสองห้อง_หนองไผ่ล้อม_M3_U3,37,พรรคภูมิใจไทย,59.0
KK10_หนองสองห้อง_หนองไผ่ล้อม_M3_U3,38,พรรคพลังธรรมใหม่,4.0
KK10_หนองสองห้อง_หนองไผ่ล้อม_M3_U3,42,พรรคกล้าธรรม,1.0
KK10_หนองสองห้อง_หนองไผ่ล้อม_M3_U3,46,พรรคประชาชน,51.0
KK10_หนองสองห้อง_หนองไผ่ล้อม_M3_U3,47,พรรคประชาไทย,1.0
KK10_หนองสองห้อง_หนองไผ่ล้อม_M3_U3,49,พรรคไทยก้าวใหม่,1.0
KK10_หนองสองห้อง_หนองไผ่ล้อม_M4_U4,1,พรรคไทยทรัพย์ทวี,8.0
KK10_หนองสองห้อง_หนองไผ่ล้อม_M4_U4,2,พรรคเพื่อชาติไทย,14.0
KK10_หนองสองห้อง_หนองไผ่ล้อม_M4_U4,3,พรรคใหม่,3.0
KK10_หนองสองห้อง_หนองไผ่ล้อม_M4_U4,4,พรรคมิติใหม่,1.0
KK10_หนองสองห้อง_หนองไผ่ล้อม_M4_U4,5,พรรครวมใจไทย,18.0
KK10_หนองสองห้อง_หนองไผ่ล้อม_M4_U4,6,พรรครวมไทยสร้างชาติ,8.0
KK10_หนองสองห้อง_หนองไผ่ล้อม_M4_U4,8,พรรคประชาธิปไตยใหม่,4.0
KK10_หนองสองห้อง_หนองไผ่ล้อม_M4_U4,9,พรรคเพื่อไทย,148.0
KK10_หนองสองห้อง_หนองไผ่ล้อม_M4_U4,10,พรรคทางเลือกใหม่,3.0
KK10_หนองสองห้อง_หนองไผ่ล้อม_M4_U4,11,พรรคเศรษฐกิจ,15.0
KK10_หนองสองห้อง_หนองไผ่ล้อม_M4_U4,12,พรรคเสรีรวมไทย,2.0
KK10_หนองสองห้อง_หนองไผ่ล้อม_M4_U4,13,พรรครวมพลังประชาชน,4.0
KK10_หนองสองห้อง_หนองไผ่ล้อม_M4_U4,16,พรรคพลังเพื่อไทย,1.0
KK10_หนองสองห้อง_หนองไผ่ล้อม_M4_U4,19,พรรคสังคมประชาธิปไตยไทย,2.0
KK10_หนองสองห้อง_หนองไผ่ล้อม_M4_U4,26,พรรคคลองไทย,1.0
KK10_หนองสองห้อง_หนองไผ่ล้อม_M4_U4,27,พรรคประชาธิปัตย์,6.0
KK10_หนองสองห้อง_หนองไผ่ล้อม_M4_U4,29,พรรคไทยภักดี,4.0
KK10_หนองสองห้อง_หนองไผ่ล้อม_M4_U4,34,พรรคสร้างอนาคตไทย,1.0
KK10_หนองสองห้อง_หนองไผ่ล้อม_M4_U4,35,พรรครักชาติ,3.0
KK10_หนองสองห้อง_หนองไผ่ล้อม_M4_U4,36,พรรคไทยพร้อม,2.0
KK10_หนองสองห้อง_หนองไผ่ล้อม_M4_U4,37,พรรคภูมิใจไทย,102.0
KK10_หนองสองห้อง_หนองไผ่ล้อม_M4_U4,38,พรรคพลังธรรมใหม่,3.0
KK10_หนองสองห้อง_หนองไผ่ล้อม_M4_U4,39,พรรคกรีน,1.0
KK10_หนองสองห้อง_หนองไผ่ล้อม_M4_U4,42,พรรคกล้าธรรม,1.0
KK10_หนองสองห้อง_หนองไผ่ล้อม_M4_U4,43,พรรคพลังประชารัฐ,3.0
KK10_หนองสองห้อง_หนองไผ่ล้อม_M4_U4,46,พรรคประชาชน,62.0
KK10_หนองสองห้อง_หนองไผ่ล้อม_M4_U4,47,พรรคประชาไทย,1.0
KK10_หนองสองห้อง_หนองไผ่ล้อม_M4_U4,51,พรรคพร้อม,1.0
KK10_หนองสองห้อง_หนองไผ่ล้อม_M4_U4,53,พรรคไทยพิทักษ์ธรรม,1.0
KK10_หนองสองห้อง_หนองไผ่ล้อม_M5_U5,1,พรรคไทยทรัพย์ทวี,3.0
KK10_หนองสองห้อง_หนองไผ่ล้อม_M5_U5,2,พรรคเพื่อชาติไทย,5.0
KK10_หนองสองห้อง_หนองไผ่ล้อม_M5_U5,5,พรรครวมใจไทย,8.0
KK10_หนองสองห้อง_หนองไผ่ล้อม_M5_U5,6,พรรครวมไทยสร้างชาติ,4.0
KK10_หนองสองห้อง_หนองไผ่ล้อม_M5_U5,9,พรรคเพื่อไทย,65.0
KK10_หนองสองห้อง_หนองไผ่ล้อม_M5_U5,10,พรรคทางเลือกใหม่,1.0
KK10_หนองสองห้อง_หนองไผ่ล้อม_M5_U5,11,พรรคเศรษฐกิจ,8.0
KK10_หนองสองห้อง_หนองไผ่ล้อม_M5_U5,12,พรรคเสรีรวมไทย,4.0
KK10_หนองสองห้อง_หนองไผ่ล้อม_M5_U5,22,พรรคก้าวอิสระ,1.0
KK10_หนองสองห้อง_หนองไผ่ล้อม_M5_U5,27,พรรคประชาธิปัตย์,3.0
KK10_หนองสองห้อง_หนองไผ่ล้อม_M5_U5,32,พรรคครูไทยเพื่อประชาชน,1.0
KK10_หนองสองห้อง_หนองไผ่ล้อม_M5_U5,37,พรรคภูมิใจไทย,49.0
KK10_หนองสองห้อง_หนองไผ่ล้อม_M5_U5,39,พรรคกรีน,1.0
KK10_หนองสองห้อง_หนองไผ่ล้อม_M5_U5,42,พรรคกล้าธรรม,1.0
KK10_หนองสองห้อง_หนองไผ่ล้อม_M5_U5,46,พรรคประชาชน,36.0
KK10_หนองสองห้อง_หนองไผ่ล้อม_M6_U6,1,พรรคไทยทรัพย์ทวี,4.0
KK10_หนองสองห้อง_หนองไผ่ล้อม_M6_U6,2,พรรคเพื่อชาติไทย,1.0
KK10_หนองสองห้อง_หนองไผ่ล้อม_M6_U6,5,พรรครวมใจไทย,5.0
KK10_หนองสองห้อง_หนองไผ่ล้อม_M6_U6,6,พรรครวมไทยสร้างชาติ,1.0
KK10_หนองสองห้อง_หนองไผ่ล้อม_M6_U6,9,พรรคเพื่อไทย,61.0
KK10_หนองสองห้อง_หนองไผ่ล้อม_M6_U6,10,พรรคทางเลือกใหม่,1.0
KK10_หนองสองห้อง_หนองไผ่ล้อม_M6_U6,11,พรรคเศรษฐกิจ,1.0
KK10_หนองสองห้อง_หนองไผ่ล้อม_M6_U6,27,พรรคประชาธิปัตย์,1.0
KK10_หนองสองห้อง_หนองไผ่ล้อม_M6_U6,34,พรรคสร้างอนาคตไทย,2.0
KK10_หนองสองห้อง_หนองไผ่ล้อม_M6_U6,36,พรรคไทยพร้อม,1.0
KK10_หนองสองห้อง_หนองไผ่ล้อม_M6_U6,37,พรรคภูมิใจไทย,32.0
KK10_หนองสองห้อง_หนองไผ่ล้อม_M6_U6,38,พรรคพลังธรรมใหม่,1.0
KK10_หนองสองห้อง_หนองไผ่ล้อม_M6_U6,46,พรรคประชาชน,13.0
KK10_หนองสองห้อง_หนองไผ่ล้อม_M6_U6,48,พรรคไทยสร้างไทย,2.0
KK10_หนองสองห้อง_หนองไผ่ล้อม_M7_U7,2,พรรคเพื่อชาติไทย,2.0
KK10_หนองสองห้อง_หนองไผ่ล้อม_M7_U7,5,พรรครวมใจไทย,1.0
KK10_หนองสองห้อง_หนองไผ่ล้อม_M7_U7,8,พรรคประชาธิปไตยใหม่,1.0
KK10_หนองสองห้อง_หนองไผ่ล้อม_M7_U7,9,พรรคเพื่อไทย,60.0
KK10_หนองสองห้อง_หนองไผ่ล้อม_M7_U7,10,พรรคทางเลือกใหม่,1.0
KK10_หนองสองห้อง_หนองไผ่ล้อม_M7_U7,11,พรรคเศรษฐกิจ,4.0
KK10_หนองสองห้อง_หนองไผ่ล้อม_M7_U7,13,พรรครวมพลังประชาชน,1.0
KK10_หนองสองห้อง_หนองไผ่ล้อม_M7_U7,16,พรรคพลังเพื่อไทย,1.0
KK10_หนองสองห้อง_หนองไผ่ล้อม_M7_U7,27,พรรคประชาธิปัตย์,2.0
KK10_หนองสองห้อง_หนองไผ่ล้อม_M7_U7,28,พรรคไทยก้าวหน้า,1.0
KK10_หนองสองห้อง_หนองไผ่ล้อม_M7_U7,34,พรรคสร้างอนาคตไทย,1.0
KK10_หนองสองห้อง_หนองไผ่ล้อม_M7_U7,37,พรรคภูมิใจไทย,31.0
KK10_หนองสองห้อง_หนองไผ่ล้อม_M7_U7,38,พรรคพลังธรรมใหม่,1.0
KK10_หนองสองห้อง_หนองไผ่ล้อม_M7_U7,40,พรรคไทยธรรม,1.0
KK10_หนองสองห้อง_หนองไผ่ล้อม_M7_U7,42,พรรคกล้าธรรม,1.0
KK10_หนองสองห้อง_หนองไผ่ล้อม_M7_U7,45,พรรคเป็นธรรม,1.0
KK10_หนองสองห้อง_หนองไผ่ล้อม_M7_U7,46,พรรคประชาชน,23.0
KK10_หนองสองห้อง_หนองไผ่ล้อม_M7_U7,47,พรรคประชาไทย,1.0
KK10_หนองสองห้อง_หนองไผ่ล้อม_M7_U7,49,พรรคไทยก้าวใหม่,1.0
KK10_หนองสองห้อง_หนองไผ่ล้อม_M8_U8,1,พรรคไทยทรัพย์ทวี,6.0
KK10_หนองสองห้อง_หนองไผ่ล้อม_M8_U8,2,พรรคเพื่อชาติไทย,1.0
KK10_หนองสองห้อง_หนองไผ่ล้อม_M8_U8,3,พรรคใหม่,1.0
KK10_หนองสองห้อง_หนองไผ่ล้อม_M8_U8,4,พรรคมิติใหม่,1.0
KK10_หนองสองห้อง_หนองไผ่ล้อม_M8_U8,5,พรรครวมใจไทย,10.0
KK10_หนองสองห้อง_หนองไผ่ล้อม_M8_U8,6,พรรครวมไทยสร้างชาติ,5.0
KK10_หนองสองห้อง_หนองไผ่ล้อม_M8_U8,8,พรรคประชาธิปไตยใหม่,4.0
KK10_หนองสองห้อง_หนองไผ่ล้อม_M8_U8,9,พรรคเพื่อไทย,105.0
KK10_หนองสองห้อง_หนองไผ่ล้อม_M8_U8,10,พรรคทางเลือกใหม่,1.0
KK10_หนองสองห้อง_หนองไผ่ล้อม_M8_U8,11,พรรคเศรษฐกิจ,11.0
KK10_หนองสองห้อง_หนองไผ่ล้อม_M8_U8,12,พรรคเสรีรวมไทย,2.0
KK10_หนองสองห้อง_หนองไผ่ล้อม_M8_U8,16,พรรคพลังเพื่อไทย,1.0
KK10_หนองสองห้อง_หนองไผ่ล้อม_M8_U8,17,พรรคไทยชนะ,1.0
KK10_หนองสองห้อง_หนองไผ่ล้อม_M8_U8,24,พรรควิชชั่นใหม่,1.0
KK10_หนองสองห้อง_หนองไผ่ล้อม_M8_U8,27,พรรคประชาธิปัตย์,3.0
KK10_หนองสองห้อง_หนองไผ่ล้อม_M8_U8,29,พรรคไทยภักดี,3.0
KK10_หนองสองห้อง_หนองไผ่ล้อม_M8_U8,34,พรรคสร้างอนาคตไทย,1.0
KK10_หนองสองห้อง_หนองไผ่ล้อม_M8_U8,35,พรรครักชาติ,1.0
KK10_หนองสองห้อง_หนองไผ่ล้อม_M8_U8,37,พรรคภูมิใจไทย,73.0
KK10_หนองสองห้อง_หนองไผ่ล้อม_M8_U8,38,พรรคพลังธรรมใหม่,3.0
KK10_หนองสองห้อง_หนองไผ่ล้อม_M8_U8,42,พรรคกล้าธรรม,3.0
KK10_หนองสองห้อง_หนองไผ่ล้อม_M8_U8,45,พรรคเป็นธรรม,1.0
KK10_หนองสองห้อง_หนองไผ่ล้อม_M8_U8,46,พรรคประชาชน,46.0
KK10_หนองสองห้อง_หนองไผ่ล้อม_M1_U9,1,พรรคไทยทรัพย์ทวี,1.0
KK10_หนองสองห้อง_หนองไผ่ล้อม_M1_U9,2,พรรคเพื่อชาติไทย,3.0
KK10_หนองสองห้อง_หนองไผ่ล้อม_M1_U9,5,พรรครวมใจไทย,3.0
KK10_หนองสองห้อง_หนองไผ่ล้อม_M1_U9,6,พรรครวมไทยสร้างชาติ,1.0
KK10_หนองสองห้อง_หนองไผ่ล้อม_M1_U9,8,พรรคประชาธิปไตยใหม่,2.0
KK10_หนองสองห้อง_หนองไผ่ล้อม_M1_U9,9,พรรคเพื่อไทย,88.0
KK10_หนองสองห้อง_หนองไผ่ล้อม_M1_U9,11,พรรคเศรษฐกิจ,8.0
KK10_หนองสองห้อง_หนองไผ่ล้อม_M1_U9,12,พรรคเสรีรวมไทย,2.0
KK10_หนองสองห้อง_หนองไผ่ล้อม_M1_U9,13,พรรครวมพลังประชาชน,1.0
KK10_หนองสองห้อง_หนองไผ่ล้อม_M1_U9,17,พรรคไทยชนะ,1.0
KK10_หนองสองห้อง_หนองไผ่ล้อม_M1_U9,27,พรรคประชาธิปัตย์,7.0
KK10_หนองสองห้อง_หนองไผ่ล้อม_M1_U9,31,พรรคประชากรไทย,1.0
KK10_หนองสองห้อง_หนองไผ่ล้อม_M1_U9,33,พรรคประชาชาติ,2.0
KK10_หนองสองห้อง_หนองไผ่ล้อม_M1_U9,34,พรรคสร้างอนาคตไทย,2.0
KK10_หนองสองห้อง_หนองไผ่ล้อม_M1_U9,35,พรรครักชาติ,1.0
KK10_หนองสองห้อง_หนองไผ่ล้อม_M1_U9,37,พรรคภูมิใจไทย,68.0
KK10_หนองสองห้อง_หนองไผ่ล้อม_M1_U9,46,พรรคประชาชน,39.0
KK10_หนองสองห้อง_หนองไผ่ล้อม_M1_U9,48,พรรคไทยสร้างไทย,1.0
KK10_หนองสองห้อง_หนองไผ่ล้อม_M1_U9,51,พรรคพร้อม,1.0
KK10_หนองสองห้อง_หันโจด_M10_U10,5,พรรครวมใจไทย,1.0
KK10_หนองสองห้อง_หันโจด_M10_U10,6,พรรครวมไทยสร้างชาติ,1.0
KK10_หนองสองห้อง_หันโจด_M10_U10,8,พรรคประชาธิปไตยใหม่,1.0
KK10_หนองสองห้อง_หันโจด_M10_U10,9,พรรคเพื่อไทย,48.0
KK10_หนองสองห้อง_หันโจด_M10_U10,27,พรรคประชาธิปัตย์,1.0
KK10_หนองสองห้อง_หันโจด_M10_U10,37,พรรคภูมิใจไทย,9.0
KK10_หนองสองห้อง_หันโจด_M10_U10,46,พรรคประชาชน,9.0
KK10_หนองสองห้อง_หันโจด_M11_U11,1,พรรคไทยทรัพย์ทวี,5.0
KK10_หนองสองห้อง_หันโจด_M11_U11,2,พรรคเพื่อชาติไทย,2.0
KK10_หนองสองห้อง_หันโจด_M11_U11,5,พรรครวมใจไทย,2.0
KK10_หนองสองห้อง_หันโจด_M11_U11,6,พรรครวมไทยสร้างชาติ,2.0
KK10_หนองสองห้อง_หันโจด_M11_U11,9,พรรคเพื่อไทย,63.0
KK10_หนองสองห้อง_หันโจด_M11_U11,11,พรรคเศรษฐกิจ,1.0
KK10_หนองสองห้อง_หันโจด_M11_U11,13,พรรครวมพลังประชาชน,2.0
KK10_หนองสองห้อง_หันโจด_M11_U11,27,พรรคประชาธิปัตย์,1.0
KK10_หนองสองห้อง_หันโจด_M11_U11,33,พรรคประชาชาติ,1.0
KK10_หนองสองห้อง_หันโจด_M11_U11,34,พรรคสร้างอนาคตไทย,1.0
KK10_หนองสองห้อง_หันโจด_M11_U11,37,พรรคภูมิใจไทย,14.0
KK10_หนองสองห้อง_หันโจด_M11_U11,38,พรรคพลังธรรมใหม่,1.0
KK10_หนองสองห้อง_หันโจด_M11_U11,45,พรรคเป็นธรรม,1.0
KK10_หนองสองห้อง_หันโจด_M11_U11,46,พรรคประชาชน,25.0
KK10_หนองสองห้อง_หันโจด_M11_U11,47,พรรคประชาไทย,1.0
KK10_หนองสองห้อง_หันโจด_M11_U11,48,พรรคไทยสร้างไทย,1.0
KK10_หนองสองห้อง_หันโจด_M11_U11,51,พรรคพร้อม,1.0
KK10_หนองสองห้อง_หันโจด_M12_U12,1,พรรคไทยทรัพย์ทวี,4.0
KK10_หนองสองห้อง_หันโจด_M12_U12,4,พรรคมิติใหม่,1.0
KK10_หนองสองห้อง_หันโจด_M12_U12,5,พรรครวมใจไทย,5.0
KK10_หนองสองห้อง_หันโจด_M12_U12,6,พรรครวมไทยสร้างชาติ,1.0
KK10_หนองสองห้อง_หันโจด_M12_U12,8,พรรคประชาธิปไตยใหม่,1.0
KK10_หนองสองห้อง_หันโจด_M12_U12,9,พรรคเพื่อไทย,38.0
KK10_หนองสองห้อง_หันโจด_M12_U12,11,พรรคเศรษฐกิจ,1.0
KK10_หนองสองห้อง_หันโจด_M12_U12,13,พรรครวมพลังประชาชน,1.0
KK10_หนองสองห้อง_หันโจด_M12_U12,27,พรรคประชาธิปัตย์,1.0
KK10_หนองสองห้อง_หันโจด_M12_U12,29,พรรคไทยภักดี,1.0
KK10_หนองสองห้อง_หันโจด_M12_U12,34,พรรคสร้างอนาคตไทย,1.0
KK10_หนองสองห้อง_หันโจด_M12_U12,37,พรรคภูมิใจไทย,26.0
KK10_หนองสองห้อง_หันโจด_M12_U12,39,พรรคกรีน,1.0
KK10_หนองสองห้อง_หันโจด_M12_U12,46,พรรคประชาชน,20.0
KK10_หนองสองห้อง_หันโจด_M12_U12,48,พรรคไทยสร้างไทย,3.0
KK10_หนองสองห้อง_หันโจด_M1_U1,1,พรรคไทยทรัพย์ทวี,3.0
KK10_หนองสองห้อง_หันโจด_M1_U1,2,พรรคเพื่อชาติไทย,5.0
KK10_หนองสองห้อง_หันโจด_M1_U1,5,พรรครวมใจไทย,5.0
KK10_หนองสองห้อง_หันโจด_M1_U1,6,พรรครวมไทยสร้างชาติ,1.0
KK10_หนองสองห้อง_หันโจด_M1_U1,7,พรรคพลวัต,1.0
KK10_หนองสองห้อง_หันโจด_M1_U1,9,พรรคเพื่อไทย,90.0
KK10_หนองสองห้อง_หันโจด_M1_U1,10,พรรคทางเลือกใหม่,2.0
KK10_หนองสองห้อง_หันโจด_M1_U1,11,พรรคเศรษฐกิจ,4.0
KK10_หนองสองห้อง_หันโจด_M1_U1,16,พรรคพลังเพื่อไทย,1.0
KK10_หนองสองห้อง_หันโจด_M1_U1,27,พรรคประชาธิปัตย์,2.0
KK10_หนองสองห้อง_หันโจด_M1_U1,31,พรรคประชากรไทย,1.0
KK10_หนองสองห้อง_หันโจด_M1_U1,37,พรรคภูมิใจไทย,21.0
KK10_หนองสองห้อง_หันโจด_M1_U1,38,พรรคพลังธรรมใหม่,1.0
KK10_หนองสองห้อง_หันโจด_M1_U1,41,พรรคแผ่นดินธรรม,1.0
KK10_หนองสองห้อง_หันโจด_M1_U1,43,พรรคพลังประชารัฐ,1.0
KK10_หนองสองห้อง_หันโจด_M1_U1,46,พรรคประชาชน,32.0
KK10_หนองสองห้อง_หันโจด_M1_U1,48,พรรคไทยสร้างไทย,1.0
KK10_หนองสองห้อง_หันโจด_M1_U1,52,พรรคเครือข่ายชาวนาแห่งประเทศไทย,1.0
KK10_หนองสองห้อง_หันโจด_M2_U2,1,พรรคไทยทรัพย์ทวี,11.0
KK10_หนองสองห้อง_หันโจด_M2_U2,2,พรรคเพื่อชาติไทย,3.0
KK10_หนองสองห้อง_หันโจด_M2_U2,3,พรรคใหม่,1.0
KK10_หนองสองห้อง_หันโจด_M2_U2,4,พรรคมิติใหม่,1.0
KK10_หนองสองห้อง_หันโจด_M2_U2,5,พรรครวมใจไทย,9.0
KK10_หนองสองห้อง_หันโจด_M2_U2,6,พรรครวมไทยสร้างชาติ,5.0
KK10_หนองสองห้อง_หันโจด_M2_U2,8,พรรคประชาธิปไตยใหม่,3.0
KK10_หนองสองห้อง_หันโจด_M2_U2,9,พรรคเพื่อไทย,86.0
KK10_หนองสองห้อง_หันโจด_M2_U2,10,พรรคทางเลือกใหม่,1.0
KK10_หนองสองห้อง_หันโจด_M2_U2,11,พรรคเศรษฐกิจ,9.0
KK10_หนองสองห้อง_หันโจด_M2_U2,14,พรรคท้องที่ไทย,1.0
KK10_หนองสองห้อง_หันโจด_M2_U2,16,พรรคพลังเพื่อไทย,1.0
KK10_หนองสองห้อง_หันโจด_M2_U2,19,พรรคสังคมประชาธิปไตยไทย,1.0
KK10_หนองสองห้อง_หันโจด_M2_U2,25,พรรคเพื่อชีวิตใหม่,1.0
KK10_หนองสองห้อง_หันโจด_M2_U2,27,พรรคประชาธิปัตย์,4.0
KK10_หนองสองห้อง_หันโจด_M2_U2,34,พรรคสร้างอนาคตไทย,1.0
KK10_หนองสองห้อง_หันโจด_M2_U2,36,พรรคไทยพร้อม,1.0
KK10_หนองสองห้อง_หันโจด_M2_U2,37,พรรคภูมิใจไทย,68.0
KK10_หนองสองห้อง_หันโจด_M2_U2,38,พรรคพลังธรรมใหม่,1.0
KK10_หนองสองห้อง_หันโจด_M2_U2,40,พรรคไทยธรรม,1.0
KK10_หนองสองห้อง_หันโจด_M2_U2,45,พรรคเป็นธรรม,1.0
KK10_หนองสองห้อง_หันโจด_M2_U2,46,พรรคประชาชน,45.0
KK10_หนองสองห้อง_หันโจด_M2_U2,49,พรรคไทยก้าวใหม่,2.0
KK10_หนองสองห้อง_หันโจด_M2_U2,54,พรรคความหวังใหม่,1.0
KK10_หนองสองห้อง_หันโจด_M3_U3,1,พรรคไทยทรัพย์ทวี,2.0
KK10_หนองสองห้อง_หันโจด_M3_U3,2,พรรคเพื่อชาติไทย,2.0
KK10_หนองสองห้อง_หันโจด_M3_U3,5,พรรครวมใจไทย,3.0
KK10_หนองสองห้อง_หันโจด_M3_U3,6,พรรครวมไทยสร้างชาติ,1.0
KK10_หนองสองห้อง_หันโจด_M3_U3,8,พรรคประชาธิปไตยใหม่,1.0
KK10_หนองสองห้อง_หันโจด_M3_U3,11,พรรคเศรษฐกิจ,3.0
KK10_หนองสองห้อง_หันโจด_M3_U3,25,พรรคเพื่อชีวิตใหม่,1.0
KK10_หนองสองห้อง_หันโจด_M3_U3,27,พรรคประชาธิปัตย์,6.0
KK10_หนองสองห้อง_หันโจด_M3_U3,29,พรรคไทยภักดี,11.0
KK10_หนองสองห้อง_หันโจด_M3_U3,31,พรรคประชากรไทย,97.0
KK10_หนองสองห้อง_หันโจด_M3_U3,35,พรรครักชาติ,1.0
KK10_หนองสองห้อง_หันโจด_M3_U3,37,พรรคภูมิใจไทย,52.0
KK10_หนองสองห้อง_หันโจด_M3_U3,38,พรรคพลังธรรมใหม่,2.0
KK10_หนองสองห้อง_หันโจด_M3_U3,48,พรรคไทยสร้างไทย,1.0
KK10_หนองสองห้อง_หันโจด_M3_U3,49,พรรคไทยก้าวใหม่,1.0
KK10_หนองสองห้อง_หันโจด_M4_U4,1,พรรคไทยทรัพย์ทวี,3.0
KK10_หนองสองห้อง_หันโจด_M4_U4,2,พรรคเพื่อชาติไทย,2.0
KK10_หนองสองห้อง_หันโจด_M4_U4,5,พรรครวมใจไทย,8.0
KK10_หนองสองห้อง_หันโจด_M4_U4,6,พรรครวมไทยสร้างชาติ,3.0
KK10_หนองสองห้อง_หันโจด_M4_U4,7,พรรคพลวัต,1.0
KK10_หนองสองห้อง_หันโจด_M4_U4,8,พรรคประชาธิปไตยใหม่,2.0
KK10_หนองสองห้อง_หันโจด_M4_U4,9,พรรคเพื่อไทย,93.0
KK10_หนองสองห้อง_หันโจด_M4_U4,10,พรรคทางเลือกใหม่,1.0
KK10_หนองสองห้อง_หันโจด_M4_U4,11,พรรคเศรษฐกิจ,7.0
KK10_หนองสองห้อง_หันโจด_M4_U4,13,พรรครวมพลังประชาชน,1.0
KK10_หนองสองห้อง_หันโจด_M4_U4,16,พรรคพลังเพื่อไทย,1.0
KK10_หนองสองห้อง_หันโจด_M4_U4,27,พรรคประชาธิปัตย์,4.0
KK10_หนองสองห้อง_หันโจด_M4_U4,37,พรรคภูมิใจไทย,7.0
KK10_หนองสองห้อง_หันโจด_M4_U4,38,พรรคพลังธรรมใหม่,2.0
KK10_หนองสองห้อง_หันโจด_M4_U4,46,พรรคประชาชน,30.0
KK10_หนองสองห้อง_หันโจด_M4_U4,48,พรรคไทยสร้างไทย,1.0
KK10_หนองสองห้อง_หันโจด_M4_U4,49,พรรคไทยก้าวใหม่,1.0
KK10_หนองสองห้อง_หันโจด_M5_U5,1,พรรคไทยทรัพย์ทวี,2.0
KK10_หนองสองห้อง_หันโจด_M5_U5,2,พรรคเพื่อชาติไทย,23.0
KK10_หนองสองห้อง_หันโจด_M5_U5,5,พรรครวมใจไทย,1.0
KK10_หนองสองห้อง_หันโจด_M5_U5,9,พรรคเพื่อไทย,66.0
KK10_หนองสองห้อง_หันโจด_M5_U5,10,พรรคทางเลือกใหม่,1.0
KK10_หนองสองห้อง_หันโจด_M5_U5,11,พรรคเศรษฐกิจ,2.0
KK10_หนองสองห้อง_หันโจด_M5_U5,12,พรรคเสรีรวมไทย,2.0
KK10_หนองสองห้อง_หันโจด_M5_U5,13,พรรครวมพลังประชาชน,2.0
KK10_หนองสองห้อง_หันโจด_M5_U5,23,พรรคปวงชนไทย,1.0
KK10_หนองสองห้อง_หันโจด_M5_U5,31,พรรคประชากรไทย,2.0
KK10_หนองสองห้อง_หันโจด_M5_U5,34,พรรคสร้างอนาคตไทย,1.0
KK10_หนองสองห้อง_หันโจด_M5_U5,37,พรรคภูมิใจไทย,27.0
KK10_หนองสองห้อง_หันโจด_M5_U5,38,พรรคพลังธรรมใหม่,1.0
KK10_หนองสองห้อง_หันโจด_M5_U5,46,พรรคประชาชน,12.0
KK10_หนองสองห้อง_หันโจด_M5_U5,47,พรรคประชาไทย,1.0
KK10_หนองสองห้อง_หันโจด_M5_U5,48,พรรคไทยสร้างไทย,1.0
KK10_หนองสองห้อง_หันโจด_M6_U6,1,พรรคไทยทรัพย์ทวี,4.0
KK10_หนองสองห้อง_หันโจด_M6_U6,2,พรรคเพื่อชาติไทย,3.0
KK10_หนองสองห้อง_หันโจด_M6_U6,3,พรรคใหม่,2.0
KK10_หนองสองห้อง_หันโจด_M6_U6,5,พรรครวมใจไทย,9.0
KK10_หนองสองห้อง_หันโจด_M6_U6,8,พรรคประชาธิปไตยใหม่,1.0
KK10_หนองสองห้อง_หันโจด_M6_U6,9,พรรคเพื่อไทย,91.0
KK10_หนองสองห้อง_หันโจด_M6_U6,10,พรรคทางเลือกใหม่,2.0
KK10_หนองสองห้อง_หันโจด_M6_U6,11,พรรคเศรษฐกิจ,3.0
KK10_หนองสองห้อง_หันโจด_M6_U6,12,พรรคเสรีรวมไทย,2.0
KK10_หนองสองห้อง_หันโจด_M6_U6,13,พรรครวมพลังประชาชน,2.0
KK10_หนองสองห้อง_หันโจด_M6_U6,17,พรรคไทยชนะ,1.0
KK10_หนองสองห้อง_หันโจด_M6_U6,21,พรรคไทรวมพลัง,1.0
KK10_หนองสองห้อง_หันโจด_M6_U6,27,พรรคประชาธิปัตย์,1.0
KK10_หนองสองห้อง_หันโจด_M6_U6,31,พรรคประชากรไทย,1.0
KK10_หนองสองห้อง_หันโจด_M6_U6,32,พรรคครูไทยเพื่อประชาชน,1.0
KK10_หนองสองห้อง_หันโจด_M6_U6,33,พรรคประชาชาติ,1.0
KK10_หนองสองห้อง_หันโจด_M6_U6,34,พรรคสร้างอนาคตไทย,1.0
KK10_หนองสองห้อง_หันโจด_M6_U6,36,พรรคไทยพร้อม,1.0
KK10_หนองสองห้อง_หันโจด_M6_U6,37,พรรคภูมิใจไทย,46.0
KK10_หนองสองห้อง_หันโจด_M6_U6,46,พรรคประชาชน,42.0
KK10_หนองสองห้อง_หันโจด_M6_U6,48,พรรคไทยสร้างไทย,1.0
KK10_หนองสองห้อง_หันโจด_M6_U6,49,พรรคไทยก้าวใหม่,2.0
KK10_หนองสองห้อง_หันโจด_M7_U7,1,พรรคไทยทรัพย์ทวี,2.0
KK10_หนองสองห้อง_หันโจด_M7_U7,2,พรรคเพื่อชาติไทย,5.0
KK10_หนองสองห้อง_หันโจด_M7_U7,3,พรรคใหม่,2.0
KK10_หนองสองห้อง_หันโจด_M7_U7,4,พรรคมิติใหม่,1.0
KK10_หนองสองห้อง_หันโจด_M7_U7,5,พรรครวมใจไทย,8.0
KK10_หนองสองห้อง_หันโจด_M7_U7,6,พรรครวมไทยสร้างชาติ,4.0
KK10_หนองสองห้อง_หันโจด_M7_U7,8,พรรคประชาธิปไตยใหม่,2.0
KK10_หนองสองห้อง_หันโจด_M7_U7,9,พรรคเพื่อไทย,113.0
KK10_หนองสองห้อง_หันโจด_M7_U7,10,พรรคทางเลือกใหม่,1.0
KK10_หนองสองห้อง_หันโจด_M7_U7,11,พรรคเศรษฐกิจ,9.0
KK10_หนองสองห้อง_หันโจด_M7_U7,14,พรรคท้องที่ไทย,1.0
KK10_หนองสองห้อง_หันโจด_M7_U7,15,พรรคอนาคตไทย,1.0
KK10_หนองสองห้อง_หันโจด_M7_U7,17,พรรคไทยชนะ,1.0
KK10_หนองสองห้อง_หันโจด_M7_U7,27,พรรคประชาธิปัตย์,1.0
KK10_หนองสองห้อง_หันโจด_M7_U7,28,พรรคไทยก้าวหน้า,1.0
KK10_หนองสองห้อง_หันโจด_M7_U7,31,พรรคประชากรไทย,3.0
KK10_หนองสองห้อง_หันโจด_M7_U7,35,พรรครักชาติ,3.0
KK10_หนองสองห้อง_หันโจด_M7_U7,36,พรรคไทยพร้อม,1.0
KK10_หนองสองห้อง_หันโจด_M7_U7,37,พรรคภูมิใจไทย,93.0
KK10_หนองสองห้อง_หันโจด_M7_U7,38,พรรคพลังธรรมใหม่,4.0
KK10_หนองสองห้อง_หันโจด_M7_U7,42,พรรคกล้าธรรม,1.0
KK10_หนองสองห้อง_หันโจด_M7_U7,43,พรรคพลังประชารัฐ,1.0
KK10_หนองสองห้อง_หันโจด_M7_U7,46,พรรคประชาชน,40.0
KK10_หนองสองห้อง_หันโจด_M7_U7,48,พรรคไทยสร้างไทย,1.0
KK10_หนองสองห้อง_หันโจด_M8_U8,1,พรรคไทยทรัพย์ทวี,1.0
KK10_หนองสองห้อง_หันโจด_M8_U8,2,พรรคเพื่อชาติไทย,3.0
KK10_หนองสองห้อง_หันโจด_M8_U8,5,พรรครวมใจไทย,2.0
KK10_หนองสองห้อง_หันโจด_M8_U8,9,พรรคเพื่อไทย,82.0
KK10_หนองสองห้อง_หันโจด_M8_U8,10,พรรคทางเลือกใหม่,1.0
KK10_หนองสองห้อง_หันโจด_M8_U8,23,พรรคปวงชนไทย,1.0
KK10_หนองสองห้อง_หันโจด_M8_U8,27,พรรคประชาธิปัตย์,1.0
KK10_หนองสองห้อง_หันโจด_M8_U8,29,พรรคไทยภักดี,1.0
KK10_หนองสองห้อง_หันโจด_M8_U8,31,พรรคประชากรไทย,1.0
KK10_หนองสองห้อง_หันโจด_M8_U8,37,พรรคภูมิใจไทย,14.0
KK10_หนองสองห้อง_หันโจด_M8_U8,38,พรรคพลังธรรมใหม่,1.0
KK10_หนองสองห้อง_หันโจด_M8_U8,46,พรรคประชาชน,15.0
KK10_หนองสองห้อง_หันโจด_M9_U9,1,พรรคไทยทรัพย์ทวี,4.0
KK10_หนองสองห้อง_หันโจด_M9_U9,2,พรรคเพื่อชาติไทย,1.0
KK10_หนองสองห้อง_หันโจด_M9_U9,5,พรรครวมใจไทย,1.0
KK10_หนองสองห้อง_หันโจด_M9_U9,6,พรรครวมไทยสร้างชาติ,1.0
KK10_หนองสองห้อง_หันโจด_M9_U9,9,พรรคเพื่อไทย,70.0
KK10_หนองสองห้อง_หันโจด_M9_U9,11,พรรคเศรษฐกิจ,2.0
KK10_หนองสองห้อง_หันโจด_M9_U9,12,พรรคเสรีรวมไทย,1.0
KK10_หนองสองห้อง_หันโจด_M9_U9,13,พรรครวมพลังประชาชน,1.0
KK10_หนองสองห้อง_หันโจด_M9_U9,27,พรรคประชาธิปัตย์,1.0
KK10_หนองสองห้อง_หันโจด_M9_U9,31,พรรคประชากรไทย,1.0
KK10_หนองสองห้อง_หันโจด_M9_U9,35,พรรครักชาติ,1.0
KK10_หนองสองห้อง_หันโจด_M9_U9,36,พรรคไทยพร้อม,2.0
KK10_หนองสองห้อง_หันโจด_M9_U9,37,พรรคภูมิใจไทย,17.0
KK10_หนองสองห้อง_หันโจด_M9_U9,38,พรรคพลังธรรมใหม่,1.0
KK10_หนองสองห้อง_หันโจด_M9_U9,46,พรรคประชาชน,18.0
KK10_หนองสองห้อง_หันโจด_M9_U9,48,พรรคไทยสร้างไทย,1.0
KK10_หนองสองห้อง_โนนธาตุ_M10_U10,1,พรรคไทยทรัพย์ทวี,10.0
KK10_หนองสองห้อง_โนนธาตุ_M10_U10,2,พรรคเพื่อชาติไทย,4.0
KK10_หนองสองห้อง_โนนธาตุ_M10_U10,5,พรรครวมใจไทย,5.0
KK10_หนองสองห้อง_โนนธาตุ_M10_U10,6,พรรครวมไทยสร้างชาติ,2.0
KK10_หนองสองห้อง_โนนธาตุ_M10_U10,9,พรรคเพื่อไทย,160.0
KK10_หนองสองห้อง_โนนธาตุ_M10_U10,11,พรรคเศรษฐกิจ,7.0
KK10_หนองสองห้อง_โนนธาตุ_M10_U10,13,พรรครวมพลังประชาชน,1.0
KK10_หนองสองห้อง_โนนธาตุ_M10_U10,16,พรรคพลังเพื่อไทย,2.0
KK10_หนองสองห้อง_โนนธาตุ_M10_U10,21,พรรคไทรวมพลัง,1.0
KK10_หนองสองห้อง_โนนธาตุ_M10_U10,24,พรรควิชชั่นใหม่,1.0
KK10_หนองสองห้อง_โนนธาตุ_M10_U10,30,พรรคแรงงานสร้างชาติ,1.0
KK10_หนองสองห้อง_โนนธาตุ_M10_U10,31,พรรคประชากรไทย,1.0
KK10_หนองสองห้อง_โนนธาตุ_M10_U10,32,พรรคครูไทยเพื่อประชาชน,1.0
KK10_หนองสองห้อง_โนนธาตุ_M10_U10,36,พรรคไทยพร้อม,1.0
KK10_หนองสองห้อง_โนนธาตุ_M10_U10,37,พรรคภูมิใจไทย,54.0
KK10_หนองสองห้อง_โนนธาตุ_M10_U10,38,พรรคพลังธรรมใหม่,2.0
KK10_หนองสองห้อง_โนนธาตุ_M10_U10,46,พรรคประชาชน,56.0
KK10_หนองสองห้อง_โนนธาตุ_M10_U10,47,พรรคประชาไทย,1.0
KK10_หนองสองห้อง_โนนธาตุ_M10_U10,48,พรรคไทยสร้างไทย,3.0
KK10_หนองสองห้อง_โนนธาตุ_M11_U11,1,พรรคไทยทรัพย์ทวี,3.0
KK10_หนองสองห้อง_โนนธาตุ_M11_U11,2,พรรคเพื่อชาติไทย,2.0
KK10_หนองสองห้อง_โนนธาตุ_M11_U11,3,พรรคใหม่,2.0
KK10_หนองสองห้อง_โนนธาตุ_M11_U11,5,พรรครวมใจไทย,2.0
KK10_หนองสองห้อง_โนนธาตุ_M11_U11,6,พรรครวมไทยสร้างชาติ,2.0
KK10_หนองสองห้อง_โนนธาตุ_M11_U11,9,พรรคเพื่อไทย,43.0
KK10_หนองสองห้อง_โนนธาตุ_M11_U11,10,พรรคทางเลือกใหม่,1.0
KK10_หนองสองห้อง_โนนธาตุ_M11_U11,11,พรรคเศรษฐกิจ,2.0
KK10_หนองสองห้อง_โนนธาตุ_M11_U11,12,พรรคเสรีรวมไทย,1.0
KK10_หนองสองห้อง_โนนธาตุ_M11_U11,13,พรรครวมพลังประชาชน,1.0
KK10_หนองสองห้อง_โนนธาตุ_M11_U11,30,พรรคแรงงานสร้างชาติ,2.0
KK10_หนองสองห้อง_โนนธาตุ_M11_U11,31,พรรคประชากรไทย,1.0
KK10_หนองสองห้อง_โนนธาตุ_M11_U11,35,พรรครักชาติ,1.0
KK10_หนองสองห้อง_โนนธาตุ_M11_U11,37,พรรคภูมิใจไทย,28.0
KK10_หนองสองห้อง_โนนธาตุ_M11_U11,38,พรรคพลังธรรมใหม่,4.0
KK10_หนองสองห้อง_โนนธาตุ_M11_U11,46,พรรคประชาชน,22.0
KK10_หนองสองห้อง_โนนธาตุ_M1_U1,1,พรรคไทยทรัพย์ทวี,3.0
KK10_หนองสองห้อง_โนนธาตุ_M1_U1,2,พรรคเพื่อชาติไทย,1.0
KK10_หนองสองห้อง_โนนธาตุ_M1_U1,5,พรรครวมใจไทย,6.0
KK10_หนองสองห้อง_โนนธาตุ_M1_U1,6,พรรครวมไทยสร้างชาติ,1.0
KK10_หนองสองห้อง_โนนธาตุ_M1_U1,8,พรรคประชาธิปไตยใหม่,1.0
KK10_หนองสองห้อง_โนนธาตุ_M1_U1,9,พรรคเพื่อไทย,82.0
KK10_หนองสองห้อง_โนนธาตุ_M1_U1,10,พรรคทางเลือกใหม่,1.0
KK10_หนองสองห้อง_โนนธาตุ_M1_U1,11,พรรคเศรษฐกิจ,3.0
KK10_หนองสองห้อง_โนนธาตุ_M1_U1,12,พรรคเสรีรวมไทย,2.0
KK10_หนองสองห้อง_โนนธาตุ_M1_U1,16,พรรคพลังเพื่อไทย,1.0
KK10_หนองสองห้อง_โนนธาตุ_M1_U1,31,พรรคประชากรไทย,2.0
KK10_หนองสองห้อง_โนนธาตุ_M1_U1,37,พรรคภูมิใจไทย,16.0
KK10_หนองสองห้อง_โนนธาตุ_M1_U1,38,พรรคพลังธรรมใหม่,2.0
KK10_หนองสองห้อง_โนนธาตุ_M1_U1,46,พรรคประชาชน,22.0
KK10_หนองสองห้อง_โนนธาตุ_M2_U2,1,พรรคไทยทรัพย์ทวี,5.0
KK10_หนองสองห้อง_โนนธาตุ_M2_U2,2,พรรคเพื่อชาติไทย,5.0
KK10_หนองสองห้อง_โนนธาตุ_M2_U2,3,พรรคใหม่,2.0
KK10_หนองสองห้อง_โนนธาตุ_M2_U2,4,พรรคมิติใหม่,1.0
KK10_หนองสองห้อง_โนนธาตุ_M2_U2,5,พรรครวมใจไทย,5.0
KK10_หนองสองห้อง_โนนธาตุ_M2_U2,6,พรรครวมไทยสร้างชาติ,1.0
KK10_หนองสองห้อง_โนนธาตุ_M2_U2,9,พรรคเพื่อไทย,77.0
KK10_หนองสองห้อง_โนนธาตุ_M2_U2,11,พรรคเศรษฐกิจ,4.0
KK10_หนองสองห้อง_โนนธาตุ_M2_U2,12,พรรคเสรีรวมไทย,2.0
KK10_หนองสองห้อง_โนนธาตุ_M2_U2,13,พรรครวมพลังประชาชน,1.0
KK10_หนองสองห้อง_โนนธาตุ_M2_U2,26,พรรคคลองไทย,1.0
KK10_หนองสองห้อง_โนนธาตุ_M2_U2,29,พรรคไทยภักดี,1.0
KK10_หนองสองห้อง_โนนธาตุ_M2_U2,31,พรรคประชากรไทย,2.0
KK10_หนองสองห้อง_โนนธาตุ_M2_U2,34,พรรคสร้างอนาคตไทย,2.0
KK10_หนองสองห้อง_โนนธาตุ_M2_U2,35,พรรครักชาติ,1.0
KK10_หนองสองห้อง_โนนธาตุ_M2_U2,37,พรรคภูมิใจไทย,28.0
KK10_หนองสองห้อง_โนนธาตุ_M2_U2,38,พรรคพลังธรรมใหม่,1.0
KK10_หนองสองห้อง_โนนธาตุ_M2_U2,42,พรรคกล้าธรรม,1.0
KK10_หนองสองห้อง_โนนธาตุ_M2_U2,46,พรรคประชาชน,28.0
KK10_หนองสองห้อง_โนนธาตุ_M2_U2,47,พรรคประชาไทย,1.0
KK10_หนองสองห้อง_โนนธาตุ_M2_U2,48,พรรคไทยสร้างไทย,1.0
KK10_หนองสองห้อง_โนนธาตุ_M2_U2,49,พรรคไทยก้าวใหม่,1.0
KK10_หนองสองห้อง_โนนธาตุ_M3_U3,1,พรรคไทยทรัพย์ทวี,1.0
KK10_หนองสองห้อง_โนนธาตุ_M3_U3,2,พรรคเพื่อชาติไทย,1.0
KK10_หนองสองห้อง_โนนธาตุ_M3_U3,3,พรรคใหม่,1.0
KK10_หนองสองห้อง_โนนธาตุ_M3_U3,5,พรรครวมใจไทย,4.0
KK10_หนองสองห้อง_โนนธาตุ_M3_U3,6,พรรครวมไทยสร้างชาติ,3.0
KK10_หนองสองห้อง_โนนธาตุ_M3_U3,9,พรรคเพื่อไทย,105.0
KK10_หนองสองห้อง_โนนธาตุ_M3_U3,11,พรรคเศรษฐกิจ,4.0
KK10_หนองสองห้อง_โนนธาตุ_M3_U3,27,พรรคประชาธิปัตย์,1.0
KK10_หนองสองห้อง_โนนธาตุ_M3_U3,35,พรรครักชาติ,1.0
KK10_หนองสองห้อง_โนนธาตุ_M3_U3,37,พรรคภูมิใจไทย,20.0
KK10_หนองสองห้อง_โนนธาตุ_M3_U3,38,พรรคพลังธรรมใหม่,1.0
KK10_หนองสองห้อง_โนนธาตุ_M3_U3,46,พรรคประชาชน,28.0
KK10_หนองสองห้อง_โนนธาตุ_M3_U3,47,พรรคประชาไทย,1.0
KK10_หนองสองห้อง_โนนธาตุ_M3_U3,48,พรรคไทยสร้างไทย,1.0
KK10_หนองสองห้อง_โนนธาตุ_M4_U4,1,พรรคไทยทรัพย์ทวี,9.0
KK10_หนองสองห้อง_โนนธาตุ_M4_U4,2,พรรคเพื่อชาติไทย,9.0
KK10_หนองสองห้อง_โนนธาตุ_M4_U4,3,พรรคใหม่,2.0
KK10_หนองสองห้อง_โนนธาตุ_M4_U4,5,พรรครวมใจไทย,12.0
KK10_หนองสองห้อง_โนนธาตุ_M4_U4,6,พรรครวมไทยสร้างชาติ,1.0
KK10_หนองสองห้อง_โนนธาตุ_M4_U4,7,พรรคพลวัต,1.0
KK10_หนองสองห้อง_โนนธาตุ_M4_U4,8,พรรคประชาธิปไตยใหม่,1.0
KK10_หนองสองห้อง_โนนธาตุ_M4_U4,9,พรรคเพื่อไทย,155.0
KK10_หนองสองห้อง_โนนธาตุ_M4_U4,11,พรรคเศรษฐกิจ,7.0
KK10_หนองสองห้อง_โนนธาตุ_M4_U4,13,พรรครวมพลังประชาชน,1.0
KK10_หนองสองห้อง_โนนธาตุ_M4_U4,16,พรรคพลังเพื่อไทย,1.0
KK10_หนองสองห้อง_โนนธาตุ_M4_U4,25,พรรคเพื่อชีวิตใหม่,1.0
KK10_หนองสองห้อง_โนนธาตุ_M4_U4,27,พรรคประชาธิปัตย์,1.0
KK10_หนองสองห้อง_โนนธาตุ_M4_U4,31,พรรคประชากรไทย,2.0
KK10_หนองสองห้อง_โนนธาตุ_M4_U4,33,พรรคประชาชาติ,1.0
KK10_หนองสองห้อง_โนนธาตุ_M4_U4,34,พรรคสร้างอนาคตไทย,2.0
KK10_หนองสองห้อง_โนนธาตุ_M4_U4,37,พรรคภูมิใจไทย,90.0
KK10_หนองสองห้อง_โนนธาตุ_M4_U4,38,พรรคพลังธรรมใหม่,2.0
KK10_หนองสองห้อง_โนนธาตุ_M4_U4,46,พรรคประชาชน,44.0
KK10_หนองสองห้อง_โนนธาตุ_M4_U4,48,พรรคไทยสร้างไทย,4.0
KK10_หนองสองห้อง_โนนธาตุ_M5_U5,1,พรรคไทยทรัพย์ทวี,5.0
KK10_หนองสองห้อง_โนนธาตุ_M5_U5,2,พรรคเพื่อชาติไทย,5.0
KK10_หนองสองห้อง_โนนธาตุ_M5_U5,3,พรรคใหม่,1.0
KK10_หนองสองห้อง_โนนธาตุ_M5_U5,5,พรรครวมใจไทย,7.0
KK10_หนองสองห้อง_โนนธาตุ_M5_U5,6,พรรครวมไทยสร้างชาติ,5.0
KK10_หนองสองห้อง_โนนธาตุ_M5_U5,9,พรรคเพื่อไทย,120.0
KK10_หนองสองห้อง_โนนธาตุ_M5_U5,10,พรรคทางเลือกใหม่,1.0
KK10_หนองสองห้อง_โนนธาตุ_M5_U5,11,พรรคเศรษฐกิจ,4.0
KK10_หนองสองห้อง_โนนธาตุ_M5_U5,12,พรรคเสรีรวมไทย,1.0
KK10_หนองสองห้อง_โนนธาตุ_M5_U5,13,พรรครวมพลังประชาชน,3.0
KK10_หนองสองห้อง_โนนธาตุ_M5_U5,16,พรรคพลังเพื่อไทย,1.0
KK10_หนองสองห้อง_โนนธาตุ_M5_U5,17,พรรคไทยชนะ,1.0
KK10_หนองสองห้อง_โนนธาตุ_M5_U5,27,พรรคประชาธิปัตย์,4.0
KK10_หนองสองห้อง_โนนธาตุ_M5_U5,32,พรรคครูไทยเพื่อประชาชน,2.0
KK10_หนองสองห้อง_โนนธาตุ_M5_U5,36,พรรคไทยพร้อม,1.0
KK10_หนองสองห้อง_โนนธาตุ_M5_U5,37,พรรคภูมิใจไทย,69.0
KK10_หนองสองห้อง_โนนธาตุ_M5_U5,38,พรรคพลังธรรมใหม่,2.0
KK10_หนองสองห้อง_โนนธาตุ_M5_U5,42,พรรคกล้าธรรม,1.0
KK10_หนองสองห้อง_โนนธาตุ_M5_U5,43,พรรคพลังประชารัฐ,1.0
KK10_หนองสองห้อง_โนนธาตุ_M5_U5,46,พรรคประชาชน,77.0
KK10_หนองสองห้อง_โนนธาตุ_M5_U5,47,พรรคประชาไทย,2.0
KK10_หนองสองห้อง_โนนธาตุ_M5_U5,48,พรรคไทยสร้างไทย,1.0
KK10_หนองสองห้อง_โนนธาตุ_M5_U5,49,พรรคไทยก้าวใหม่,1.0
KK10_หนองสองห้อง_โนนธาตุ_M6_U6,1,พรรคไทยทรัพย์ทวี,10.0
KK10_หนองสองห้อง_โนนธาตุ_M6_U6,2,พรรคเพื่อชาติไทย,5.0
KK10_หนองสองห้อง_โนนธาตุ_M6_U6,4,พรรคมิติใหม่,1.0
KK10_หนองสองห้อง_โนนธาตุ_M6_U6,5,พรรครวมใจไทย,22.0
KK10_หนองสองห้อง_โนนธาตุ_M6_U6,6,พรรครวมไทยสร้างชาติ,3.0
KK10_หนองสองห้อง_โนนธาตุ_M6_U6,9,พรรคเพื่อไทย,183.0
KK10_หนองสองห้อง_โนนธาตุ_M6_U6,10,พรรคทางเลือกใหม่,3.0
KK10_หนองสองห้อง_โนนธาตุ_M6_U6,11,พรรคเศรษฐกิจ,6.0
KK10_หนองสองห้อง_โนนธาตุ_M6_U6,12,พรรคเสรีรวมไทย,3.0
KK10_หนองสองห้อง_โนนธาตุ_M6_U6,13,พรรครวมพลังประชาชน,1.0
KK10_หนองสองห้อง_โนนธาตุ_M6_U6,19,พรรคสังคมประชาธิปไตยไทย,1.0
KK10_หนองสองห้อง_โนนธาตุ_M6_U6,27,พรรคประชาธิปัตย์,2.0
KK10_หนองสองห้อง_โนนธาตุ_M6_U6,28,พรรคไทยก้าวหน้า,1.0
KK10_หนองสองห้อง_โนนธาตุ_M6_U6,29,พรรคไทยภักดี,1.0
KK10_หนองสองห้อง_โนนธาตุ_M6_U6,31,พรรคประชากรไทย,2.0
KK10_หนองสองห้อง_โนนธาตุ_M6_U6,34,พรรคสร้างอนาคตไทย,1.0
KK10_หนองสองห้อง_โนนธาตุ_M6_U6,37,พรรคภูมิใจไทย,47.0
KK10_หนองสองห้อง_โนนธาตุ_M6_U6,38,พรรคพลังธรรมใหม่,2.0
KK10_หนองสองห้อง_โนนธาตุ_M6_U6,39,พรรคกรีน,1.0
KK10_หนองสองห้อง_โนนธาตุ_M6_U6,46,พรรคประชาชน,59.0
KK10_หนองสองห้อง_โนนธาตุ_M6_U6,48,พรรคไทยสร้างไทย,3.0
KK10_หนองสองห้อง_โนนธาตุ_M6_U6,57,พรรคพลังไทยรักชาติ,1.0
KK10_หนองสองห้อง_โนนธาตุ_M7_U7,1,พรรคไทยทรัพย์ทวี,5.0
KK10_หนองสองห้อง_โนนธาตุ_M7_U7,2,พรรคเพื่อชาติไทย,4.0
KK10_หนองสองห้อง_โนนธาตุ_M7_U7,3,พรรคใหม่,1.0
KK10_หนองสองห้อง_โนนธาตุ_M7_U7,5,พรรครวมใจไทย,7.0
KK10_หนองสองห้อง_โนนธาตุ_M7_U7,8,พรรคประชาธิปไตยใหม่,1.0
KK10_หนองสองห้อง_โนนธาตุ_M7_U7,9,พรรคเพื่อไทย,61.0
KK10_หนองสองห้อง_โนนธาตุ_M7_U7,10,พรรคทางเลือกใหม่,1.0
KK10_หนองสองห้อง_โนนธาตุ_M7_U7,11,พรรคเศรษฐกิจ,10.0
KK10_หนองสองห้อง_โนนธาตุ_M7_U7,13,พรรครวมพลังประชาชน,2.0
KK10_หนองสองห้อง_โนนธาตุ_M7_U7,16,พรรคพลังเพื่อไทย,1.0
KK10_หนองสองห้อง_โนนธาตุ_M7_U7,34,พรรคสร้างอนาคตไทย,1.0
KK10_หนองสองห้อง_โนนธาตุ_M7_U7,37,พรรคภูมิใจไทย,18.0
KK10_หนองสองห้อง_โนนธาตุ_M7_U7,46,พรรคประชาชน,21.0
KK10_หนองสองห้อง_โนนธาตุ_M8_U8,1,พรรคไทยทรัพย์ทวี,4.0
KK10_หนองสองห้อง_โนนธาตุ_M8_U8,2,พรรคเพื่อชาติไทย,1.0
KK10_หนองสองห้อง_โนนธาตุ_M8_U8,4,พรรคมิติใหม่,1.0
KK10_หนองสองห้อง_โนนธาตุ_M8_U8,5,พรรครวมใจไทย,6.0
KK10_หนองสองห้อง_โนนธาตุ_M8_U8,6,พรรครวมไทยสร้างชาติ,3.0
KK10_หนองสองห้อง_โนนธาตุ_M8_U8,7,พรรคพลวัต,4.0
KK10_หนองสองห้อง_โนนธาตุ_M8_U8,8,พรรคประชาธิปไตยใหม่,1.0
KK10_หนองสองห้อง_โนนธาตุ_M8_U8,9,พรรคเพื่อไทย,95.0
KK10_หนองสองห้อง_โนนธาตุ_M8_U8,10,พรรคทางเลือกใหม่,2.0
KK10_หนองสองห้อง_โนนธาตุ_M8_U8,11,พรรคเศรษฐกิจ,5.0
KK10_หนองสองห้อง_โนนธาตุ_M8_U8,27,พรรคประชาธิปัตย์,1.0
KK10_หนองสองห้อง_โนนธาตุ_M8_U8,28,พรรคไทยก้าวหน้า,1.0
KK10_หนองสองห้อง_โนนธาตุ_M8_U8,29,พรรคไทยภักดี,1.0
KK10_หนองสองห้อง_โนนธาตุ_M8_U8,30,พรรคแรงงานสร้างชาติ,1.0
KK10_หนองสองห้อง_โนนธาตุ_M8_U8,31,พรรคประชากรไทย,1.0
KK10_หนองสองห้อง_โนนธาตุ_M8_U8,37,พรรคภูมิใจไทย,39.0
KK10_หนองสองห้อง_โนนธาตุ_M8_U8,38,พรรคพลังธรรมใหม่,1.0
KK10_หนองสองห้อง_โนนธาตุ_M8_U8,46,พรรคประชาชน,19.0
KK10_หนองสองห้อง_โนนธาตุ_M9_U9,1,พรรคไทยทรัพย์ทวี,11.0
KK10_หนองสองห้อง_โนนธาตุ_M9_U9,2,พรรคเพื่อชาติไทย,3.0
KK10_หนองสองห้อง_โนนธาตุ_M9_U9,3,พรรคใหม่,3.0
KK10_หนองสองห้อง_โนนธาตุ_M9_U9,4,พรรคมิติใหม่,1.0
KK10_หนองสองห้อง_โนนธาตุ_M9_U9,5,พรรครวมใจไทย,5.0
KK10_หนองสองห้อง_โนนธาตุ_M9_U9,6,พรรครวมไทยสร้างชาติ,2.0
KK10_หนองสองห้อง_โนนธาตุ_M9_U9,7,พรรคพลวัต,1.0
KK10_หนองสองห้อง_โนนธาตุ_M9_U9,9,พรรคเพื่อไทย,104.0
KK10_หนองสองห้อง_โนนธาตุ_M9_U9,11,พรรคเศรษฐกิจ,1.0
KK10_หนองสองห้อง_โนนธาตุ_M9_U9,14,พรรคท้องที่ไทย,1.0
KK10_หนองสองห้อง_โนนธาตุ_M9_U9,17,พรรคไทยชนะ,1.0
KK10_หนองสองห้อง_โนนธาตุ_M9_U9,19,พรรคสังคมประชาธิปไตยไทย,1.0
KK10_หนองสองห้อง_โนนธาตุ_M9_U9,27,พรรคประชาธิปัตย์,1.0
KK10_หนองสองห้อง_โนนธาตุ_M9_U9,29,พรรคไทยภักดี,2.0
KK10_หนองสองห้อง_โนนธาตุ_M9_U9,31,พรรคประชากรไทย,1.0
KK10_หนองสองห้อง_โนนธาตุ_M9_U9,35,พรรครักชาติ,1.0
KK10_หนองสองห้อง_โนนธาตุ_M9_U9,37,พรรคภูมิใจไทย,32.0
KK10_หนองสองห้อง_โนนธาตุ_M9_U9,38,พรรคพลังธรรมใหม่,4.0
KK10_หนองสองห้อง_โนนธาตุ_M9_U9,39,พรรคกรีน,1.0
KK10_หนองสองห้อง_โนนธาตุ_M9_U9,46,พรรคประชาชน,34.0
KK10_หนองสองห้อง_โนนธาตุ_M9_U9,47,พรรคประชาไทย,1.0
KK10_หนองสองห้อง_โนนธาตุ_M9_U9,48,พรรคไทยสร้างไทย,1.0
KK10_หนองสองห้อง_โนนธาตุ_M9_U9,55,พรรคไทยรวมไทย,1.0
KK10_หนองสองห้อง_ในนอกนอกราช_M_U,1,พรรคไทยทรัพย์ทวี,0.0
KK10_หนองสองห้อง_ในนอกนอกราช_M_U,2,พรรคเพื่อชาติไทย,0.0
KK10_หนองสองห้อง_ในนอกนอกราช_M_U,3,พรรคใหม่,0.0
KK10_หนองสองห้อง_ในนอกนอกราช_M_U,4,พรรคมิติใหม่,0.0
KK10_หนองสองห้อง_ในนอกนอกราช_M_U,5,พรรครวมใจไทย,0.0
KK10_หนองสองห้อง_ในนอกนอกราช_M_U,6,พรรครวมไทยสร้างชาติ,0.0
KK10_หนองสองห้อง_ในนอกนอกราช_M_U,7,พรรคพลวัต,0.0
KK10_หนองสองห้อง_ในนอกนอกราช_M_U,8,พรรคประชาธิปไตยใหม่,0.0
KK10_หนองสองห้อง_ในนอกนอกราช_M_U,9,พรรคเพื่อไทย,3.0
KK10_หนองสองห้อง_ในนอกนอกราช_M_U,10,พรรคทางเลือกใหม่,0.0
KK10_หนองสองห้อง_ในนอกนอกราช_M_U,11,พรรคเศรษฐกิจ,4.0
KK10_หนองสองห้อง_ในนอกนอกราช_M_U,12,พรรคเสรีรวมไทย,0.0
KK10_หนองสองห้อง_ในนอกนอกราช_M_U,13,พรรครวมพลังประชาชน,0.0
KK10_หนองสองห้อง_ในนอกนอกราช_M_U,14,พรรคท้องที่ไทย,0.0
KK10_หนองสองห้อง_ในนอกนอกราช_M_U,15,พรรคอนาคตไทย,0.0
KK10_หนองสองห้อง_ในนอกนอกราช_M_U,16,พรรคพลังเพื่อไทย,0.0
KK10_หนองสองห้อง_ในนอกนอกราช_M_U,17,พรรคไทยชนะ,0.0
KK10_หนองสองห้อง_ในนอกนอกราช_M_U,18,พรรคพลังสังคมใหม่,0.0
KK10_หนองสองห้อง_ในนอกนอกราช_M_U,19,พรรคสังคมประชาธิปไตยไทย,0.0
KK10_หนองสองห้อง_ในนอกนอกราช_M_U,20,พรรคฟิวชัน,0.0
KK10_หนองสองห้อง_ในนอกนอกราช_M_U,21,พรรคไทรวมพลัง,0.0
KK10_หนองสองห้อง_ในนอกนอกราช_M_U,22,พรรคก้าวอิสระ,0.0
KK10_หนองสองห้อง_ในนอกนอกราช_M_U,23,พรรคปวงชนไทย,0.0
KK10_หนองสองห้อง_ในนอกนอกราช_M_U,24,พรรควิชชั่นใหม่,0.0
KK10_หนองสองห้อง_ในนอกนอกราช_M_U,25,พรรคเพื่อชีวิตใหม่,0.0
KK10_หนองสองห้อง_ในนอกนอกราช_M_U,26,พรรคคลองไทย,0.0
KK10_หนองสองห้อง_ในนอกนอกราช_M_U,27,พรรคประชาธิปัตย์,0.0
KK10_หนองสองห้อง_ในนอกนอกราช_M_U,28,พรรคไทยก้าวหน้า,0.0
KK10_หนองสองห้อง_ในนอกนอกราช_M_U,29,พรรคไทยภักดี,0.0
KK10_หนองสองห้อง_ในนอกนอกราช_M_U,30,พรรคแรงงานสร้างชาติ,0.0
KK10_หนองสองห้อง_ในนอกนอกราช_M_U,31,พรรคประชากรไทย,0.0
KK10_หนองสองห้อง_ในนอกนอกราช_M_U,32,พรรคครูไทยเพื่อประชาชน,0.0
KK10_หนองสองห้อง_ในนอกนอกราช_M_U,33,พรรคประชาชาติ,0.0
KK10_หนองสองห้อง_ในนอกนอกราช_M_U,34,พรรคสร้างอนาคตไทย,0.0
KK10_หนองสองห้อง_ในนอกนอกราช_M_U,35,พรรครักชาติ,0.0
KK10_หนองสองห้อง_ในนอกนอกราช_M_U,36,พรรคไทยพร้อม,0.0
KK10_หนองสองห้อง_ในนอกนอกราช_M_U,37,พรรคภูมิใจไทย,0.0
KK10_หนองสองห้อง_ในนอกนอกราช_M_U,38,พรรคพลังธรรมใหม่,0.0
KK10_หนองสองห้อง_ในนอกนอกราช_M_U,39,พรรคกรีน,0.0
KK10_หนองสองห้อง_ในนอกนอกราช_M_U,40,พรรคไทยธรรม,0.0
KK10_หนองสองห้อง_ในนอกนอกราช_M_U,41,พรรคแผ่นดินธรรม,0.0
KK10_หนองสองห้อง_ในนอกนอกราช_M_U,42,พรรคกล้าธรรม,0.0
KK10_หนองสองห้อง_ในนอกนอกราช_M_U,43,พรรคพลังประชารัฐ,0.0
KK10_หนองสองห้อง_ในนอกนอกราช_M_U,44,พรรคโอกาสใหม่,0.0
KK10_หนองสองห้อง_ในนอกนอกราช_M_U,45,พรรคเป็นธรรม,0.0
KK10_หนองสองห้อง_ในนอกนอกราช_M_U,46,พรรคประชาชน,4.0
KK10_หนองสองห้อง_ในนอกนอกราช_M_U,47,พรรคประชาไทย,0.0
KK10_หนองสองห้อง_ในนอกนอกราช_M_U,48,พรรคไทยสร้างไทย,0.0
KK10_หนองสองห้อง_ในนอกนอกราช_M_U,49,พรรคไทยก้าวใหม่,0.0
KK10_หนองสองห้อง_ในนอกนอกราช_M_U,50,พรรคอาสาสมัครประชาชนไทย,0.0
KK10_หนองสองห้อง_ในนอกนอกราช_M_U,51,พรรคพร้อม,0.0
KK10_หนองสองห้อง_ในนอกนอกราช_M_U,52,พรรคเครือข่ายชาวนาแห่งประเทศไทย,0.0
KK10_หนองสองห้อง_ในนอกนอกราช_M_U,53,พรรคไทยพิทักษ์ธรรม,0.0
KK10_หนองสองห้อง_ในนอกนอกราช_M_U,54,พรรคความหวังใหม่,0.0
KK10_หนองสองห้อง_ในนอกนอกราช_M_U,55,พรรคไทยรวมไทย,0.0
KK10_หนองสองห้อง_ในนอกนอกราช_M_U,56,พรรคเพื่อชาติ,0.0
KK10_หนองสองห้อง_ในนอกนอกราช_M_U,57,พรรคพลังไทยรักชาติ,0.0
KK10_หนองสองห้อง_ในนอกนอกราช_M_U,1,พรรคไทยทรัพย์ทวี,0.0
KK10_หนองสองห้อง_ในนอกนอกราช_M_U,2,พรรคเพื่อชาติไทย,2.0
KK10_หนองสองห้อง_ในนอกนอกราช_M_U,3,พรรคใหม่,1.0
KK10_หนองสองห้อง_ในนอกนอกราช_M_U,4,พรรคมิติใหม่,0.0
KK10_หนองสองห้อง_ในนอกนอกราช_M_U,5,พรรครวมใจไทย,4.0
KK10_หนองสองห้อง_ในนอกนอกราช_M_U,6,พรรครวมไทยสร้างชาติ,10.0
KK10_หนองสองห้อง_ในนอกนอกราช_M_U,7,พรรคพลวัต,2.0
KK10_หนองสองห้อง_ในนอกนอกราช_M_U,8,พรรคประชาธิปไตยใหม่,1.0
KK10_หนองสองห้อง_ในนอกนอกราช_M_U,9,พรรคเพื่อไทย,127.0
KK10_หนองสองห้อง_ในนอกนอกราช_M_U,10,พรรคทางเลือกใหม่,0.0
KK10_หนองสองห้อง_ในนอกนอกราช_M_U,11,พรรคเศรษฐกิจ,12.0
KK10_หนองสองห้อง_ในนอกนอกราช_M_U,12,พรรคเสรีรวมไทย,2.0
KK10_หนองสองห้อง_ในนอกนอกราช_M_U,13,พรรครวมพลังประชาชน,1.0
KK10_หนองสองห้อง_ในนอกนอกราช_M_U,14,พรรคท้องที่ไทย,0.0
KK10_หนองสองห้อง_ในนอกนอกราช_M_U,15,พรรคอนาคตไทย,0.0
KK10_หนองสองห้อง_ในนอกนอกราช_M_U,16,พรรคพลังเพื่อไทย,0.0
KK10_หนองสองห้อง_ในนอกนอกราช_M_U,17,พรรคไทยชนะ,0.0
KK10_หนองสองห้อง_ในนอกนอกราช_M_U,18,พรรคพลังสังคมใหม่,0.0
KK10_หนองสองห้อง_ในนอกนอกราช_M_U,19,พรรคสังคมประชาธิปไตยไทย,0.0
KK10_หนองสองห้อง_ในนอกนอกราช_M_U,20,พรรคฟิวชัน,0.0
KK10_หนองสองห้อง_ในนอกนอกราช_M_U,21,พรรคไทรวมพลัง,1.0
KK10_หนองสองห้อง_ในนอกนอกราช_M_U,22,พรรคก้าวอิสระ,0.0
KK10_หนองสองห้อง_ในนอกนอกราช_M_U,23,พรรคปวงชนไทย,0.0
KK10_หนองสองห้อง_ในนอกนอกราช_M_U,24,พรรควิชชั่นใหม่,0.0
KK10_หนองสองห้อง_ในนอกนอกราช_M_U,25,พรรคเพื่อชีวิตใหม่,
KK10_หนองสองห้อง_ในนอกนอกราช_M_U,26,พรรคคลองไทย,0.0
KK10_หนองสองห้อง_ในนอกนอกราช_M_U,27,พรรคประชาธิปัตย์,9.0
KK10_หนองสองห้อง_ในนอกนอกราช_M_U,28,พรรคไทยก้าวหน้า,0.0
KK10_หนองสองห้อง_ในนอกนอกราช_M_U,29,พรรคไทยภักดี,0.0
KK10_หนองสองห้อง_ในนอกนอกราช_M_U,30,พรรคแรงงานสร้างชาติ,1.0
KK10_หนองสองห้อง_ในนอกนอกราช_M_U,31,พรรคประชากรไทย,0.0
KK10_หนองสองห้อง_ในนอกนอกราช_M_U,32,พรรคครูไทยเพื่อประชาชน,0.0
KK10_หนองสองห้อง_ในนอกนอกราช_M_U,33,พรรคประชาชาติ,1.0
KK10_หนองสองห้อง_ในนอกนอกราช_M_U,34,พรรคสร้างอนาคตไทย,0.0
KK10_หนองสองห้อง_ในนอกนอกราช_M_U,35,พรรครักชาติ,0.0
KK10_หนองสองห้อง_ในนอกนอกราช_M_U,36,พรรคไทยพร้อม,0.0
KK10_หนองสองห้อง_ในนอกนอกราช_M_U,37,พรรคภูมิใจไทย,80.0
KK10_หนองสองห้อง_ในนอกนอกราช_M_U,38,พรรคพลังธรรมใหม่,1.0
KK10_หนองสองห้อง_ในนอกนอกราช_M_U,39,พรรคกรีน,0.0
KK10_หนองสองห้อง_ในนอกนอกราช_M_U,40,พรรคไทยธรรม,0.0
KK10_หนองสองห้อง_ในนอกนอกราช_M_U,41,พรรคแผ่นดินธรรม,0.0
KK10_หนองสองห้อง_ในนอกนอกราช_M_U,42,พรรคกล้าธรรม,1.0
KK10_หนองสองห้อง_ในนอกนอกราช_M_U,43,พรรคพลังประชารัฐ,1.0
KK10_หนองสองห้อง_ในนอกนอกราช_M_U,44,พรรคโอกาสใหม่,0.0
KK10_หนองสองห้อง_ในนอกนอกราช_M_U,45,พรรคเป็นธรรม,0.0
KK10_หนองสองห้อง_ในนอกนอกราช_M_U,46,พรรคประชาชน,515.0
KK10_หนองสองห้อง_ในนอกนอกราช_M_U,47,พรรคประชาไทย,0.0
KK10_หนองสองห้อง_ในนอกนอกราช_M_U,48,พรรคไทยสร้างไทย,2.0
KK10_หนองสองห้อง_ในนอกนอกราช_M_U,49,พรรคไทยก้าวใหม่,3.0
KK10_หนองสองห้อง_ในนอกนอกราช_M_U,50,พรรคอาสาสมัครประชาชนไทย,0.0
KK10_หนองสองห้อง_ในนอกนอกราช_M_U,51,พรรคพร้อม,0.0
KK10_หนองสองห้อง_ในนอกนอกราช_M_U,52,พรรคเครือข่ายชาวนาแห่งประเทศไทย,0.0
KK10_หนองสองห้อง_ในนอกนอกราช_M_U,53,พรรคไทยพิทักษ์ธรรม,0.0
KK10_หนองสองห้อง_ในนอกนอกราช_M_U,54,พรรคความหวังใหม่,0.0
KK10_หนองสองห้อง_ในนอกนอกราช_M_U,55,พรรคไทยรวมไทย,0.0
KK10_หนองสองห้อง_ในนอกนอกราช_M_U,56,พรรคเพื่อชาติ,0.0
KK10_หนองสองห้อง_ในนอกนอกราช_M_U,57,พรรคพลังไทยรักชาติ,0.0
KK10_หนองสองห้อง_ในนอกนอกราช_M_U,1,พรรคไทยทรัพย์ทวี,2.0
KK10_หนองสองห้อง_ในนอกนอกราช_M_U,2,พรรคเพื่อชาติไทย,3.0
KK10_หนองสองห้อง_ในนอกนอกราช_M_U,3,พรรคใหม่,4.0
KK10_หนองสองห้อง_ในนอกนอกราช_M_U,4,พรรคมิติใหม่,0.0
KK10_หนองสองห้อง_ในนอกนอกราช_M_U,5,พรรครวมใจไทย,3.0
KK10_หนองสองห้อง_ในนอกนอกราช_M_U,6,พรรครวมไทยสร้างชาติ,7.0
KK10_หนองสองห้อง_ในนอกนอกราช_M_U,7,พรรคพลวัต,0.0
KK10_หนองสองห้อง_ในนอกนอกราช_M_U,8,พรรคประชาธิปไตยใหม่,1.0
KK10_หนองสองห้อง_ในนอกนอกราช_M_U,9,พรรคเพื่อไทย,132.0
KK10_หนองสองห้อง_ในนอกนอกราช_M_U,10,พรรคทางเลือกใหม่,1.0
KK10_หนองสองห้อง_ในนอกนอกราช_M_U,11,พรรคเศรษฐกิจ,10.0
KK10_หนองสองห้อง_ในนอกนอกราช_M_U,12,พรรคเสรีรวมไทย,2.0
KK10_หนองสองห้อง_ในนอกนอกราช_M_U,13,พรรครวมพลังประชาชน,4.0
KK10_หนองสองห้อง_ในนอกนอกราช_M_U,14,พรรคท้องที่ไทย,0.0
KK10_หนองสองห้อง_ในนอกนอกราช_M_U,15,พรรคอนาคตไทย,0.0
KK10_หนองสองห้อง_ในนอกนอกราช_M_U,16,พรรคพลังเพื่อไทย,1.0
KK10_หนองสองห้อง_ในนอกนอกราช_M_U,17,พรรคไทยชนะ,1.0
KK10_หนองสองห้อง_ในนอกนอกราช_M_U,18,พรรคพลังสังคมใหม่,0.0
KK10_หนองสองห้อง_ในนอกนอกราช_M_U,19,พรรคสังคมประชาธิปไตยไทย,0.0
KK10_หนองสองห้อง_ในนอกนอกราช_M_U,20,พรรคฟิวชัน,0.0
KK10_หนองสองห้อง_ในนอกนอกราช_M_U,21,พรรคไทรวมพลัง,0.0
KK10_หนองสองห้อง_ในนอกนอกราช_M_U,22,พรรคก้าวอิสระ,0.0
KK10_หนองสองห้อง_ในนอกนอกราช_M_U,23,พรรคปวงชนไทย,0.0
KK10_หนองสองห้อง_ในนอกนอกราช_M_U,24,พรรควิชชั่นใหม่,0.0
KK10_หนองสองห้อง_ในนอกนอกราช_M_U,25,พรรคเพื่อชีวิตใหม่,0.0
KK10_หนองสองห้อง_ในนอกนอกราช_M_U,26,พรรคคลองไทย,0.0
KK10_หนองสองห้อง_ในนอกนอกราช_M_U,27,พรรคประชาธิปัตย์,13.0
KK10_หนองสองห้อง_ในนอกนอกราช_M_U,28,พรรคไทยก้าวหน้า,1.0
KK10_หนองสองห้อง_ในนอกนอกราช_M_U,29,พรรคไทยภักดี,0.0
KK10_หนองสองห้อง_ในนอกนอกราช_M_U,30,พรรคแรงงานสร้างชาติ,0.0
KK10_หนองสองห้อง_ในนอกนอกราช_M_U,31,พรรคประชากรไทย,0.0
KK10_หนองสองห้อง_ในนอกนอกราช_M_U,32,พรรคครูไทยเพื่อประชาชน,0.0
KK10_หนองสองห้อง_ในนอกนอกราช_M_U,33,พรรคประชาชาติ,0.0
KK10_หนองสองห้อง_ในนอกนอกราช_M_U,34,พรรคสร้างอนาคตไทย,0.0
KK10_หนองสองห้อง_ในนอกนอกราช_M_U,35,พรรครักชาติ,0.0
KK10_หนองสองห้อง_ในนอกนอกราช_M_U,36,พรรคไทยพร้อม,1.0
KK10_หนองสองห้อง_ในนอกนอกราช_M_U,37,พรรคภูมิใจไทย,75.0
KK10_หนองสองห้อง_ในนอกนอกราช_M_U,38,พรรคพลังธรรมใหม่,0.0
KK10_หนองสองห้อง_ในนอกนอกราช_M_U,39,พรรคกรีน,0.0
KK10_หนองสองห้อง_ในนอกนอกราช_M_U,40,พรรคไทยธรรม,0.0
KK10_หนองสองห้อง_ในนอกนอกราช_M_U,41,พรรคแผ่นดินธรรม,1.0
KK10_หนองสองห้อง_ในนอกนอกราช_M_U,42,พรรคกล้าธรรม,0.0
KK10_หนองสองห้อง_ในนอกนอกราช_M_U,43,พรรคพลังประชารัฐ,0.0
KK10_หนองสองห้อง_ในนอกนอกราช_M_U,44,พรรคโอกาสใหม่,0.0
KK10_หนองสองห้อง_ในนอกนอกราช_M_U,45,พรรคเป็นธรรม,0.0
KK10_หนองสองห้อง_ในนอกนอกราช_M_U,46,พรรคประชาชน,508.0
KK10_หนองสองห้อง_ในนอกนอกราช_M_U,47,พรรคประชาไทย,1.0
KK10_หนองสองห้อง_ในนอกนอกราช_M_U,48,พรรคไทยสร้างไทย,5.0
KK10_หนองสองห้อง_ในนอกนอกราช_M_U,49,พรรคไทยก้าวใหม่,1.0
KK10_หนองสองห้อง_ในนอกนอกราช_M_U,50,พรรคอาสาสมัครประชาชนไทย,0.0
KK10_หนองสองห้อง_ในนอกนอกราช_M_U,51,พรรคพร้อม,1.0
KK10_หนองสองห้อง_ในนอกนอกราช_M_U,52,พรรคเครือข่ายชาวนาแห่งประเทศไทย,0.0
KK10_หนองสองห้อง_ในนอกนอกราช_M_U,53,พรรคไทยพิทักษ์ธรรม,0.0
KK10_หนองสองห้อง_ในนอกนอกราช_M_U,54,พรรคความหวังใหม่,0.0
KK10_หนองสองห้อง_ในนอกนอกราช_M_U,55,พรรคไทยรวมไทย,0.0
KK10_หนองสองห้อง_ในนอกนอกราช_M_U,56,พรรคเพื่อชาติ,0.0
KK10_หนองสองห้อง_ในนอกนอกราช_M_U,57,พรรคพลังไทยรักชาติ,0.0
KK10_หนองสองห้อง_ในนอกนอกราช_M_U,1,พรรคไทยทรัพย์ทวี,1.0
KK10_หนองสองห้อง_ในนอกนอกราช_M_U,2,พรรคเพื่อชาติไทย,0.0
KK10_หนองสองห้อง_ในนอกนอกราช_M_U,3,พรรคใหม่,0.0
KK10_หนองสองห้อง_ในนอกนอกราช_M_U,4,พรรคมิติใหม่,0.0
KK10_หนองสองห้อง_ในนอกนอกราช_M_U,5,พรรครวมใจไทย,6.0
KK10_หนองสองห้อง_ในนอกนอกราช_M_U,6,พรรครวมไทยสร้างชาติ,8.0
KK10_หนองสองห้อง_ในนอกนอกราช_M_U,7,พรรคพลวัต,0.0
KK10_หนองสองห้อง_ในนอกนอกราช_M_U,8,พรรคประชาธิปไตยใหม่,3.0
KK10_หนองสองห้อง_ในนอกนอกราช_M_U,9,พรรคเพื่อไทย,132.0
KK10_หนองสองห้อง_ในนอกนอกราช_M_U,10,พรรคทางเลือกใหม่,1.0
KK10_หนองสองห้อง_ในนอกนอกราช_M_U,11,พรรคเศรษฐกิจ,15.0
KK10_หนองสองห้อง_ในนอกนอกราช_M_U,12,พรรคเสรีรวมไทย,5.0
KK10_หนองสองห้อง_ในนอกนอกราช_M_U,13,พรรครวมพลังประชาชน,6.0
KK10_หนองสองห้อง_ในนอกนอกราช_M_U,14,พรรคท้องที่ไทย,0.0
KK10_หนองสองห้อง_ในนอกนอกราช_M_U,15,พรรคอนาคตไทย,1.0
KK10_หนองสองห้อง_ในนอกนอกราช_M_U,16,พรรคพลังเพื่อไทย,0.0
KK10_หนองสองห้อง_ในนอกนอกราช_M_U,17,พรรคไทยชนะ,1.0
KK10_หนองสองห้อง_ในนอกนอกราช_M_U,18,พรรคพลังสังคมใหม่,0.0
KK10_หนองสองห้อง_ในนอกนอกราช_M_U,19,พรรคสังคมประชาธิปไตยไทย,0.0
KK10_หนองสองห้อง_ในนอกนอกราช_M_U,20,พรรคฟิวชัน,0.0
KK10_หนองสองห้อง_ในนอกนอกราช_M_U,21,พรรคไทรวมพลัง,0.0
KK10_หนองสองห้อง_ในนอกนอกราช_M_U,22,พรรคก้าวอิสระ,0.0
KK10_หนองสองห้อง_ในนอกนอกราช_M_U,23,พรรคปวงชนไทย,0.0
KK10_หนองสองห้อง_ในนอกนอกราช_M_U,24,พรรควิชชั่นใหม่,0.0
KK10_หนองสองห้อง_ในนอกนอกราช_M_U,25,พรรคเพื่อชีวิตใหม่,0.0
KK10_หนองสองห้อง_ในนอกนอกราช_M_U,26,พรรคคลองไทย,0.0
KK10_หนองสองห้อง_ในนอกนอกราช_M_U,27,พรรคประชาธิปัตย์,11.0
KK10_หนองสองห้อง_ในนอกนอกราช_M_U,28,พรรคไทยก้าวหน้า,2.0
KK10_หนองสองห้อง_ในนอกนอกราช_M_U,29,พรรคไทยภักดี,1.0
KK10_หนองสองห้อง_ในนอกนอกราช_M_U,30,พรรคแรงงานสร้างชาติ,0.0
KK10_หนองสองห้อง_ในนอกนอกราช_M_U,31,พรรคประชากรไทย,0.0
KK10_หนองสองห้อง_ในนอกนอกราช_M_U,32,พรรคครูไทยเพื่อประชาชน,0.0
KK10_หนองสองห้อง_ในนอกนอกราช_M_U,33,พรรคประชาชาติ,0.0
KK10_หนองสองห้อง_ในนอกนอกราช_M_U,34,พรรคสร้างอนาคตไทย,1.0
KK10_หนองสองห้อง_ในนอกนอกราช_M_U,35,พรรครักชาติ,2.0
KK10_หนองสองห้อง_ในนอกนอกราช_M_U,36,พรรคไทยพร้อม,0.0
KK10_หนองสองห้อง_ในนอกนอกราช_M_U,37,พรรคภูมิใจไทย,84.0
KK10_หนองสองห้อง_ในนอกนอกราช_M_U,38,พรรคพลังธรรมใหม่,0.0
KK10_หนองสองห้อง_ในนอกนอกราช_M_U,39,พรรคกรีน,1.0
KK10_หนองสองห้อง_ในนอกนอกราช_M_U,40,พรรคไทยธรรม,0.0
KK10_หนองสองห้อง_ในนอกนอกราช_M_U,41,พรรคแผ่นดินธรรม,0.0
KK10_หนองสองห้อง_ในนอกนอกราช_M_U,42,พรรคกล้าธรรม,1.0
KK10_หนองสองห้อง_ในนอกนอกราช_M_U,43,พรรคพลังประชารัฐ,2.0
KK10_หนองสองห้อง_ในนอกนอกราช_M_U,44,พรรคโอกาสใหม่,0.0
KK10_หนองสองห้อง_ในนอกนอกราช_M_U,45,พรรคเป็นธรรม,1.0
KK10_หนองสองห้อง_ในนอกนอกราช_M_U,46,พรรคประชาชน,477.0
KK10_หนองสองห้อง_ในนอกนอกราช_M_U,47,พรรคประชาไทย,1.0
KK10_หนองสองห้อง_ในนอกนอกราช_M_U,48,พรรคไทยสร้างไทย,3.0
KK10_หนองสองห้อง_ในนอกนอกราช_M_U,49,พรรคไทยก้าวใหม่,1.0
KK10_หนองสองห้อง_ในนอกนอกราช_M_U,50,พรรคอาสาสมัครประชาชนไทย,0.0
KK10_หนองสองห้อง_ในนอกนอกราช_M_U,51,พรรคพร้อม,0.0
KK10_หนองสองห้อง_ในนอกนอกราช_M_U,52,พรรคเครือข่ายชาวนาแห่งประเทศไทย,1.0
KK10_หนองสองห้อง_ในนอกนอกราช_M_U,53,พรรคไทยพิทักษ์ธรรม,0.0
KK10_หนองสองห้อง_ในนอกนอกราช_M_U,54,พรรคความหวังใหม่,0.0
KK10_หนองสองห้อง_ในนอกนอกราช_M_U,55,พรรคไทยรวมไทย,0.0
KK10_หนองสองห้อง_ในนอกนอกราช_M_U,56,พรรคเพื่อชาติ,1.0
KK10_หนองสองห้อง_ในนอกนอกราช_M_U,57,พรรคพลังไทยรักชาติ,
KK10_หนองสองห้อง_ในนอกนอกราช_M_U,1,พรรคไทยทรัพย์ทวี,5.0
KK10_หนองสองห้อง_ในนอกนอกราช_M_U,2,พรรคเพื่อชาติไทย,1.0
KK10_หนองสองห้อง_ในนอกนอกราช_M_U,3,พรรคใหม่,1.0
KK10_หนองสองห้อง_ในนอกนอกราช_M_U,4,พรรคมิติใหม่,1.0
KK10_หนองสองห้อง_ในนอกนอกราช_M_U,5,พรรครวมใจไทย,6.0
KK10_หนองสองห้อง_ในนอกนอกราช_M_U,6,พรรครวมไทยสร้างชาติ,9.0
KK10_หนองสองห้อง_ในนอกนอกราช_M_U,7,พรรคพลวัต,0.0
KK10_หนองสองห้อง_ในนอกนอกราช_M_U,8,พรรคประชาธิปไตยใหม่,2.0
KK10_หนองสองห้อง_ในนอกนอกราช_M_U,9,พรรคเพื่อไทย,126.0
KK10_หนองสองห้อง_ในนอกนอกราช_M_U,10,พรรคทางเลือกใหม่,1.0
KK10_หนองสองห้อง_ในนอกนอกราช_M_U,11,พรรคเศรษฐกิจ,14.0
KK10_หนองสองห้อง_ในนอกนอกราช_M_U,12,พรรคเสรีรวมไทย,1.0
KK10_หนองสองห้อง_ในนอกนอกราช_M_U,13,พรรครวมพลังประชาชน,1.0
KK10_หนองสองห้อง_ในนอกนอกราช_M_U,14,พรรคท้องที่ไทย,1.0
KK10_หนองสองห้อง_ในนอกนอกราช_M_U,15,พรรคอนาคตไทย,0.0
KK10_หนองสองห้อง_ในนอกนอกราช_M_U,16,พรรคพลังเพื่อไทย,0.0
KK10_หนองสองห้อง_ในนอกนอกราช_M_U,17,พรรคไทยชนะ,1.0
KK10_หนองสองห้อง_ในนอกนอกราช_M_U,18,พรรคพลังสังคมใหม่,0.0
KK10_หนองสองห้อง_ในนอกนอกราช_M_U,19,พรรคสังคมประชาธิปไตยไทย,0.0
KK10_หนองสองห้อง_ในนอกนอกราช_M_U,20,พรรคฟิวชัน,0.0
KK10_หนองสองห้อง_ในนอกนอกราช_M_U,21,พรรคไทรวมพลัง,0.0
KK10_หนองสองห้อง_ในนอกนอกราช_M_U,22,พรรคก้าวอิสระ,0.0
KK10_หนองสองห้อง_ในนอกนอกราช_M_U,23,พรรคปวงชนไทย,0.0
KK10_หนองสองห้อง_ในนอกนอกราช_M_U,24,พรรควิชชั่นใหม่,0.0
KK10_หนองสองห้อง_ในนอกนอกราช_M_U,25,พรรคเพื่อชีวิตใหม่,1.0
KK10_หนองสองห้อง_ในนอกนอกราช_M_U,26,พรรคคลองไทย,0.0
KK10_หนองสองห้อง_ในนอกนอกราช_M_U,27,พรรคประชาธิปัตย์,13.0
KK10_หนองสองห้อง_ในนอกนอกราช_M_U,28,พรรคไทยก้าวหน้า,1.0
KK10_หนองสองห้อง_ในนอกนอกราช_M_U,29,พรรคไทยภักดี,3.0
KK10_หนองสองห้อง_ในนอกนอกราช_M_U,30,พรรคแรงงานสร้างชาติ,0.0
KK10_หนองสองห้อง_ในนอกนอกราช_M_U,31,พรรคประชากรไทย,1.0
KK10_หนองสองห้อง_ในนอกนอกราช_M_U,32,พรรคครูไทยเพื่อประชาชน,1.0
KK10_หนองสองห้อง_ในนอกนอกราช_M_U,33,พรรคประชาชาติ,1.0
KK10_หนองสองห้อง_ในนอกนอกราช_M_U,34,พรรคสร้างอนาคตไทย,1.0
KK10_หนองสองห้อง_ในนอกนอกราช_M_U,35,พรรครักชาติ,0.0
KK10_หนองสองห้อง_ในนอกนอกราช_M_U,36,พรรคไทยพร้อม,1.0
KK10_หนองสองห้อง_ในนอกนอกราช_M_U,37,พรรคภูมิใจไทย,84.0
KK10_หนองสองห้อง_ในนอกนอกราช_M_U,38,พรรคพลังธรรมใหม่,0.0
KK10_หนองสองห้อง_ในนอกนอกราช_M_U,39,พรรคกรีน,0.0
KK10_หนองสองห้อง_ในนอกนอกราช_M_U,40,พรรคไทยธรรม,0.0
KK10_หนองสองห้อง_ในนอกนอกราช_M_U,41,พรรคแผ่นดินธรรม,0.0
KK10_หนองสองห้อง_ในนอกนอกราช_M_U,42,พรรคกล้าธรรม,0.0
KK10_หนองสองห้อง_ในนอกนอกราช_M_U,43,พรรคพลังประชารัฐ,1.0
KK10_หนองสองห้อง_ในนอกนอกราช_M_U,44,พรรคโอกาสใหม่,0.0
KK10_หนองสองห้อง_ในนอกนอกราช_M_U,45,พรรคเป็นธรรม,0.0
KK10_หนองสองห้อง_ในนอกนอกราช_M_U,46,พรรคประชาชน,473.0
KK10_หนองสองห้อง_ในนอกนอกราช_M_U,47,พรรคประชาไทย,3.0
KK10_หนองสองห้อง_ในนอกนอกราช_M_U,48,พรรคไทยสร้างไทย,4.0
KK10_หนองสองห้อง_ในนอกนอกราช_M_U,49,พรรคไทยก้าวใหม่,4.0
KK10_หนองสองห้อง_ในนอกนอกราช_M_U,50,พรรคอาสาสมัครประชาชนไทย,0.0
KK10_หนองสองห้อง_ในนอกนอกราช_M_U,51,พรรคพร้อม,0.0
KK10_หนองสองห้อง_ในนอกนอกราช_M_U,52,พรรคเครือข่ายชาวนาแห่งประเทศไทย,0.0
KK10_หนองสองห้อง_ในนอกนอกราช_M_U,53,พรรคไทยพิทักษ์ธรรม,0.0
KK10_หนองสองห้อง_ในนอกนอกราช_M_U,54,พรรคความหวังใหม่,0.0
KK10_หนองสองห้อง_ในนอกนอกราช_M_U,55,พรรคไทยรวมไทย,0.0
KK10_หนองสองห้อง_ในนอกนอกราช_M_U,56,พรรคเพื่อชาติ,0.0
KK10_หนองสองห้อง_ในนอกนอกราช_M_U,57,พรรคพลังไทยรักชาติ,0.0
KK10_หนองสองห้อง_ในนอกนอกราช_M_U,1,พรรคไทยทรัพย์ทวี,4.0
KK10_หนองสองห้อง_ในนอกนอกราช_M_U,2,พรรคเพื่อชาติไทย,3.0
KK10_หนองสองห้อง_ในนอกนอกราช_M_U,3,พรรคใหม่,1.0
KK10_หนองสองห้อง_ในนอกนอกราช_M_U,4,พรรคมิติใหม่,1.0
KK10_หนองสองห้อง_ในนอกนอกราช_M_U,5,พรรครวมใจไทย,3.0
KK10_หนองสองห้อง_ในนอกนอกราช_M_U,6,พรรครวมไทยสร้างชาติ,9.0
KK10_หนองสองห้อง_ในนอกนอกราช_M_U,7,พรรคพลวัต,0.0
KK10_หนองสองห้อง_ในนอกนอกราช_M_U,8,พรรคประชาธิปไตยใหม่,1.0
KK10_หนองสองห้อง_ในนอกนอกราช_M_U,9,พรรคเพื่อไทย,149.0
KK10_หนองสองห้อง_ในนอกนอกราช_M_U,10,พรรคทางเลือกใหม่,2.0
KK10_หนองสองห้อง_ในนอกนอกราช_M_U,11,พรรคเศรษฐกิจ,18.0
KK10_หนองสองห้อง_ในนอกนอกราช_M_U,12,พรรคเสรีรวมไทย,6.0
KK10_หนองสองห้อง_ในนอกนอกราช_M_U,13,พรรครวมพลังประชาชน,3.0
KK10_หนองสองห้อง_ในนอกนอกราช_M_U,14,พรรคท้องที่ไทย,0.0
KK10_หนองสองห้อง_ในนอกนอกราช_M_U,15,พรรคอนาคตไทย,1.0
KK10_หนองสองห้อง_ในนอกนอกราช_M_U,16,พรรคพลังเพื่อไทย,3.0
KK10_หนองสองห้อง_ในนอกนอกราช_M_U,17,พรรคไทยชนะ,1.0
KK10_หนองสองห้อง_ในนอกนอกราช_M_U,18,พรรคพลังสังคมใหม่,0.0
KK10_หนองสองห้อง_ในนอกนอกราช_M_U,19,พรรคสังคมประชาธิปไตยไทย,0.0
KK10_หนองสองห้อง_ในนอกนอกราช_M_U,20,พรรคฟิวชัน,0.0
KK10_หนองสองห้อง_ในนอกนอกราช_M_U,21,พรรคไทรวมพลัง,0.0
KK10_หนองสองห้อง_ในนอกนอกราช_M_U,22,พรรคก้าวอิสระ,0.0
KK10_หนองสองห้อง_ในนอกนอกราช_M_U,23,พรรคปวงชนไทย,0.0
KK10_หนองสองห้อง_ในนอกนอกราช_M_U,24,พรรควิชชั่นใหม่,0.0
KK10_หนองสองห้อง_ในนอกนอกราช_M_U,25,พรรคเพื่อชีวิตใหม่,
KK10_หนองสองห้อง_ในนอกนอกราช_M_U,26,พรรคคลองไทย,0.0
KK10_หนองสองห้อง_ในนอกนอกราช_M_U,27,พรรคประชาธิปัตย์,8.0
KK10_หนองสองห้อง_ในนอกนอกราช_M_U,28,พรรคไทยก้าวหน้า,0.0
KK10_หนองสองห้อง_ในนอกนอกราช_M_U,29,พรรคไทยภักดี,1.0
KK10_หนองสองห้อง_ในนอกนอกราช_M_U,30,พรรคแรงงานสร้างชาติ,0.0
KK10_หนองสองห้อง_ในนอกนอกราช_M_U,31,พรรคประชากรไทย,0.0
KK10_หนองสองห้อง_ในนอกนอกราช_M_U,32,พรรคครูไทยเพื่อประชาชน,1.0
KK10_หนองสองห้อง_ในนอกนอกราช_M_U,33,พรรคประชาชาติ,0.0
KK10_หนองสองห้อง_ในนอกนอกราช_M_U,34,พรรคสร้างอนาคตไทย,0.0
KK10_หนองสองห้อง_ในนอกนอกราช_M_U,35,พรรครักชาติ,0.0
KK10_หนองสองห้อง_ในนอกนอกราช_M_U,36,พรรคไทยพร้อม,0.0
KK10_หนองสองห้อง_ในนอกนอกราช_M_U,37,พรรคภูมิใจไทย,98.0
KK10_หนองสองห้อง_ในนอกนอกราช_M_U,38,พรรคพลังธรรมใหม่,2.0
KK10_หนองสองห้อง_ในนอกนอกราช_M_U,39,พรรคกรีน,1.0
KK10_หนองสองห้อง_ในนอกนอกราช_M_U,40,พรรคไทยธรรม,0.0
KK10_หนองสองห้อง_ในนอกนอกราช_M_U,41,พรรคแผ่นดินธรรม,0.0
KK10_หนองสองห้อง_ในนอกนอกราช_M_U,42,พรรคกล้าธรรม,2.0
KK10_หนองสองห้อง_ในนอกนอกราช_M_U,43,พรรคพลังประชารัฐ,2.0
KK10_หนองสองห้อง_ในนอกนอกราช_M_U,44,พรรคโอกาสใหม่,0.0
KK10_หนองสองห้อง_ในนอกนอกราช_M_U,45,พรรคเป็นธรรม,0.0
KK10_หนองสองห้อง_ในนอกนอกราช_M_U,46,พรรคประชาชน,451.0
KK10_หนองสองห้อง_ในนอกนอกราช_M_U,47,พรรคประชาไทย,2.0
KK10_หนองสองห้อง_ในนอกนอกราช_M_U,48,พรรคไทยสร้างไทย,3.0
KK10_หนองสองห้อง_ในนอกนอกราช_M_U,49,พรรคไทยก้าวใหม่,1.0
KK10_หนองสองห้อง_ในนอกนอกราช_M_U,50,พรรคอาสาสมัครประชาชนไทย,0.0
KK10_หนองสองห้อง_ในนอกนอกราช_M_U,51,พรรคพร้อม,0.0
KK10_หนองสองห้อง_ในนอกนอกราช_M_U,52,พรรคเครือข่ายชาวนาแห่งประเทศไทย,0.0
KK10_หนองสองห้อง_ในนอกนอกราช_M_U,53,พรรคไทยพิทักษ์ธรรม,0.0
KK10_หนองสองห้อง_ในนอกนอกราช_M_U,54,พรรคความหวังใหม่,0.0
KK10_หนองสองห้อง_ในนอกนอกราช_M_U,55,พรรคไทยรวมไทย,0.0
KK10_หนองสองห้อง_ในนอกนอกราช_M_U,56,พรรคเพื่อชาติ,0.0
KK10_หนองสองห้อง_ในนอกนอกราช_M_U,57,พรรคพลังไทยรักชาติ,0.0
KK10_หนองสองห้อง_ในนอกนอกราช_M_U,1,พรรคไทยทรัพย์ทวี,3.0
KK10_หนองสองห้อง_ในนอกนอกราช_M_U,2,พรรคเพื่อชาติไทย,6.0
KK10_หนองสองห้อง_ในนอกนอกราช_M_U,3,พรรคใหม่,1.0
KK10_หนองสองห้อง_ในนอกนอกราช_M_U,4,พรรคมิติใหม่,0.0
KK10_หนองสองห้อง_ในนอกนอกราช_M_U,5,พรรครวมใจไทย,2.0
KK10_หนองสองห้อง_ในนอกนอกราช_M_U,6,พรรครวมไทยสร้างชาติ,5.0
KK10_หนองสองห้อง_ในนอกนอกราช_M_U,7,พรรคพลวัต,2.0
KK10_หนองสองห้อง_ในนอกนอกราช_M_U,8,พรรคประชาธิปไตยใหม่,1.0
KK10_หนองสองห้อง_ในนอกนอกราช_M_U,9,พรรคเพื่อไทย,131.0
KK10_หนองสองห้อง_ในนอกนอกราช_M_U,10,พรรคทางเลือกใหม่,2.0
KK10_หนองสองห้อง_ในนอกนอกราช_M_U,11,พรรคเศรษฐกิจ,11.0
KK10_หนองสองห้อง_ในนอกนอกราช_M_U,12,พรรคเสรีรวมไทย,4.0
KK10_หนองสองห้อง_ในนอกนอกราช_M_U,13,พรรครวมพลังประชาชน,4.0
KK10_หนองสองห้อง_ในนอกนอกราช_M_U,14,พรรคท้องที่ไทย,0.0
KK10_หนองสองห้อง_ในนอกนอกราช_M_U,15,พรรคอนาคตไทย,0.0
KK10_หนองสองห้อง_ในนอกนอกราช_M_U,16,พรรคพลังเพื่อไทย,0.0
KK10_หนองสองห้อง_ในนอกนอกราช_M_U,17,พรรคไทยชนะ,0.0
KK10_หนองสองห้อง_ในนอกนอกราช_M_U,18,พรรคพลังสังคมใหม่,0.0
KK10_หนองสองห้อง_ในนอกนอกราช_M_U,19,พรรคสังคมประชาธิปไตยไทย,1.0
KK10_หนองสองห้อง_ในนอกนอกราช_M_U,20,พรรคฟิวชัน,1.0
KK10_หนองสองห้อง_ในนอกนอกราช_M_U,21,พรรคไทรวมพลัง,2.0
KK10_หนองสองห้อง_ในนอกนอกราช_M_U,22,พรรคก้าวอิสระ,0.0
KK10_หนองสองห้อง_ในนอกนอกราช_M_U,23,พรรคปวงชนไทย,0.0
KK10_หนองสองห้อง_ในนอกนอกราช_M_U,24,พรรควิชชั่นใหม่,0.0
KK10_หนองสองห้อง_ในนอกนอกราช_M_U,25,พรรคเพื่อชีวิตใหม่,0.0
KK10_หนองสองห้อง_ในนอกนอกราช_M_U,26,พรรคคลองไทย,0.0
KK10_หนองสองห้อง_ในนอกนอกราช_M_U,27,พรรคประชาธิปัตย์,11.0
KK10_หนองสองห้อง_ในนอกนอกราช_M_U,28,พรรคไทยก้าวหน้า,5.0
KK10_หนองสองห้อง_ในนอกนอกราช_M_U,29,พรรคไทยภักดี,0.0
KK10_หนองสองห้อง_ในนอกนอกราช_M_U,30,พรรคแรงงานสร้างชาติ,1.0
KK10_หนองสองห้อง_ในนอกนอกราช_M_U,31,พรรคประชากรไทย,0.0
KK10_หนองสองห้อง_ในนอกนอกราช_M_U,32,พรรคครูไทยเพื่อประชาชน,0.0
KK10_หนองสองห้อง_ในนอกนอกราช_M_U,33,พรรคประชาชาติ,0.0
KK10_หนองสองห้อง_ในนอกนอกราช_M_U,34,พรรคสร้างอนาคตไทย,0.0
KK10_หนองสองห้อง_ในนอกนอกราช_M_U,35,พรรครักชาติ,0.0
KK10_หนองสองห้อง_ในนอกนอกราช_M_U,36,พรรคไทยพร้อม,0.0
KK10_หนองสองห้อง_ในนอกนอกราช_M_U,37,พรรคภูมิใจไทย,90.0
KK10_หนองสองห้อง_ในนอกนอกราช_M_U,38,พรรคพลังธรรมใหม่,0.0
KK10_หนองสองห้อง_ในนอกนอกราช_M_U,39,พรรคกรีน,0.0
KK10_หนองสองห้อง_ในนอกนอกราช_M_U,40,พรรคไทยธรรม,0.0
KK10_หนองสองห้อง_ในนอกนอกราช_M_U,41,พรรคแผ่นดินธรรม,0.0
KK10_หนองสองห้อง_ในนอกนอกราช_M_U,42,พรรคกล้าธรรม,1.0
KK10_หนองสองห้อง_ในนอกนอกราช_M_U,43,พรรคพลังประชารัฐ,2.0
KK10_หนองสองห้อง_ในนอกนอกราช_M_U,44,พรรคโอกาสใหม่,0.0
KK10_หนองสองห้อง_ในนอกนอกราช_M_U,45,พรรคเป็นธรรม,0.0
KK10_หนองสองห้อง_ในนอกนอกราช_M_U,46,พรรคประชาชน,482.0
KK10_หนองสองห้อง_ในนอกนอกราช_M_U,47,พรรคประชาไทย,0.0
KK10_หนองสองห้อง_ในนอกนอกราช_M_U,48,พรรคไทยสร้างไทย,4.0
KK10_หนองสองห้อง_ในนอกนอกราช_M_U,49,พรรคไทยก้าวใหม่,
KK10_หนองสองห้อง_ในนอกนอกราช_M_U,50,พรรคอาสาสมัครประชาชนไทย,0.0
KK10_หนองสองห้อง_ในนอกนอกราช_M_U,51,พรรคพร้อม,0.0
KK10_หนองสองห้อง_ในนอกนอกราช_M_U,52,พรรคเครือข่ายชาวนาแห่งประเทศไทย,1.0
KK10_หนองสองห้อง_ในนอกนอกราช_M_U,53,พรรคไทยพิทักษ์ธรรม,0.0
KK10_หนองสองห้อง_ในนอกนอกราช_M_U,54,พรรคความหวังใหม่,0.0
KK10_หนองสองห้อง_ในนอกนอกราช_M_U,55,พรรคไทยรวมไทย,1.0
KK10_หนองสองห้อง_ในนอกนอกราช_M_U,56,พรรคเพื่อชาติ,0.0
KK10_หนองสองห้อง_ในนอกนอกราช_M_U,57,พรรคพลังไทยรักชาติ,0.0
KK10_หนองสองห้อง_ในนอกนอกราช_M_U,1,พรรคไทยทรัพย์ทวี,0.0
KK10_หนองสองห้อง_ในนอกนอกราช_M_U,2,พรรคเพื่อชาติไทย,3.0
KK10_หนองสองห้อง_ในนอกนอกราช_M_U,3,พรรคใหม่,2.0
KK10_หนองสองห้อง_ในนอกนอกราช_M_U,4,พรรคมิติใหม่,0.0
KK10_หนองสองห้อง_ในนอกนอกราช_M_U,5,พรรครวมใจไทย,1.0
KK10_หนองสองห้อง_ในนอกนอกราช_M_U,6,พรรครวมไทยสร้างชาติ,5.0
KK10_หนองสองห้อง_ในนอกนอกราช_M_U,7,พรรคพลวัต,0.0
KK10_หนองสองห้อง_ในนอกนอกราช_M_U,8,พรรคประชาธิปไตยใหม่,0.0
KK10_หนองสองห้อง_ในนอกนอกราช_M_U,9,พรรคเพื่อไทย,105.0
KK10_หนองสองห้อง_ในนอกนอกราช_M_U,10,พรรคทางเลือกใหม่,1.0
KK10_หนองสองห้อง_ในนอกนอกราช_M_U,11,พรรคเศรษฐกิจ,
KK10_หนองสองห้อง_ในนอกนอกราช_M_U,12,พรรคเสรีรวมไทย,2.0
KK10_หนองสองห้อง_ในนอกนอกราช_M_U,13,พรรครวมพลังประชาชน,1.0
KK10_หนองสองห้อง_ในนอกนอกราช_M_U,14,พรรคท้องที่ไทย,0.0
KK10_หนองสองห้อง_ในนอกนอกราช_M_U,15,พรรคอนาคตไทย,0.0
KK10_หนองสองห้อง_ในนอกนอกราช_M_U,16,พรรคพลังเพื่อไทย,0.0
KK10_หนองสองห้อง_ในนอกนอกราช_M_U,17,พรรคไทยชนะ,1.0
KK10_หนองสองห้อง_ในนอกนอกราช_M_U,18,พรรคพลังสังคมใหม่,0.0
KK10_หนองสองห้อง_ในนอกนอกราช_M_U,19,พรรคสังคมประชาธิปไตยไทย,1.0
KK10_หนองสองห้อง_ในนอกนอกราช_M_U,20,พรรคฟิวชัน,1.0
KK10_หนองสองห้อง_ในนอกนอกราช_M_U,21,พรรคไทรวมพลัง,2.0
KK10_หนองสองห้อง_ในนอกนอกราช_M_U,22,พรรคก้าวอิสระ,0.0
KK10_หนองสองห้อง_ในนอกนอกราช_M_U,23,พรรคปวงชนไทย,0.0
KK10_หนองสองห้อง_ในนอกนอกราช_M_U,24,พรรควิชชั่นใหม่,0.0
KK10_หนองสองห้อง_ในนอกนอกราช_M_U,25,พรรคเพื่อชีวิตใหม่,0.0
KK10_หนองสองห้อง_ในนอกนอกราช_M_U,26,พรรคคลองไทย,0.0
KK10_หนองสองห้อง_ในนอกนอกราช_M_U,27,พรรคประชาธิปัตย์,6.0
KK10_หนองสองห้อง_ในนอกนอกราช_M_U,28,พรรคไทยก้าวหน้า,1.0
KK10_หนองสองห้อง_ในนอกนอกราช_M_U,29,พรรคไทยภักดี,2.0
KK10_หนองสองห้อง_ในนอกนอกราช_M_U,30,พรรคแรงงานสร้างชาติ,0.0
KK10_หนองสองห้อง_ในนอกนอกราช_M_U,31,พรรคประชากรไทย,0.0
KK10_หนองสองห้อง_ในนอกนอกราช_M_U,32,พรรคครูไทยเพื่อประชาชน,0.0
KK10_หนองสองห้อง_ในนอกนอกราช_M_U,33,พรรคประชาชาติ,0.0
KK10_หนองสองห้อง_ในนอกนอกราช_M_U,34,พรรคสร้างอนาคตไทย,0.0
KK10_หนองสองห้อง_ในนอกนอกราช_M_U,35,พรรครักชาติ,0.0
KK10_หนองสองห้อง_ในนอกนอกราช_M_U,36,พรรคไทยพร้อม,0.0
KK10_หนองสองห้อง_ในนอกนอกราช_M_U,37,พรรคภูมิใจไทย,59.0
KK10_หนองสองห้อง_ในนอกนอกราช_M_U,38,พรรคพลังธรรมใหม่,1.0
KK10_หนองสองห้อง_ในนอกนอกราช_M_U,39,พรรคกรีน,0.0
KK10_หนองสองห้อง_ในนอกนอกราช_M_U,40,พรรคไทยธรรม,0.0
KK10_หนองสองห้อง_ในนอกนอกราช_M_U,41,พรรคแผ่นดินธรรม,0.0
KK10_หนองสองห้อง_ในนอกนอกราช_M_U,42,พรรคกล้าธรรม,0.0
KK10_หนองสองห้อง_ในนอกนอกราช_M_U,43,พรรคพลังประชารัฐ,0.0
KK10_หนองสองห้อง_ในนอกนอกราช_M_U,44,พรรคโอกาสใหม่,0.0
KK10_หนองสองห้อง_ในนอกนอกราช_M_U,45,พรรคเป็นธรรม,0.0
KK10_หนองสองห้อง_ในนอกนอกราช_M_U,46,พรรคประชาชน,345.0
KK10_หนองสองห้อง_ในนอกนอกราช_M_U,47,พรรคประชาไทย,1.0
KK10_หนองสองห้อง_ในนอกนอกราช_M_U,48,พรรคไทยสร้างไทย,4.0
KK10_หนองสองห้อง_ในนอกนอกราช_M_U,49,พรรคไทยก้าวใหม่,1.0
KK10_หนองสองห้อง_ในนอกนอกราช_M_U,50,พรรคอาสาสมัครประชาชนไทย,0.0
KK10_หนองสองห้อง_ในนอกนอกราช_M_U,51,พรรคพร้อม,0.0
KK10_หนองสองห้อง_ในนอกนอกราช_M_U,52,พรรคเครือข่ายชาวนาแห่งประเทศไทย,0.0
KK10_หนองสองห้อง_ในนอกนอกราช_M_U,53,พรรคไทยพิทักษ์ธรรม,0.0
KK10_หนองสองห้อง_ในนอกนอกราช_M_U,54,พรรคความหวังใหม่,0.0
KK10_หนองสองห้อง_ในนอกนอกราช_M_U,55,พรรคไทยรวมไทย,0.0
KK10_หนองสองห้อง_ในนอกนอกราช_M_U,56,พรรคเพื่อชาติ,0.0
KK10_หนองสองห้อง_ในนอกนอกราช_M_U,57,พรรคพลังไทยรักชาติ,0.0
KK10_หนองสองห้อง_ในนอกนอกราช_M_U,1,พรรคไทยทรัพย์ทวี,3.0
KK10_หนองสองห้อง_ในนอกนอกราช_M_U,2,พรรคเพื่อชาติไทย,1.0
KK10_หนองสองห้อง_ในนอกนอกราช_M_U,3,พรรคใหม่,1.0
KK10_หนองสองห้อง_ในนอกนอกราช_M_U,4,พรรคมิติใหม่,0.0
KK10_หนองสองห้อง_ในนอกนอกราช_M_U,5,พรรครวมใจไทย,0.0
KK10_หนองสองห้อง_ในนอกนอกราช_M_U,6,พรรครวมไทยสร้างชาติ,8.0
KK10_หนองสองห้อง_ในนอกนอกราช_M_U,7,พรรคพลวัต,0.0
KK10_หนองสองห้อง_ในนอกนอกราช_M_U,8,พรรคประชาธิปไตยใหม่,0.0
KK10_หนองสองห้อง_ในนอกนอกราช_M_U,9,พรรคเพื่อไทย,96.0
KK10_หนองสองห้อง_ในนอกนอกราช_M_U,10,พรรคทางเลือกใหม่,1.0
KK10_หนองสองห้อง_ในนอกนอกราช_M_U,11,พรรคเศรษฐกิจ,6.0
KK10_หนองสองห้อง_ในนอกนอกราช_M_U,12,พรรคเสรีรวมไทย,3.0
KK10_หนองสองห้อง_ในนอกนอกราช_M_U,13,พรรครวมพลังประชาชน,1.0
KK10_หนองสองห้อง_ในนอกนอกราช_M_U,14,พรรคท้องที่ไทย,0.0
KK10_หนองสองห้อง_ในนอกนอกราช_M_U,15,พรรคอนาคตไทย,0.0
KK10_หนองสองห้อง_ในนอกนอกราช_M_U,16,พรรคพลังเพื่อไทย,0.0
KK10_หนองสองห้อง_ในนอกนอกราช_M_U,17,พรรคไทยชนะ,0.0
KK10_หนองสองห้อง_ในนอกนอกราช_M_U,18,พรรคพลังสังคมใหม่,0.0
KK10_หนองสองห้อง_ในนอกนอกราช_M_U,19,พรรคสังคมประชาธิปไตยไทย,1.0
KK10_หนองสองห้อง_ในนอกนอกราช_M_U,20,พรรคฟิวชัน,0.0
KK10_หนองสองห้อง_ในนอกนอกราช_M_U,21,พรรคไทรวมพลัง,2.0
KK10_หนองสองห้อง_ในนอกนอกราช_M_U,22,พรรคก้าวอิสระ,0.0
KK10_หนองสองห้อง_ในนอกนอกราช_M_U,23,พรรคปวงชนไทย,0.0
KK10_หนองสองห้อง_ในนอกนอกราช_M_U,24,พรรควิชชั่นใหม่,0.0
KK10_หนองสองห้อง_ในนอกนอกราช_M_U,25,พรรคเพื่อชีวิตใหม่,0.0
KK10_หนองสองห้อง_ในนอกนอกราช_M_U,26,พรรคคลองไทย,0.0
KK10_หนองสองห้อง_ในนอกนอกราช_M_U,27,พรรคประชาธิปัตย์,2.0
KK10_หนองสองห้อง_ในนอกนอกราช_M_U,28,พรรคไทยก้าวหน้า,0.0
KK10_หนองสองห้อง_ในนอกนอกราช_M_U,29,พรรคไทยภักดี,0.0
KK10_หนองสองห้อง_ในนอกนอกราช_M_U,30,พรรคแรงงานสร้างชาติ,0.0
KK10_หนองสองห้อง_ในนอกนอกราช_M_U,31,พรรคประชากรไทย,0.0
KK10_หนองสองห้อง_ในนอกนอกราช_M_U,32,พรรคครูไทยเพื่อประชาชน,0.0
KK10_หนองสองห้อง_ในนอกนอกราช_M_U,33,พรรคประชาชาติ,0.0
KK10_หนองสองห้อง_ในนอกนอกราช_M_U,34,พรรคสร้างอนาคตไทย,0.0
KK10_หนองสองห้อง_ในนอกนอกราช_M_U,35,พรรครักชาติ,0.0
KK10_หนองสองห้อง_ในนอกนอกราช_M_U,36,พรรคไทยพร้อม,0.0
KK10_หนองสองห้อง_ในนอกนอกราช_M_U,37,พรรคภูมิใจไทย,55.0
KK10_หนองสองห้อง_ในนอกนอกราช_M_U,38,พรรคพลังธรรมใหม่,0.0
KK10_หนองสองห้อง_ในนอกนอกราช_M_U,39,พรรคกรีน,0.0
KK10_หนองสองห้อง_ในนอกนอกราช_M_U,40,พรรคไทยธรรม,0.0
KK10_หนองสองห้อง_ในนอกนอกราช_M_U,41,พรรคแผ่นดินธรรม,0.0
KK10_หนองสองห้อง_ในนอกนอกราช_M_U,42,พรรคกล้าธรรม,3.0
KK10_หนองสองห้อง_ในนอกนอกราช_M_U,43,พรรคพลังประชารัฐ,0.0
KK10_หนองสองห้อง_ในนอกนอกราช_M_U,44,พรรคโอกาสใหม่,0.0
KK10_หนองสองห้อง_ในนอกนอกราช_M_U,45,พรรคเป็นธรรม,1.0
KK10_หนองสองห้อง_ในนอกนอกราช_M_U,46,พรรคประชาชน,291.0
KK10_หนองสองห้อง_ในนอกนอกราช_M_U,47,พรรคประชาไทย,1.0
KK10_หนองสองห้อง_ในนอกนอกราช_M_U,48,พรรคไทยสร้างไทย,3.0
KK10_หนองสองห้อง_ในนอกนอกราช_M_U,49,พรรคไทยก้าวใหม่,1.0
KK10_หนองสองห้อง_ในนอกนอกราช_M_U,50,พรรคอาสาสมัครประชาชนไทย,0.0
KK10_หนองสองห้อง_ในนอกนอกราช_M_U,51,พรรคพร้อม,0.0
KK10_หนองสองห้อง_ในนอกนอกราช_M_U,52,พรรคเครือข่ายชาวนาแห่งประเทศไทย,0.0
KK10_หนองสองห้อง_ในนอกนอกราช_M_U,53,พรรคไทยพิทักษ์ธรรม,0.0
KK10_หนองสองห้อง_ในนอกนอกราช_M_U,54,พรรคความหวังใหม่,0.0
KK10_หนองสองห้อง_ในนอกนอกราช_M_U,55,พรรคไทยรวมไทย,0.0
KK10_หนองสองห้อง_ในนอกนอกราช_M_U,56,พรรคเพื่อชาติ,0.0
KK10_หนองสองห้อง_ในนอกนอกราช_M_U,57,พรรคพลังไทยรักชาติ,0.0
KK10_หนองสองห้อง_ในนอกนอกราช_M_U,1,พรรคไทยทรัพย์ทวี,2.0
KK10_หนองสองห้อง_ในนอกนอกราช_M_U,2,พรรคเพื่อชาติไทย,1.0
KK10_หนองสองห้อง_ในนอกนอกราช_M_U,3,พรรคใหม่,0.0
KK10_หนองสองห้อง_ในนอกนอกราช_M_U,4,พรรคมิติใหม่,0.0
KK10_หนองสองห้อง_ในนอกนอกราช_M_U,5,พรรครวมใจไทย,0.0
KK10_หนองสองห้อง_ในนอกนอกราช_M_U,6,พรรครวมไทยสร้างชาติ,1.0
KK10_หนองสองห้อง_ในนอกนอกราช_M_U,7,พรรคพลวัต,0.0
KK10_หนองสองห้อง_ในนอกนอกราช_M_U,8,พรรคประชาธิปไตยใหม่,0.0
KK10_หนองสองห้อง_ในนอกนอกราช_M_U,9,พรรคเพื่อไทย,38.0
KK10_หนองสองห้อง_ในนอกนอกราช_M_U,10,พรรคทางเลือกใหม่,1.0
KK10_หนองสองห้อง_ในนอกนอกราช_M_U,11,พรรคเศรษฐกิจ,7.0
KK10_หนองสองห้อง_ในนอกนอกราช_M_U,12,พรรคเสรีรวมไทย,0.0
KK10_หนองสองห้อง_ในนอกนอกราช_M_U,13,พรรครวมพลังประชาชน,1.0
KK10_หนองสองห้อง_ในนอกนอกราช_M_U,14,พรรคท้องที่ไทย,0.0
KK10_หนองสองห้อง_ในนอกนอกราช_M_U,15,พรรคอนาคตไทย,0.0
KK10_หนองสองห้อง_ในนอกนอกราช_M_U,16,พรรคพลังเพื่อไทย,0.0
KK10_หนองสองห้อง_ในนอกนอกราช_M_U,17,พรรคไทยชนะ,0.0
KK10_หนองสองห้อง_ในนอกนอกราช_M_U,18,พรรคพลังสังคมใหม่,0.0
KK10_หนองสองห้อง_ในนอกนอกราช_M_U,19,พรรคสังคมประชาธิปไตยไทย,0.0
KK10_หนองสองห้อง_ในนอกนอกราช_M_U,20,พรรคฟิวชัน,0.0
KK10_หนองสองห้อง_ในนอกนอกราช_M_U,21,พรรคไทรวมพลัง,0.0
KK10_หนองสองห้อง_ในนอกนอกราช_M_U,22,พรรคก้าวอิสระ,0.0
KK10_หนองสองห้อง_ในนอกนอกราช_M_U,23,พรรคปวงชนไทย,0.0
KK10_หนองสองห้อง_ในนอกนอกราช_M_U,24,พรรควิชชั่นใหม่,0.0
KK10_หนองสองห้อง_ในนอกนอกราช_M_U,25,พรรคเพื่อชีวิตใหม่,0.0
KK10_หนองสองห้อง_ในนอกนอกราช_M_U,26,พรรคคลองไทย,0.0
KK10_หนองสองห้อง_ในนอกนอกราช_M_U,27,พรรคประชาธิปัตย์,4.0
KK10_หนองสองห้อง_ในนอกนอกราช_M_U,28,พรรคไทยก้าวหน้า,0.0
KK10_หนองสองห้อง_ในนอกนอกราช_M_U,29,พรรคไทยภักดี,0.0
KK10_หนองสองห้อง_ในนอกนอกราช_M_U,30,พรรคแรงงานสร้างชาติ,0.0
KK10_หนองสองห้อง_ในนอกนอกราช_M_U,31,พรรคประชากรไทย,0.0
KK10_หนองสองห้อง_ในนอกนอกราช_M_U,32,พรรคครูไทยเพื่อประชาชน,0.0
KK10_หนองสองห้อง_ในนอกนอกราช_M_U,33,พรรคประชาชาติ,0.0
KK10_หนองสองห้อง_ในนอกนอกราช_M_U,34,พรรคสร้างอนาคตไทย,0.0
KK10_หนองสองห้อง_ในนอกนอกราช_M_U,35,พรรครักชาติ,0.0
KK10_หนองสองห้อง_ในนอกนอกราช_M_U,36,พรรคไทยพร้อม,2.0
KK10_หนองสองห้อง_ในนอกนอกราช_M_U,37,พรรคภูมิใจไทย,42.0
KK10_หนองสองห้อง_ในนอกนอกราช_M_U,38,พรรคพลังธรรมใหม่,0.0
KK10_หนองสองห้อง_ในนอกนอกราช_M_U,39,พรรคกรีน,0.0
KK10_หนองสองห้อง_ในนอกนอกราช_M_U,40,พรรคไทยธรรม,0.0
KK10_หนองสองห้อง_ในนอกนอกราช_M_U,41,พรรคแผ่นดินธรรม,0.0
KK10_หนองสองห้อง_ในนอกนอกราช_M_U,42,พรรคกล้าธรรม,0.0
KK10_หนองสองห้อง_ในนอกนอกราช_M_U,43,พรรคพลังประชารัฐ,0.0
KK10_หนองสองห้อง_ในนอกนอกราช_M_U,44,พรรคโอกาสใหม่,0.0
KK10_หนองสองห้อง_ในนอกนอกราช_M_U,45,พรรคเป็นธรรม,0.0
KK10_หนองสองห้อง_ในนอกนอกราช_M_U,46,พรรคประชาชน,154.0
KK10_หนองสองห้อง_ในนอกนอกราช_M_U,47,พรรคประชาไทย,0.0
KK10_หนองสองห้อง_ในนอกนอกราช_M_U,48,พรรคไทยสร้างไทย,0.0
KK10_หนองสองห้อง_ในนอกนอกราช_M_U,49,พรรคไทยก้าวใหม่,1.0
KK10_หนองสองห้อง_ในนอกนอกราช_M_U,50,พรรคอาสาสมัครประชาชนไทย,0.0
KK10_หนองสองห้อง_ในนอกนอกราช_M_U,51,พรรคพร้อม,0.0
KK10_หนองสองห้อง_ในนอกนอกราช_M_U,52,พรรคเครือข่ายชาวนาแห่งประเทศไทย,0.0
KK10_หนองสองห้อง_ในนอกนอกราช_M_U,53,พรรคไทยพิทักษ์ธรรม,0.0
KK10_หนองสองห้อง_ในนอกนอกราช_M_U,54,พรรคความหวังใหม่,0.0
KK10_หนองสองห้อง_ในนอกนอกราช_M_U,55,พรรคไทยรวมไทย,0.0
KK10_หนองสองห้อง_ในนอกนอกราช_M_U,56,พรรคเพื่อชาติ,0.0
KK10_หนองสองห้อง_ในนอกนอกราช_M_U,57,พรรคพลังไทยรักชาติ,0.0
KK10_ชนบท_ปอแดง_M10_U10,1,พรรคไทยทรัพย์ทวี,2.0
KK10_ชนบท_ปอแดง_M10_U10,2,พรรคเพื่อชาติไทย,2.0
KK10_ชนบท_ปอแดง_M10_U10,3,พรรคใหม่,1.0
KK10_ชนบท_ปอแดง_M10_U10,5,พรรครวมใจไทย,14.0
KK10_ชนบท_ปอแดง_M10_U10,6,พรรครวมไทยสร้างชาติ,2.0
KK10_ชนบท_ปอแดง_M10_U10,8,พรรคประชาธิปไตยใหม่,1.0
KK10_ชนบท_ปอแดง_M10_U10,9,พรรคเพื่อไทย,82.0
KK10_ชนบท_ปอแดง_M10_U10,10,พรรคทางเลือกใหม่,1.0
KK10_ชนบท_ปอแดง_M10_U10,11,พรรคเศรษฐกิจ,6.0
KK10_ชนบท_ปอแดง_M10_U10,12,พรรคเสรีรวมไทย,2.0
KK10_ชนบท_ปอแดง_M10_U10,16,พรรคพลังเพื่อไทย,3.0
KK10_ชนบท_ปอแดง_M10_U10,27,พรรคประชาธิปัตย์,2.0
KK10_ชนบท_ปอแดง_M10_U10,29,พรรคไทยภักดี,2.0
KK10_ชนบท_ปอแดง_M10_U10,31,พรรคประชากรไทย,2.0
KK10_ชนบท_ปอแดง_M10_U10,34,พรรคสร้างอนาคตไทย,1.0
KK10_ชนบท_ปอแดง_M10_U10,37,พรรคภูมิใจไทย,78.0
KK10_ชนบท_ปอแดง_M10_U10,38,พรรคพลังธรรมใหม่,1.0
KK10_ชนบท_ปอแดง_M10_U10,40,พรรคไทยธรรม,1.0
KK10_ชนบท_ปอแดง_M10_U10,46,พรรคประชาชน,34.0
KK10_ชนบท_ปอแดง_M10_U10,49,พรรคไทยก้าวใหม่,1.0
KK10_ชนบท_ปอแดง_M1_U1,1,พรรคไทยทรัพย์ทวี,5.0
KK10_ชนบท_ปอแดง_M1_U1,2,พรรคเพื่อชาติไทย,2.0
KK10_ชนบท_ปอแดง_M1_U1,5,พรรครวมใจไทย,12.0
KK10_ชนบท_ปอแดง_M1_U1,6,พรรครวมไทยสร้างชาติ,3.0
KK10_ชนบท_ปอแดง_M1_U1,8,พรรคประชาธิปไตยใหม่,3.0
KK10_ชนบท_ปอแดง_M1_U1,9,พรรคเพื่อไทย,121.0
KK10_ชนบท_ปอแดง_M1_U1,11,พรรคเศรษฐกิจ,13.0
KK10_ชนบท_ปอแดง_M1_U1,12,พรรคเสรีรวมไทย,5.0
KK10_ชนบท_ปอแดง_M1_U1,27,พรรคประชาธิปัตย์,2.0
KK10_ชนบท_ปอแดง_M1_U1,29,พรรคไทยภักดี,1.0
KK10_ชนบท_ปอแดง_M1_U1,34,พรรคสร้างอนาคตไทย,2.0
KK10_ชนบท_ปอแดง_M1_U1,36,พรรคไทยพร้อม,2.0
KK10_ชนบท_ปอแดง_M1_U1,37,พรรคภูมิใจไทย,60.0
KK10_ชนบท_ปอแดง_M1_U1,38,พรรคพลังธรรมใหม่,4.0
KK10_ชนบท_ปอแดง_M1_U1,42,พรรคกล้าธรรม,1.0
KK10_ชนบท_ปอแดง_M1_U1,46,พรรคประชาชน,39.0
KK10_ชนบท_ปอแดง_M1_U1,48,พรรคไทยสร้างไทย,2.0
KK10_ชนบท_ปอแดง_M1_U1,49,พรรคไทยก้าวใหม่,9.0
KK10_ชนบท_ปอแดง_M1_U1,57,พรรคพลังไทยรักชาติ,1.0
KK10_ชนบท_ปอแดง_M2_U2,1,พรรคไทยทรัพย์ทวี,9.0
KK10_ชนบท_ปอแดง_M2_U2,2,พรรคเพื่อชาติไทย,11.0
KK10_ชนบท_ปอแดง_M2_U2,3,พรรคใหม่,1.0
KK10_ชนบท_ปอแดง_M2_U2,5,พรรครวมใจไทย,7.0
KK10_ชนบท_ปอแดง_M2_U2,6,พรรครวมไทยสร้างชาติ,1.0
KK10_ชนบท_ปอแดง_M2_U2,7,พรรคพลวัต,1.0
KK10_ชนบท_ปอแดง_M2_U2,8,พรรคประชาธิปไตยใหม่,2.0
KK10_ชนบท_ปอแดง_M2_U2,9,พรรคเพื่อไทย,226.0
KK10_ชนบท_ปอแดง_M2_U2,11,พรรคเศรษฐกิจ,6.0
KK10_ชนบท_ปอแดง_M2_U2,13,พรรครวมพลังประชาชน,3.0
KK10_ชนบท_ปอแดง_M2_U2,14,พรรคท้องที่ไทย,1.0
KK10_ชนบท_ปอแดง_M2_U2,16,พรรคพลังเพื่อไทย,2.0
KK10_ชนบท_ปอแดง_M2_U2,27,พรรคประชาธิปัตย์,6.0
KK10_ชนบท_ปอแดง_M2_U2,29,พรรคไทยภักดี,1.0
KK10_ชนบท_ปอแดง_M2_U2,32,พรรคครูไทยเพื่อประชาชน,3.0
KK10_ชนบท_ปอแดง_M2_U2,35,พรรครักชาติ,2.0
KK10_ชนบท_ปอแดง_M2_U2,37,พรรคภูมิใจไทย,97.0
KK10_ชนบท_ปอแดง_M2_U2,38,พรรคพลังธรรมใหม่,7.0
KK10_ชนบท_ปอแดง_M2_U2,42,พรรคกล้าธรรม,8.0
KK10_ชนบท_ปอแดง_M2_U2,46,พรรคประชาชน,76.0
KK10_ชนบท_ปอแดง_M2_U2,47,พรรคประชาไทย,1.0
KK10_ชนบท_ปอแดง_M2_U2,48,พรรคไทยสร้างไทย,2.0
KK10_ชนบท_ปอแดง_M3_U3,1,พรรคไทยทรัพย์ทวี,4.0
KK10_ชนบท_ปอแดง_M3_U3,2,พรรคเพื่อชาติไทย,3.0
KK10_ชนบท_ปอแดง_M3_U3,3,พรรคใหม่,2.0
KK10_ชนบท_ปอแดง_M3_U3,5,พรรครวมใจไทย,4.0
KK10_ชนบท_ปอแดง_M3_U3,6,พรรครวมไทยสร้างชาติ,1.0
KK10_ชนบท_ปอแดง_M3_U3,9,พรรคเพื่อไทย,80.0
KK10_ชนบท_ปอแดง_M3_U3,10,พรรคทางเลือกใหม่,1.0
KK10_ชนบท_ปอแดง_M3_U3,11,พรรคเศรษฐกิจ,3.0
KK10_ชนบท_ปอแดง_M3_U3,12,พรรคเสรีรวมไทย,2.0
KK10_ชนบท_ปอแดง_M3_U3,17,พรรคไทยชนะ,1.0
KK10_ชนบท_ปอแดง_M3_U3,28,พรรคไทยก้าวหน้า,2.0
KK10_ชนบท_ปอแดง_M3_U3,30,พรรคแรงงานสร้างชาติ,2.0
KK10_ชนบท_ปอแดง_M3_U3,32,พรรคครูไทยเพื่อประชาชน,1.0
KK10_ชนบท_ปอแดง_M3_U3,37,พรรคภูมิใจไทย,32.0
KK10_ชนบท_ปอแดง_M3_U3,38,พรรคพลังธรรมใหม่,1.0
KK10_ชนบท_ปอแดง_M3_U3,39,พรรคกรีน,2.0
KK10_ชนบท_ปอแดง_M3_U3,46,พรรคประชาชน,15.0
KK10_ชนบท_ปอแดง_M3_U3,48,พรรคไทยสร้างไทย,1.0
KK10_ชนบท_ปอแดง_M3_U3,57,พรรคพลังไทยรักชาติ,1.0
KK10_ชนบท_ปอแดง_M4_U4,1,พรรคไทยทรัพย์ทวี,63.0
KK10_ชนบท_ปอแดง_M4_U4,2,พรรคเพื่อชาติไทย,9.0
KK10_ชนบท_ปอแดง_M4_U4,3,พรรคใหม่,2.0
KK10_ชนบท_ปอแดง_M4_U4,5,พรรครวมใจไทย,6.0
KK10_ชนบท_ปอแดง_M4_U4,6,พรรครวมไทยสร้างชาติ,2.0
KK10_ชนบท_ปอแดง_M4_U4,8,พรรคประชาธิปไตยใหม่,1.0
KK10_ชนบท_ปอแดง_M4_U4,9,พรรคเพื่อไทย,40.0
KK10_ชนบท_ปอแดง_M4_U4,11,พรรคเศรษฐกิจ,5.0
KK10_ชนบท_ปอแดง_M4_U4,12,พรรคเสรีรวมไทย,1.0
KK10_ชนบท_ปอแดง_M4_U4,13,พรรครวมพลังประชาชน,1.0
KK10_ชนบท_ปอแดง_M4_U4,17,พรรคไทยชนะ,2.0
KK10_ชนบท_ปอแดง_M4_U4,27,พรรคประชาธิปัตย์,1.0
KK10_ชนบท_ปอแดง_M4_U4,28,พรรคไทยก้าวหน้า,1.0
KK10_ชนบท_ปอแดง_M4_U4,37,พรรคภูมิใจไทย,30.0
KK10_ชนบท_ปอแดง_M4_U4,38,พรรคพลังธรรมใหม่,2.0
KK10_ชนบท_ปอแดง_M4_U4,40,พรรคไทยธรรม,1.0
KK10_ชนบท_ปอแดง_M4_U4,46,พรรคประชาชน,17.0
KK10_ชนบท_ปอแดง_M5_U5,1,พรรคไทยทรัพย์ทวี,7.0
KK10_ชนบท_ปอแดง_M5_U5,2,พรรคเพื่อชาติไทย,12.0
KK10_ชนบท_ปอแดง_M5_U5,5,พรรครวมใจไทย,5.0
KK10_ชนบท_ปอแดง_M5_U5,6,พรรครวมไทยสร้างชาติ,4.0
KK10_ชนบท_ปอแดง_M5_U5,8,พรรคประชาธิปไตยใหม่,2.0
KK10_ชนบท_ปอแดง_M5_U5,9,พรรคเพื่อไทย,143.0
KK10_ชนบท_ปอแดง_M5_U5,10,พรรคทางเลือกใหม่,1.0
KK10_ชนบท_ปอแดง_M5_U5,11,พรรคเศรษฐกิจ,10.0
KK10_ชนบท_ปอแดง_M5_U5,13,พรรครวมพลังประชาชน,1.0
KK10_ชนบท_ปอแดง_M5_U5,17,พรรคไทยชนะ,1.0
KK10_ชนบท_ปอแดง_M5_U5,26,พรรคคลองไทย,2.0
KK10_ชนบท_ปอแดง_M5_U5,27,พรรคประชาธิปัตย์,5.0
KK10_ชนบท_ปอแดง_M5_U5,29,พรรคไทยภักดี,1.0
KK10_ชนบท_ปอแดง_M5_U5,30,พรรคแรงงานสร้างชาติ,2.0
KK10_ชนบท_ปอแดง_M5_U5,31,พรรคประชากรไทย,2.0
KK10_ชนบท_ปอแดง_M5_U5,32,พรรคครูไทยเพื่อประชาชน,1.0
KK10_ชนบท_ปอแดง_M5_U5,34,พรรคสร้างอนาคตไทย,1.0
KK10_ชนบท_ปอแดง_M5_U5,35,พรรครักชาติ,2.0
KK10_ชนบท_ปอแดง_M5_U5,37,พรรคภูมิใจไทย,60.0
KK10_ชนบท_ปอแดง_M5_U5,38,พรรคพลังธรรมใหม่,2.0
KK10_ชนบท_ปอแดง_M5_U5,46,พรรคประชาชน,51.0
KK10_ชนบท_ปอแดง_M5_U5,48,พรรคไทยสร้างไทย,1.0
KK10_ชนบท_ปอแดง_M5_U5,49,พรรคไทยก้าวใหม่,2.0
KK10_ชนบท_ปอแดง_M5_U5,56,พรรคเพื่อชาติ,1.0
KK10_ชนบท_ปอแดง_M6_U6,1,พรรคไทยทรัพย์ทวี,2.0
KK10_ชนบท_ปอแดง_M6_U6,2,พรรคเพื่อชาติไทย,6.0
KK10_ชนบท_ปอแดง_M6_U6,4,พรรคมิติใหม่,1.0
KK10_ชนบท_ปอแดง_M6_U6,5,พรรครวมใจไทย,5.0
KK10_ชนบท_ปอแดง_M6_U6,6,พรรครวมไทยสร้างชาติ,1.0
KK10_ชนบท_ปอแดง_M6_U6,9,พรรคเพื่อไทย,51.0
KK10_ชนบท_ปอแดง_M6_U6,10,พรรคทางเลือกใหม่,1.0
KK10_ชนบท_ปอแดง_M6_U6,11,พรรคเศรษฐกิจ,4.0
KK10_ชนบท_ปอแดง_M6_U6,12,พรรคเสรีรวมไทย,1.0
KK10_ชนบท_ปอแดง_M6_U6,16,พรรคพลังเพื่อไทย,1.0
KK10_ชนบท_ปอแดง_M6_U6,27,พรรคประชาธิปัตย์,3.0
KK10_ชนบท_ปอแดง_M6_U6,29,พรรคไทยภักดี,1.0
KK10_ชนบท_ปอแดง_M6_U6,31,พรรคประชากรไทย,1.0
KK10_ชนบท_ปอแดง_M6_U6,35,พรรครักชาติ,0.0
KK10_ชนบท_ปอแดง_M6_U6,37,พรรคภูมิใจไทย,30.0
KK10_ชนบท_ปอแดง_M6_U6,38,พรรคพลังธรรมใหม่,4.0
KK10_ชนบท_ปอแดง_M6_U6,40,พรรคไทยธรรม,1.0
KK10_ชนบท_ปอแดง_M6_U6,41,พรรคแผ่นดินธรรม,0.0
KK10_ชนบท_ปอแดง_M6_U6,46,พรรคประชาชน,32.0
KK10_ชนบท_ปอแดง_M6_U6,48,พรรคไทยสร้างไทย,1.0
KK10_ชนบท_ปอแดง_M7_U7,1,พรรคไทยทรัพย์ทวี,3.0
KK10_ชนบท_ปอแดง_M7_U7,3,พรรคใหม่,1.0
KK10_ชนบท_ปอแดง_M7_U7,4,พรรคมิติใหม่,1.0
KK10_ชนบท_ปอแดง_M7_U7,5,พรรครวมใจไทย,3.0
KK10_ชนบท_ปอแดง_M7_U7,6,พรรครวมไทยสร้างชาติ,2.0
KK10_ชนบท_ปอแดง_M7_U7,9,พรรคเพื่อไทย,77.0
KK10_ชนบท_ปอแดง_M7_U7,11,พรรคเศรษฐกิจ,3.0
KK10_ชนบท_ปอแดง_M7_U7,23,พรรคปวงชนไทย,1.0
KK10_ชนบท_ปอแดง_M7_U7,27,พรรคประชาธิปัตย์,1.0
KK10_ชนบท_ปอแดง_M7_U7,28,พรรคไทยก้าวหน้า,1.0
KK10_ชนบท_ปอแดง_M7_U7,29,พรรคไทยภักดี,2.0
KK10_ชนบท_ปอแดง_M7_U7,37,พรรคภูมิใจไทย,7.0
KK10_ชนบท_ปอแดง_M7_U7,46,พรรคประชาชน,26.0
KK10_ชนบท_ปอแดง_M8_U8,1,พรรคไทยทรัพย์ทวี,8.0
KK10_ชนบท_ปอแดง_M8_U8,2,พรรคเพื่อชาติไทย,5.0
KK10_ชนบท_ปอแดง_M8_U8,3,พรรคใหม่,1.0
KK10_ชนบท_ปอแดง_M8_U8,5,พรรครวมใจไทย,7.0
KK10_ชนบท_ปอแดง_M8_U8,6,พรรครวมไทยสร้างชาติ,1.0
KK10_ชนบท_ปอแดง_M8_U8,7,พรรคพลวัต,1.0
KK10_ชนบท_ปอแดง_M8_U8,8,พรรคประชาธิปไตยใหม่,1.0
KK10_ชนบท_ปอแดง_M8_U8,9,พรรคเพื่อไทย,79.0
KK10_ชนบท_ปอแดง_M8_U8,10,พรรคทางเลือกใหม่,1.0
KK10_ชนบท_ปอแดง_M8_U8,11,พรรคเศรษฐกิจ,5.0
KK10_ชนบท_ปอแดง_M8_U8,12,พรรคเสรีรวมไทย,2.0
KK10_ชนบท_ปอแดง_M8_U8,13,พรรครวมพลังประชาชน,1.0
KK10_ชนบท_ปอแดง_M8_U8,27,พรรคประชาธิปัตย์,1.0
KK10_ชนบท_ปอแดง_M8_U8,29,พรรคไทยภักดี,1.0
KK10_ชนบท_ปอแดง_M8_U8,34,พรรคสร้างอนาคตไทย,1.0
KK10_ชนบท_ปอแดง_M8_U8,35,พรรครักชาติ,1.0
KK10_ชนบท_ปอแดง_M8_U8,36,พรรคไทยพร้อม,1.0
KK10_ชนบท_ปอแดง_M8_U8,37,พรรคภูมิใจไทย,28.0
KK10_ชนบท_ปอแดง_M8_U8,46,พรรคประชาชน,34.0
KK10_ชนบท_ปอแดง_M8_U8,48,พรรคไทยสร้างไทย,2.0
KK10_ชนบท_ปอแดง_M9_U9,1,พรรคไทยทรัพย์ทวี,1.0
KK10_ชนบท_ปอแดง_M9_U9,2,พรรคเพื่อชาติไทย,2.0
KK10_ชนบท_ปอแดง_M9_U9,5,พรรครวมใจไทย,1.0
KK10_ชนบท_ปอแดง_M9_U9,6,พรรครวมไทยสร้างชาติ,3.0
KK10_ชนบท_ปอแดง_M9_U9,7,พรรคพลวัต,1.0
KK10_ชนบท_ปอแดง_M9_U9,9,พรรคเพื่อไทย,43.0
KK10_ชนบท_ปอแดง_M9_U9,11,พรรคเศรษฐกิจ,3.0
KK10_ชนบท_ปอแดง_M9_U9,16,พรรคพลังเพื่อไทย,1.0
KK10_ชนบท_ปอแดง_M9_U9,17,พรรคไทยชนะ,1.0
KK10_ชนบท_ปอแดง_M9_U9,20,พรรคฟิวชัน,1.0
KK10_ชนบท_ปอแดง_M9_U9,29,พรรคไทยภักดี,1.0
KK10_ชนบท_ปอแดง_M9_U9,31,พรรคประชากรไทย,1.0
KK10_ชนบท_ปอแดง_M9_U9,34,พรรคสร้างอนาคตไทย,1.0
KK10_ชนบท_ปอแดง_M9_U9,37,พรรคภูมิใจไทย,34.0
KK10_ชนบท_ปอแดง_M9_U9,38,พรรคพลังธรรมใหม่,1.0
KK10_ชนบท_ปอแดง_M9_U9,46,พรรคประชาชน,30.0
KK10_ชนบท_วังแสง_M10_U10,1,พรรคไทยทรัพย์ทวี,7.0
KK10_ชนบท_วังแสง_M10_U10,2,พรรคเพื่อชาติไทย,4.0
KK10_ชนบท_วังแสง_M10_U10,3,พรรคใหม่,1.0
KK10_ชนบท_วังแสง_M10_U10,5,พรรครวมใจไทย,13.0
KK10_ชนบท_วังแสง_M10_U10,8,พรรคประชาธิปไตยใหม่,3.0
KK10_ชนบท_วังแสง_M10_U10,9,พรรคเพื่อไทย,115.0
KK10_ชนบท_วังแสง_M10_U10,10,พรรคทางเลือกใหม่,2.0
KK10_ชนบท_วังแสง_M10_U10,11,พรรคเศรษฐกิจ,4.0
KK10_ชนบท_วังแสง_M10_U10,12,พรรคเสรีรวมไทย,2.0
KK10_ชนบท_วังแสง_M10_U10,13,พรรครวมพลังประชาชน,1.0
KK10_ชนบท_วังแสง_M10_U10,15,พรรคอนาคตไทย,1.0
KK10_ชนบท_วังแสง_M10_U10,17,พรรคไทยชนะ,1.0
KK10_ชนบท_วังแสง_M10_U10,27,พรรคประชาธิปัตย์,3.0
KK10_ชนบท_วังแสง_M10_U10,28,พรรคไทยก้าวหน้า,1.0
KK10_ชนบท_วังแสง_M10_U10,30,พรรคแรงงานสร้างชาติ,4.0
KK10_ชนบท_วังแสง_M10_U10,31,พรรคประชากรไทย,1.0
KK10_ชนบท_วังแสง_M10_U10,32,พรรคครูไทยเพื่อประชาชน,3.0
KK10_ชนบท_วังแสง_M10_U10,34,พรรคสร้างอนาคตไทย,3.0
KK10_ชนบท_วังแสง_M10_U10,36,พรรคไทยพร้อม,1.0
KK10_ชนบท_วังแสง_M10_U10,37,พรรคภูมิใจไทย,46.0
KK10_ชนบท_วังแสง_M10_U10,38,พรรคพลังธรรมใหม่,1.0
KK10_ชนบท_วังแสง_M10_U10,45,พรรคเป็นธรรม,1.0
KK10_ชนบท_วังแสง_M10_U10,46,พรรคประชาชน,40.0
KK10_ชนบท_วังแสง_M10_U10,48,พรรคไทยสร้างไทย,1.0
KK10_ชนบท_วังแสง_M10_U10,49,พรรคไทยก้าวใหม่,1.0
KK10_ชนบท_วังแสง_M11_U11,1,พรรคไทยทรัพย์ทวี,11.0
KK10_ชนบท_วังแสง_M11_U11,2,พรรคเพื่อชาติไทย,6.0
KK10_ชนบท_วังแสง_M11_U11,3,พรรคใหม่,3.0
KK10_ชนบท_วังแสง_M11_U11,5,พรรครวมใจไทย,16.0
KK10_ชนบท_วังแสง_M11_U11,6,พรรครวมไทยสร้างชาติ,1.0
KK10_ชนบท_วังแสง_M11_U11,7,พรรคพลวัต,2.0
KK10_ชนบท_วังแสง_M11_U11,8,พรรคประชาธิปไตยใหม่,1.0
KK10_ชนบท_วังแสง_M11_U11,9,พรรคเพื่อไทย,100.0
KK10_ชนบท_วังแสง_M11_U11,11,พรรคเศรษฐกิจ,21.0
KK10_ชนบท_วังแสง_M11_U11,14,พรรคท้องที่ไทย,1.0
KK10_ชนบท_วังแสง_M11_U11,17,พรรคไทยชนะ,2.0
KK10_ชนบท_วังแสง_M11_U11,19,พรรคสังคมประชาธิปไตยไทย,1.0
KK10_ชนบท_วังแสง_M11_U11,24,พรรควิชชั่นใหม่,1.0
KK10_ชนบท_วังแสง_M11_U11,27,พรรคประชาธิปัตย์,1.0
KK10_ชนบท_วังแสง_M11_U11,30,พรรคแรงงานสร้างชาติ,2.0
KK10_ชนบท_วังแสง_M11_U11,31,พรรคประชากรไทย,2.0
KK10_ชนบท_วังแสง_M11_U11,32,พรรคครูไทยเพื่อประชาชน,3.0
KK10_ชนบท_วังแสง_M11_U11,34,พรรคสร้างอนาคตไทย,3.0
KK10_ชนบท_วังแสง_M11_U11,35,พรรครักชาติ,3.0
KK10_ชนบท_วังแสง_M11_U11,37,พรรคภูมิใจไทย,65.0
KK10_ชนบท_วังแสง_M11_U11,38,พรรคพลังธรรมใหม่,6.0
KK10_ชนบท_วังแสง_M11_U11,39,พรรคกรีน,1.0
KK10_ชนบท_วังแสง_M11_U11,40,พรรคไทยธรรม,2.0
KK10_ชนบท_วังแสง_M11_U11,42,พรรคกล้าธรรม,1.0
KK10_ชนบท_วังแสง_M11_U11,46,พรรคประชาชน,41.0
KK10_ชนบท_วังแสง_M11_U11,48,พรรคไทยสร้างไทย,1.0
KK10_ชนบท_วังแสง_M11_U11,49,พรรคไทยก้าวใหม่,1.0
KK10_ชนบท_วังแสง_M11_U11,56,พรรคเพื่อชาติ,1.0
KK10_ชนบท_วังแสง_M1_U1,1,พรรคไทยทรัพย์ทวี,13.0
KK10_ชนบท_วังแสง_M1_U1,2,พรรคเพื่อชาติไทย,2.0
KK10_ชนบท_วังแสง_M1_U1,3,พรรคใหม่,1.0
KK10_ชนบท_วังแสง_M1_U1,4,พรรคมิติใหม่,1.0
KK10_ชนบท_วังแสง_M1_U1,5,พรรครวมใจไทย,7.0
KK10_ชนบท_วังแสง_M1_U1,6,พรรครวมไทยสร้างชาติ,3.0
KK10_ชนบท_วังแสง_M1_U1,8,พรรคประชาธิปไตยใหม่,1.0
KK10_ชนบท_วังแสง_M1_U1,9,พรรคเพื่อไทย,76.0
KK10_ชนบท_วังแสง_M1_U1,10,พรรคทางเลือกใหม่,1.0
KK10_ชนบท_วังแสง_M1_U1,11,พรรคเศรษฐกิจ,7.0
KK10_ชนบท_วังแสง_M1_U1,12,พรรคเสรีรวมไทย,1.0
KK10_ชนบท_วังแสง_M1_U1,13,พรรครวมพลังประชาชน,1.0
KK10_ชนบท_วังแสง_M1_U1,16,พรรคพลังเพื่อไทย,1.0
KK10_ชนบท_วังแสง_M1_U1,20,พรรคฟิวชัน,1.0
KK10_ชนบท_วังแสง_M1_U1,27,พรรคประชาธิปัตย์,4.0
KK10_ชนบท_วังแสง_M1_U1,32,พรรคครูไทยเพื่อประชาชน,2.0
KK10_ชนบท_วังแสง_M1_U1,34,พรรคสร้างอนาคตไทย,1.0
KK10_ชนบท_วังแสง_M1_U1,36,พรรคไทยพร้อม,1.0
KK10_ชนบท_วังแสง_M1_U1,37,พรรคภูมิใจไทย,69.0
KK10_ชนบท_วังแสง_M1_U1,38,พรรคพลังธรรมใหม่,6.0
KK10_ชนบท_วังแสง_M1_U1,40,พรรคไทยธรรม,1.0
KK10_ชนบท_วังแสง_M1_U1,43,พรรคพลังประชารัฐ,3.0
KK10_ชนบท_วังแสง_M1_U1,46,พรรคประชาชน,47.0
KK10_ชนบท_วังแสง_M1_U1,47,พรรคประชาไทย,1.0
KK10_ชนบท_วังแสง_M1_U1,48,พรรคไทยสร้างไทย,1.0
KK10_ชนบท_วังแสง_M1_U1,49,พรรคไทยก้าวใหม่,1.0
KK10_ชนบท_วังแสง_M2_U2,1,พรรคไทยทรัพย์ทวี,19.0
KK10_ชนบท_วังแสง_M2_U2,2,พรรคเพื่อชาติไทย,7.0
KK10_ชนบท_วังแสง_M2_U2,3,พรรคใหม่,1.0
KK10_ชนบท_วังแสง_M2_U2,5,พรรครวมใจไทย,8.0
KK10_ชนบท_วังแสง_M2_U2,6,พรรครวมไทยสร้างชาติ,2.0
KK10_ชนบท_วังแสง_M2_U2,8,พรรคประชาธิปไตยใหม่,2.0
KK10_ชนบท_วังแสง_M2_U2,9,พรรคเพื่อไทย,143.0
KK10_ชนบท_วังแสง_M2_U2,10,พรรคทางเลือกใหม่,2.0
KK10_ชนบท_วังแสง_M2_U2,11,พรรคเศรษฐกิจ,9.0
KK10_ชนบท_วังแสง_M2_U2,12,พรรคเสรีรวมไทย,1.0
KK10_ชนบท_วังแสง_M2_U2,13,พรรครวมพลังประชาชน,2.0
KK10_ชนบท_วังแสง_M2_U2,19,พรรคสังคมประชาธิปไตยไทย,1.0
KK10_ชนบท_วังแสง_M2_U2,23,พรรคปวงชนไทย,1.0
KK10_ชนบท_วังแสง_M2_U2,27,พรรคประชาธิปัตย์,5.0
KK10_ชนบท_วังแสง_M2_U2,30,พรรคแรงงานสร้างชาติ,5.0
KK10_ชนบท_วังแสง_M2_U2,32,พรรคครูไทยเพื่อประชาชน,2.0
KK10_ชนบท_วังแสง_M2_U2,34,พรรคสร้างอนาคตไทย,1.0
KK10_ชนบท_วังแสง_M2_U2,37,พรรคภูมิใจไทย,43.0
KK10_ชนบท_วังแสง_M2_U2,38,พรรคพลังธรรมใหม่,4.0
KK10_ชนบท_วังแสง_M2_U2,46,พรรคประชาชน,46.0
KK10_ชนบท_วังแสง_M2_U2,47,พรรคประชาไทย,1.0
KK10_ชนบท_วังแสง_M2_U2,54,พรรคความหวังใหม่,1.0
KK10_ชนบท_วังแสง_M3_U3,1,พรรคไทยทรัพย์ทวี,13.0
KK10_ชนบท_วังแสง_M3_U3,2,พรรคเพื่อชาติไทย,5.0
KK10_ชนบท_วังแสง_M3_U3,3,พรรคใหม่,3.0
KK10_ชนบท_วังแสง_M3_U3,5,พรรครวมใจไทย,28.0
KK10_ชนบท_วังแสง_M3_U3,6,พรรครวมไทยสร้างชาติ,3.0
KK10_ชนบท_วังแสง_M3_U3,7,พรรคพลวัต,1.0
KK10_ชนบท_วังแสง_M3_U3,9,พรรคเพื่อไทย,147.0
KK10_ชนบท_วังแสง_M3_U3,10,พรรคทางเลือกใหม่,1.0
KK10_ชนบท_วังแสง_M3_U3,11,พรรคเศรษฐกิจ,14.0
KK10_ชนบท_วังแสง_M3_U3,12,พรรคเสรีรวมไทย,1.0
KK10_ชนบท_วังแสง_M3_U3,13,พรรครวมพลังประชาชน,2.0
KK10_ชนบท_วังแสง_M3_U3,16,พรรคพลังเพื่อไทย,1.0
KK10_ชนบท_วังแสง_M3_U3,18,พรรคพลังสังคมใหม่,1.0
KK10_ชนบท_วังแสง_M3_U3,19,พรรคสังคมประชาธิปไตยไทย,1.0
KK10_ชนบท_วังแสง_M3_U3,22,พรรคก้าวอิสระ,1.0
KK10_ชนบท_วังแสง_M3_U3,24,พรรควิชชั่นใหม่,3.0
KK10_ชนบท_วังแสง_M3_U3,27,พรรคประชาธิปัตย์,1.0
KK10_ชนบท_วังแสง_M3_U3,29,พรรคไทยภักดี,1.0
KK10_ชนบท_วังแสง_M3_U3,31,พรรคประชากรไทย,1.0
KK10_ชนบท_วังแสง_M3_U3,32,พรรคครูไทยเพื่อประชาชน,1.0
KK10_ชนบท_วังแสง_M3_U3,34,พรรคสร้างอนาคตไทย,1.0
KK10_ชนบท_วังแสง_M3_U3,36,พรรคไทยพร้อม,1.0
KK10_ชนบท_วังแสง_M3_U3,37,พรรคภูมิใจไทย,86.0
KK10_ชนบท_วังแสง_M3_U3,38,พรรคพลังธรรมใหม่,2.0
KK10_ชนบท_วังแสง_M3_U3,39,พรรคกรีน,1.0
KK10_ชนบท_วังแสง_M3_U3,45,พรรคเป็นธรรม,1.0
KK10_ชนบท_วังแสง_M3_U3,46,พรรคประชาชน,56.0
KK10_ชนบท_วังแสง_M3_U3,47,พรรคประชาไทย,1.0
KK10_ชนบท_วังแสง_M3_U3,48,พรรคไทยสร้างไทย,5.0
KK10_ชนบท_วังแสง_M3_U3,49,พรรคไทยก้าวใหม่,1.0
KK10_ชนบท_วังแสง_M4_U4,1,พรรคไทยทรัพย์ทวี,14.0
KK10_ชนบท_วังแสง_M4_U4,2,พรรคเพื่อชาติไทย,1.0
KK10_ชนบท_วังแสง_M4_U4,3,พรรคใหม่,2.0
KK10_ชนบท_วังแสง_M4_U4,4,พรรคมิติใหม่,1.0
KK10_ชนบท_วังแสง_M4_U4,5,พรรครวมใจไทย,19.0
KK10_ชนบท_วังแสง_M4_U4,6,พรรครวมไทยสร้างชาติ,4.0
KK10_ชนบท_วังแสง_M4_U4,8,พรรคประชาธิปไตยใหม่,2.0
KK10_ชนบท_วังแสง_M4_U4,9,พรรคเพื่อไทย,126.0
KK10_ชนบท_วังแสง_M4_U4,11,พรรคเศรษฐกิจ,12.0
KK10_ชนบท_วังแสง_M4_U4,12,พรรคเสรีรวมไทย,1.0
KK10_ชนบท_วังแสง_M4_U4,13,พรรครวมพลังประชาชน,2.0
KK10_ชนบท_วังแสง_M4_U4,16,พรรคพลังเพื่อไทย,1.0
KK10_ชนบท_วังแสง_M4_U4,27,พรรคประชาธิปัตย์,4.0
KK10_ชนบท_วังแสง_M4_U4,29,พรรคไทยภักดี,1.0
KK10_ชนบท_วังแสง_M4_U4,30,พรรคแรงงานสร้างชาติ,3.0
KK10_ชนบท_วังแสง_M4_U4,31,พรรคประชากรไทย,3.0
KK10_ชนบท_วังแสง_M4_U4,34,พรรคสร้างอนาคตไทย,1.0
KK10_ชนบท_วังแสง_M4_U4,37,พรรคภูมิใจไทย,52.0
KK10_ชนบท_วังแสง_M4_U4,38,พรรคพลังธรรมใหม่,6.0
KK10_ชนบท_วังแสง_M4_U4,40,พรรคไทยธรรม,1.0
KK10_ชนบท_วังแสง_M4_U4,46,พรรคประชาชน,38.0
KK10_ชนบท_วังแสง_M4_U4,51,พรรคพร้อม,1.0
KK10_ชนบท_วังแสง_M5_U5,1,พรรคไทยทรัพย์ทวี,7.0
KK10_ชนบท_วังแสง_M5_U5,2,พรรคเพื่อชาติไทย,1.0
KK10_ชนบท_วังแสง_M5_U5,5,พรรครวมใจไทย,2.0
KK10_ชนบท_วังแสง_M5_U5,6,พรรครวมไทยสร้างชาติ,3.0
KK10_ชนบท_วังแสง_M5_U5,9,พรรคเพื่อไทย,71.0
KK10_ชนบท_วังแสง_M5_U5,11,พรรคเศรษฐกิจ,3.0
KK10_ชนบท_วังแสง_M5_U5,27,พรรคประชาธิปัตย์,1.0
KK10_ชนบท_วังแสง_M5_U5,31,พรรคประชากรไทย,1.0
KK10_ชนบท_วังแสง_M5_U5,37,พรรคภูมิใจไทย,21.0
KK10_ชนบท_วังแสง_M5_U5,38,พรรคพลังธรรมใหม่,1.0
KK10_ชนบท_วังแสง_M5_U5,46,พรรคประชาชน,20.0
KK10_ชนบท_วังแสง_M6_U6,1,พรรคไทยทรัพย์ทวี,10.0
KK10_ชนบท_วังแสง_M6_U6,2,พรรคเพื่อชาติไทย,3.0
KK10_ชนบท_วังแสง_M6_U6,3,พรรคใหม่,1.0
KK10_ชนบท_วังแสง_M6_U6,5,พรรครวมใจไทย,11.0
KK10_ชนบท_วังแสง_M6_U6,6,พรรครวมไทยสร้างชาติ,4.0
KK10_ชนบท_วังแสง_M6_U6,7,พรรคพลวัต,1.0
KK10_ชนบท_วังแสง_M6_U6,8,พรรคประชาธิปไตยใหม่,1.0
KK10_ชนบท_วังแสง_M6_U6,9,พรรคเพื่อไทย,120.0
KK10_ชนบท_วังแสง_M6_U6,10,พรรคทางเลือกใหม่,2.0
KK10_ชนบท_วังแสง_M6_U6,11,พรรคเศรษฐกิจ,3.0
KK10_ชนบท_วังแสง_M6_U6,13,พรรครวมพลังประชาชน,1.0
KK10_ชนบท_วังแสง_M6_U6,16,พรรคพลังเพื่อไทย,1.0
KK10_ชนบท_วังแสง_M6_U6,26,พรรคคลองไทย,1.0
KK10_ชนบท_วังแสง_M6_U6,27,พรรคประชาธิปัตย์,3.0
KK10_ชนบท_วังแสง_M6_U6,29,พรรคไทยภักดี,4.0
KK10_ชนบท_วังแสง_M6_U6,31,พรรคประชากรไทย,3.0
KK10_ชนบท_วังแสง_M6_U6,32,พรรคครูไทยเพื่อประชาชน,2.0
KK10_ชนบท_วังแสง_M6_U6,34,พรรคสร้างอนาคตไทย,1.0
KK10_ชนบท_วังแสง_M6_U6,36,พรรคไทยพร้อม,1.0
KK10_ชนบท_วังแสง_M6_U6,37,พรรคภูมิใจไทย,71.0
KK10_ชนบท_วังแสง_M6_U6,38,พรรคพลังธรรมใหม่,4.0
KK10_ชนบท_วังแสง_M6_U6,39,พรรคกรีน,2.0
KK10_ชนบท_วังแสง_M6_U6,46,พรรคประชาชน,59.0
KK10_ชนบท_วังแสง_M6_U6,47,พรรคประชาไทย,1.0
KK10_ชนบท_วังแสง_M6_U6,48,พรรคไทยสร้างไทย,1.0
KK10_ชนบท_วังแสง_M7_U7,1,พรรคไทยทรัพย์ทวี,9.0
KK10_ชนบท_วังแสง_M7_U7,2,พรรคเพื่อชาติไทย,10.0
KK10_ชนบท_วังแสง_M7_U7,3,พรรคใหม่,2.0
KK10_ชนบท_วังแสง_M7_U7,4,พรรคมิติใหม่,5.0
KK10_ชนบท_วังแสง_M7_U7,5,พรรครวมใจไทย,17.0
KK10_ชนบท_วังแสง_M7_U7,6,พรรครวมไทยสร้างชาติ,3.0
KK10_ชนบท_วังแสง_M7_U7,9,พรรคเพื่อไทย,117.0
KK10_ชนบท_วังแสง_M7_U7,10,พรรคทางเลือกใหม่,1.0
KK10_ชนบท_วังแสง_M7_U7,11,พรรคเศรษฐกิจ,15.0
KK10_ชนบท_วังแสง_M7_U7,12,พรรคเสรีรวมไทย,1.0
KK10_ชนบท_วังแสง_M7_U7,13,พรรครวมพลังประชาชน,1.0
KK10_ชนบท_วังแสง_M7_U7,17,พรรคไทยชนะ,2.0
KK10_ชนบท_วังแสง_M7_U7,20,พรรคฟิวชัน,1.0
KK10_ชนบท_วังแสง_M7_U7,21,พรรคไทรวมพลัง,1.0
KK10_ชนบท_วังแสง_M7_U7,23,พรรคปวงชนไทย,1.0
KK10_ชนบท_วังแสง_M7_U7,24,พรรควิชชั่นใหม่,1.0
KK10_ชนบท_วังแสง_M7_U7,27,พรรคประชาธิปัตย์,3.0
KK10_ชนบท_วังแสง_M7_U7,30,พรรคแรงงานสร้างชาติ,2.0
KK10_ชนบท_วังแสง_M7_U7,32,พรรคครูไทยเพื่อประชาชน,1.0
KK10_ชนบท_วังแสง_M7_U7,33,พรรคประชาชาติ,1.0
KK10_ชนบท_วังแสง_M7_U7,34,พรรคสร้างอนาคตไทย,4.0
KK10_ชนบท_วังแสง_M7_U7,35,พรรครักชาติ,1.0
KK10_ชนบท_วังแสง_M7_U7,37,พรรคภูมิใจไทย,75.0
KK10_ชนบท_วังแสง_M7_U7,38,พรรคพลังธรรมใหม่,6.0
KK10_ชนบท_วังแสง_M7_U7,42,พรรคกล้าธรรม,1.0
KK10_ชนบท_วังแสง_M7_U7,44,พรรคโอกาสใหม่,1.0
KK10_ชนบท_วังแสง_M7_U7,45,พรรคเป็นธรรม,1.0
KK10_ชนบท_วังแสง_M7_U7,46,พรรคประชาชน,78.0
KK10_ชนบท_วังแสง_M7_U7,47,พรรคประชาไทย,1.0
KK10_ชนบท_วังแสง_M7_U7,48,พรรคไทยสร้างไทย,2.0
KK10_ชนบท_วังแสง_M7_U7,49,พรรคไทยก้าวใหม่,1.0
KK10_ชนบท_วังแสง_M7_U7,55,พรรคไทยรวมไทย,1.0
KK10_ชนบท_วังแสง_M7_U7,56,พรรคเพื่อชาติ,1.0
KK10_ชนบท_วังแสง_M8_U8,1,พรรคไทยทรัพย์ทวี,13.0
KK10_ชนบท_วังแสง_M8_U8,2,พรรคเพื่อชาติไทย,13.0
KK10_ชนบท_วังแสง_M8_U8,3,พรรคใหม่,1.0
KK10_ชนบท_วังแสง_M8_U8,5,พรรครวมใจไทย,24.0
KK10_ชนบท_วังแสง_M8_U8,6,พรรครวมไทยสร้างชาติ,7.0
KK10_ชนบท_วังแสง_M8_U8,9,พรรคเพื่อไทย,114.0
KK10_ชนบท_วังแสง_M8_U8,10,พรรคทางเลือกใหม่,4.0
KK10_ชนบท_วังแสง_M8_U8,11,พรรคเศรษฐกิจ,44.0
KK10_ชนบท_วังแสง_M8_U8,12,พรรคเสรีรวมไทย,1.0
KK10_ชนบท_วังแสง_M8_U8,16,พรรคพลังเพื่อไทย,1.0
KK10_ชนบท_วังแสง_M8_U8,19,พรรคสังคมประชาธิปไตยไทย,1.0
KK10_ชนบท_วังแสง_M8_U8,28,พรรคไทยก้าวหน้า,1.0
KK10_ชนบท_วังแสง_M8_U8,29,พรรคไทยภักดี,1.0
KK10_ชนบท_วังแสง_M8_U8,30,พรรคแรงงานสร้างชาติ,1.0
KK10_ชนบท_วังแสง_M8_U8,31,พรรคประชากรไทย,1.0
KK10_ชนบท_วังแสง_M8_U8,32,พรรคครูไทยเพื่อประชาชน,1.0
KK10_ชนบท_วังแสง_M8_U8,34,พรรคสร้างอนาคตไทย,3.0
KK10_ชนบท_วังแสง_M8_U8,35,พรรครักชาติ,2.0
KK10_ชนบท_วังแสง_M8_U8,37,พรรคภูมิใจไทย,52.0
KK10_ชนบท_วังแสง_M8_U8,38,พรรคพลังธรรมใหม่,6.0
KK10_ชนบท_วังแสง_M8_U8,39,พรรคกรีน,1.0
KK10_ชนบท_วังแสง_M8_U8,46,พรรคประชาชน,11.0
KK10_ชนบท_วังแสง_M8_U8,48,พรรคไทยสร้างไทย,1.0
KK10_ชนบท_วังแสง_M8_U8,67,พรรคหมายเลข 67,1.0
KK10_ชนบท_วังแสง_M9_U9,1,พรรคไทยทรัพย์ทวี,5.0
KK10_ชนบท_วังแสง_M9_U9,2,พรรคเพื่อชาติไทย,1.0
KK10_ชนบท_วังแสง_M9_U9,5,พรรครวมใจไทย,8.0
KK10_ชนบท_วังแสง_M9_U9,9,พรรคเพื่อไทย,79.0
KK10_ชนบท_วังแสง_M9_U9,11,พรรคเศรษฐกิจ,5.0
KK10_ชนบท_วังแสง_M9_U9,12,พรรคเสรีรวมไทย,2.0
KK10_ชนบท_วังแสง_M9_U9,13,พรรครวมพลังประชาชน,1.0
KK10_ชนบท_วังแสง_M9_U9,16,พรรคพลังเพื่อไทย,1.0
KK10_ชนบท_วังแสง_M9_U9,30,พรรคแรงงานสร้างชาติ,1.0
KK10_ชนบท_วังแสง_M9_U9,37,พรรคภูมิใจไทย,41.0
KK10_ชนบท_วังแสง_M9_U9,46,พรรคประชาชน,25.0
KK10_ชนบท_ห้วยแก_M1_U1,1,พรรคไทยทรัพย์ทวี,12.0
KK10_ชนบท_ห้วยแก_M1_U1,2,พรรคเพื่อชาติไทย,12.0
KK10_ชนบท_ห้วยแก_M1_U1,3,พรรคใหม่,2.0
KK10_ชนบท_ห้วยแก_M1_U1,4,พรรคมิติใหม่,1.0
KK10_ชนบท_ห้วยแก_M1_U1,5,พรรครวมใจไทย,16.0
KK10_ชนบท_ห้วยแก_M1_U1,8,พรรคประชาธิปไตยใหม่,1.0
KK10_ชนบท_ห้วยแก_M1_U1,9,พรรคเพื่อไทย,208.0
KK10_ชนบท_ห้วยแก_M1_U1,10,พรรคทางเลือกใหม่,2.0
KK10_ชนบท_ห้วยแก_M1_U1,11,พรรคเศรษฐกิจ,11.0
KK10_ชนบท_ห้วยแก_M1_U1,12,พรรคเสรีรวมไทย,2.0
KK10_ชนบท_ห้วยแก_M1_U1,13,พรรครวมพลังประชาชน,3.0
KK10_ชนบท_ห้วยแก_M1_U1,16,พรรคพลังเพื่อไทย,2.0
KK10_ชนบท_ห้วยแก_M1_U1,17,พรรคไทยชนะ,1.0
KK10_ชนบท_ห้วยแก_M1_U1,19,พรรคสังคมประชาธิปไตยไทย,1.0
KK10_ชนบท_ห้วยแก_M1_U1,27,พรรคประชาธิปัตย์,8.0
KK10_ชนบท_ห้วยแก_M1_U1,30,พรรคแรงงานสร้างชาติ,3.0
KK10_ชนบท_ห้วยแก_M1_U1,33,พรรคประชาชาติ,1.0
KK10_ชนบท_ห้วยแก_M1_U1,34,พรรคสร้างอนาคตไทย,4.0
KK10_ชนบท_ห้วยแก_M1_U1,37,พรรคภูมิใจไทย,129.0
KK10_ชนบท_ห้วยแก_M1_U1,38,พรรคพลังธรรมใหม่,4.0
KK10_ชนบท_ห้วยแก_M1_U1,46,พรรคประชาชน,75.0
KK10_ชนบท_ห้วยแก_M1_U1,47,พรรคประชาไทย,1.0
KK10_ชนบท_ห้วยแก_M1_U1,48,พรรคไทยสร้างไทย,2.0
KK10_ชนบท_ห้วยแก_M1_U1,49,พรรคไทยก้าวใหม่,1.0
KK10_ชนบท_ห้วยแก_M1_U1,54,พรรคความหวังใหม่,1.0
KK10_ชนบท_ห้วยแก_M1_U1,57,พรรคพลังไทยรักชาติ,1.0
KK10_ชนบท_ห้วยแก_M2_U2,1,พรรคไทยทรัพย์ทวี,10.0
KK10_ชนบท_ห้วยแก_M2_U2,2,พรรคเพื่อชาติไทย,8.0
KK10_ชนบท_ห้วยแก_M2_U2,5,พรรครวมใจไทย,11.0
KK10_ชนบท_ห้วยแก_M2_U2,6,พรรครวมไทยสร้างชาติ,1.0
KK10_ชนบท_ห้วยแก_M2_U2,9,พรรคเพื่อไทย,175.0
KK10_ชนบท_ห้วยแก_M2_U2,10,พรรคทางเลือกใหม่,2.0
KK10_ชนบท_ห้วยแก_M2_U2,11,พรรคเศรษฐกิจ,13.0
KK10_ชนบท_ห้วยแก_M2_U2,12,พรรคเสรีรวมไทย,1.0
KK10_ชนบท_ห้วยแก_M2_U2,13,พรรครวมพลังประชาชน,2.0
KK10_ชนบท_ห้วยแก_M2_U2,17,พรรคไทยชนะ,1.0
KK10_ชนบท_ห้วยแก_M2_U2,24,พรรควิชชั่นใหม่,1.0
KK10_ชนบท_ห้วยแก_M2_U2,27,พรรคประชาธิปัตย์,12.0
KK10_ชนบท_ห้วยแก_M2_U2,28,พรรคไทยก้าวหน้า,1.0
KK10_ชนบท_ห้วยแก_M2_U2,29,พรรคไทยภักดี,1.0
KK10_ชนบท_ห้วยแก_M2_U2,30,พรรคแรงงานสร้างชาติ,2.0
KK10_ชนบท_ห้วยแก_M2_U2,31,พรรคประชากรไทย,2.0
KK10_ชนบท_ห้วยแก_M2_U2,32,พรรคครูไทยเพื่อประชาชน,1.0
KK10_ชนบท_ห้วยแก_M2_U2,34,พรรคสร้างอนาคตไทย,2.0
KK10_ชนบท_ห้วยแก_M2_U2,35,พรรครักชาติ,1.0
KK10_ชนบท_ห้วยแก_M2_U2,36,พรรคไทยพร้อม,1.0
KK10_ชนบท_ห้วยแก_M2_U2,37,พรรคภูมิใจไทย,88.0
KK10_ชนบท_ห้วยแก_M2_U2,38,พรรคพลังธรรมใหม่,3.0
KK10_ชนบท_ห้วยแก_M2_U2,44,พรรคโอกาสใหม่,1.0
KK10_ชนบท_ห้วยแก_M2_U2,46,พรรคประชาชน,87.0
KK10_ชนบท_ห้วยแก_M2_U2,48,พรรคไทยสร้างไทย,1.0
KK10_ชนบท_ห้วยแก_M2_U2,49,พรรคไทยก้าวใหม่,4.0
KK10_ชนบท_ห้วยแก_M3_U3,1,พรรคไทยทรัพย์ทวี,11.0
KK10_ชนบท_ห้วยแก_M3_U3,2,พรรคเพื่อชาติไทย,3.0
KK10_ชนบท_ห้วยแก_M3_U3,3,พรรคใหม่,1.0
KK10_ชนบท_ห้วยแก_M3_U3,5,พรรครวมใจไทย,9.0
KK10_ชนบท_ห้วยแก_M3_U3,6,พรรครวมไทยสร้างชาติ,5.0
KK10_ชนบท_ห้วยแก_M3_U3,9,พรรคเพื่อไทย,148.0
KK10_ชนบท_ห้วยแก_M3_U3,12,พรรคเสรีรวมไทย,1.0
KK10_ชนบท_ห้วยแก_M3_U3,15,พรรคอนาคตไทย,1.0
KK10_ชนบท_ห้วยแก_M3_U3,16,พรรคพลังเพื่อไทย,7.0
KK10_ชนบท_ห้วยแก_M3_U3,17,พรรคไทยชนะ,1.0
KK10_ชนบท_ห้วยแก_M3_U3,27,พรรคประชาธิปัตย์,3.0
KK10_ชนบท_ห้วยแก_M3_U3,32,พรรคครูไทยเพื่อประชาชน,1.0
KK10_ชนบท_ห้วยแก_M3_U3,35,พรรครักชาติ,2.0
KK10_ชนบท_ห้วยแก_M3_U3,37,พรรคภูมิใจไทย,40.0
KK10_ชนบท_ห้วยแก_M3_U3,46,พรรคประชาชน,31.0
KK10_ชนบท_ห้วยแก_M3_U3,47,พรรคประชาไทย,1.0
KK10_ชนบท_ห้วยแก_M4_U4,1,พรรคไทยทรัพย์ทวี,8.0
KK10_ชนบท_ห้วยแก_M4_U4,2,พรรคเพื่อชาติไทย,6.0
KK10_ชนบท_ห้วยแก_M4_U4,3,พรรคใหม่,3.0
KK10_ชนบท_ห้วยแก_M4_U4,5,พรรครวมใจไทย,13.0
KK10_ชนบท_ห้วยแก_M4_U4,6,พรรครวมไทยสร้างชาติ,6.0
KK10_ชนบท_ห้วยแก_M4_U4,8,พรรคประชาธิปไตยใหม่,2.0
KK10_ชนบท_ห้วยแก_M4_U4,9,พรรคเพื่อไทย,229.0
KK10_ชนบท_ห้วยแก_M4_U4,10,พรรคทางเลือกใหม่,2.0
KK10_ชนบท_ห้วยแก_M4_U4,11,พรรคเศรษฐกิจ,13.0
KK10_ชนบท_ห้วยแก_M4_U4,12,พรรคเสรีรวมไทย,1.0
KK10_ชนบท_ห้วยแก_M4_U4,13,พรรครวมพลังประชาชน,3.0
KK10_ชนบท_ห้วยแก_M4_U4,16,พรรคพลังเพื่อไทย,2.0
KK10_ชนบท_ห้วยแก_M4_U4,17,พรรคไทยชนะ,1.0
KK10_ชนบท_ห้วยแก_M4_U4,26,พรรคคลองไทย,1.0
KK10_ชนบท_ห้วยแก_M4_U4,27,พรรคประชาธิปัตย์,12.0
KK10_ชนบท_ห้วยแก_M4_U4,29,พรรคไทยภักดี,1.0
KK10_ชนบท_ห้วยแก_M4_U4,30,พรรคแรงงานสร้างชาติ,1.0
KK10_ชนบท_ห้วยแก_M4_U4,34,พรรคสร้างอนาคตไทย,2.0
KK10_ชนบท_ห้วยแก_M4_U4,36,พรรคไทยพร้อม,1.0
KK10_ชนบท_ห้วยแก_M4_U4,37,พรรคภูมิใจไทย,60.0
KK10_ชนบท_ห้วยแก_M4_U4,38,พรรคพลังธรรมใหม่,3.0
KK10_ชนบท_ห้วยแก_M4_U4,41,พรรคแผ่นดินธรรม,1.0
KK10_ชนบท_ห้วยแก_M4_U4,43,พรรคพลังประชารัฐ,2.0
KK10_ชนบท_ห้วยแก_M4_U4,45,พรรคเป็นธรรม,1.0
KK10_ชนบท_ห้วยแก_M4_U4,46,พรรคประชาชน,74.0
KK10_ชนบท_ห้วยแก_M4_U4,47,พรรคประชาไทย,1.0
KK10_ชนบท_ห้วยแก_M4_U4,48,พรรคไทยสร้างไทย,4.0
KK10_ชนบท_ห้วยแก_M4_U4,49,พรรคไทยก้าวใหม่,1.0
KK10_ชนบท_ห้วยแก_M5_U5,1,พรรคไทยทรัพย์ทวี,5.0
KK10_ชนบท_ห้วยแก_M5_U5,2,พรรคเพื่อชาติไทย,1.0
KK10_ชนบท_ห้วยแก_M5_U5,3,พรรคใหม่,1.0
KK10_ชนบท_ห้วยแก_M5_U5,5,พรรครวมใจไทย,5.0
KK10_ชนบท_ห้วยแก_M5_U5,6,พรรครวมไทยสร้างชาติ,2.0
KK10_ชนบท_ห้วยแก_M5_U5,9,พรรคเพื่อไทย,86.0
KK10_ชนบท_ห้วยแก_M5_U5,21,พรรคไทรวมพลัง,3.0
KK10_ชนบท_ห้วยแก_M5_U5,36,พรรคไทยพร้อม,1.0
KK10_ชนบท_ห้วยแก_M5_U5,37,พรรคภูมิใจไทย,19.0
KK10_ชนบท_ห้วยแก_M5_U5,38,พรรคพลังธรรมใหม่,1.0
KK10_ชนบท_ห้วยแก_M5_U5,46,พรรคประชาชน,33.0
KK10_ชนบท_ห้วยแก_M5_U5,48,พรรคไทยสร้างไทย,1.0
KK10_ชนบท_ห้วยแก_M5_U5,49,พรรคไทยก้าวใหม่,1.0
KK10_ชนบท_ห้วยแก_M6_U6,1,พรรคไทยทรัพย์ทวี,13.0
KK10_ชนบท_ห้วยแก_M6_U6,2,พรรคเพื่อชาติไทย,9.0
KK10_ชนบท_ห้วยแก_M6_U6,3,พรรคใหม่,3.0
KK10_ชนบท_ห้วยแก_M6_U6,5,พรรครวมใจไทย,19.0
KK10_ชนบท_ห้วยแก_M6_U6,6,พรรครวมไทยสร้างชาติ,6.0
KK10_ชนบท_ห้วยแก_M6_U6,8,พรรคประชาธิปไตยใหม่,1.0
KK10_ชนบท_ห้วยแก_M6_U6,9,พรรคเพื่อไทย,157.0
KK10_ชนบท_ห้วยแก_M6_U6,10,พรรคทางเลือกใหม่,2.0
KK10_ชนบท_ห้วยแก_M6_U6,11,พรรคเศรษฐกิจ,10.0
KK10_ชนบท_ห้วยแก_M6_U6,12,พรรคเสรีรวมไทย,1.0
KK10_ชนบท_ห้วยแก_M6_U6,13,พรรครวมพลังประชาชน,3.0
KK10_ชนบท_ห้วยแก_M6_U6,24,พรรควิชชั่นใหม่,1.0
KK10_ชนบท_ห้วยแก_M6_U6,27,พรรคประชาธิปัตย์,5.0
KK10_ชนบท_ห้วยแก_M6_U6,28,พรรคไทยก้าวหน้า,2.0
KK10_ชนบท_ห้วยแก_M6_U6,32,พรรคครูไทยเพื่อประชาชน,1.0
KK10_ชนบท_ห้วยแก_M6_U6,34,พรรคสร้างอนาคตไทย,2.0
KK10_ชนบท_ห้วยแก_M6_U6,35,พรรครักชาติ,2.0
KK10_ชนบท_ห้วยแก_M6_U6,36,พรรคไทยพร้อม,1.0
KK10_ชนบท_ห้วยแก_M6_U6,37,พรรคภูมิใจไทย,60.0
KK10_ชนบท_ห้วยแก_M6_U6,38,พรรคพลังธรรมใหม่,4.0
KK10_ชนบท_ห้วยแก_M6_U6,46,พรรคประชาชน,53.0
KK10_ชนบท_ห้วยแก_M7_U7,1,พรรคไทยทรัพย์ทวี,9.0
KK10_ชนบท_ห้วยแก_M7_U7,2,พรรคเพื่อชาติไทย,1.0
KK10_ชนบท_ห้วยแก_M7_U7,3,พรรคใหม่,1.0
KK10_ชนบท_ห้วยแก_M7_U7,5,พรรครวมใจไทย,3.0
KK10_ชนบท_ห้วยแก_M7_U7,9,พรรคเพื่อไทย,137.0
KK10_ชนบท_ห้วยแก_M7_U7,11,พรรคเศรษฐกิจ,2.0
KK10_ชนบท_ห้วยแก_M7_U7,12,พรรคเสรีรวมไทย,2.0
KK10_ชนบท_ห้วยแก_M7_U7,27,พรรคประชาธิปัตย์,2.0
KK10_ชนบท_ห้วยแก_M7_U7,37,พรรคภูมิใจไทย,9.0
KK10_ชนบท_ห้วยแก_M7_U7,38,พรรคพลังธรรมใหม่,1.0
KK10_ชนบท_ห้วยแก_M7_U7,43,พรรคพลังประชารัฐ,1.0
KK10_ชนบท_ห้วยแก_M7_U7,46,พรรคประชาชน,24.0
KK10_ชนบท_ห้วยแก_M8_U8,1,พรรคไทยทรัพย์ทวี,13.0
KK10_ชนบท_ห้วยแก_M8_U8,2,พรรคเพื่อชาติไทย,13.0
KK10_ชนบท_ห้วยแก_M8_U8,3,พรรคใหม่,1.0
KK10_ชนบท_ห้วยแก_M8_U8,5,พรรครวมใจไทย,24.0
KK10_ชนบท_ห้วยแก_M8_U8,6,พรรครวมไทยสร้างชาติ,7.0
KK10_ชนบท_ห้วยแก_M8_U8,9,พรรคเพื่อไทย,114.0
KK10_ชนบท_ห้วยแก_M8_U8,10,พรรคทางเลือกใหม่,4.0
KK10_ชนบท_ห้วยแก_M8_U8,11,พรรคเศรษฐกิจ,44.0
KK10_ชนบท_ห้วยแก_M8_U8,12,พรรคเสรีรวมไทย,1.0
KK10_ชนบท_ห้วยแก_M8_U8,16,พรรคพลังเพื่อไทย,1.0
KK10_ชนบท_ห้วยแก_M8_U8,19,พรรคสังคมประชาธิปไตยไทย,1.0
KK10_ชนบท_ห้วยแก_M8_U8,28,พรรคไทยก้าวหน้า,1.0
KK10_ชนบท_ห้วยแก_M8_U8,29,พรรคไทยภักดี,1.0
KK10_ชนบท_ห้วยแก_M8_U8,30,พรรคแรงงานสร้างชาติ,1.0
KK10_ชนบท_ห้วยแก_M8_U8,31,พรรคประชากรไทย,1.0
KK10_ชนบท_ห้วยแก_M8_U8,32,พรรคครูไทยเพื่อประชาชน,1.0
KK10_ชนบท_ห้วยแก_M8_U8,34,พรรคสร้างอนาคตไทย,3.0
KK10_ชนบท_ห้วยแก_M8_U8,35,พรรครักชาติ,2.0
KK10_ชนบท_ห้วยแก_M8_U8,37,พรรคภูมิใจไทย,52.0
KK10_ชนบท_ห้วยแก_M8_U8,38,พรรคพลังธรรมใหม่,6.0
KK10_ชนบท_ห้วยแก_M8_U8,39,พรรคกรีน,1.0
KK10_ชนบท_ห้วยแก_M8_U8,46,พรรคประชาชน,11.0
KK10_ชนบท_ห้วยแก_M8_U8,48,พรรคไทยสร้างไทย,1.0
KK10_ชนบท_ห้วยแก_M8_U8,57,พรรคพลังไทยรักชาติ,1.0
KK10_ชนบท_ห้วยแก_M9_U9,1,พรรคไทยทรัพย์ทวี,7.0
KK10_ชนบท_ห้วยแก_M9_U9,2,พรรคเพื่อชาติไทย,3.0
KK10_ชนบท_ห้วยแก_M9_U9,5,พรรครวมใจไทย,11.0
KK10_ชนบท_ห้วยแก_M9_U9,9,พรรคเพื่อไทย,74.0
KK10_ชนบท_ห้วยแก_M9_U9,10,พรรคทางเลือกใหม่,2.0
KK10_ชนบท_ห้วยแก_M9_U9,11,พรรคเศรษฐกิจ,1.0
KK10_ชนบท_ห้วยแก_M9_U9,12,พรรคเสรีรวมไทย,1.0
KK10_ชนบท_ห้วยแก_M9_U9,13,พรรครวมพลังประชาชน,1.0
KK10_ชนบท_ห้วยแก_M9_U9,23,พรรคปวงชนไทย,1.0
KK10_ชนบท_ห้วยแก_M9_U9,27,พรรคประชาธิปัตย์,3.0
KK10_ชนบท_ห้วยแก_M9_U9,29,พรรคไทยภักดี,1.0
KK10_ชนบท_ห้วยแก_M9_U9,31,พรรคประชากรไทย,1.0
KK10_ชนบท_ห้วยแก_M9_U9,37,พรรคภูมิใจไทย,49.0
KK10_ชนบท_ห้วยแก_M9_U9,46,พรรคประชาชน,16.0
KK10_ชนบท_ห้วยแก_M9_U9,47,พรรคประชาไทย,1.0
KK10_ชนบท_ห้วยแก_M9_U9,49,พรรคไทยก้าวใหม่,1.0
