Unit_ID,Candidate_Number,Candidate_Name,Score
KK10_CONST_โนนศิลา_บ้านหัน_M12_U10,1,นายวันนิวัติ สมบูรณ์,75
KK10_CONST_โนนศิลา_บ้านหัน_M12_U10,2,ร.ต.ท.สงวน คมขาว,5
KK10_CONST_โนนศิลา_บ้านหัน_M12_U10,3,นายนิวัตร สระพรม,24
KK10_CONST_โนนศิลา_บ้านหัน_M12_U10,4,นายวิระศักดิ์ สายทอง,3
KK10_CONST_โนนศิลา_บ้านหัน_M12_U10,5,นายพชรกร อรรณนพพร,189
KK10_CONST_โนนศิลา_บ้านหัน_M12_U10,6,นายประยูร เทียมทะนง,0
KK10_CONST_โนนศิลา_บ้านหัน_M13_U11,1,นายวันนิวัติ สมบูรณ์,59
KK10_CONST_โนนศิลา_บ้านหัน_M13_U11,2,ร.ต.ท.สงวน คมขาว,1
KK10_CONST_โนนศิลา_บ้านหัน_M13_U11,3,นายนิวัตร สระพรม,6
KK10_CONST_โนนศิลา_บ้านหัน_M13_U11,4,นายวิระศักดิ์ สายทอง,1
KK10_CONST_โนนศิลา_บ้านหัน_M13_U11,5,นายพชรกร อรรณนพพร,39
KK10_CONST_โนนศิลา_บ้านหัน_M13_U11,6,นายประยูร เทียมทะนง,0
KK10_CONST_โนนศิลา_บ้านหัน_M14_U12,1,นายวันนิวัติ สมบูรณ์,27
KK10_CONST_โนนศิลา_บ้านหัน_M14_U12,2,ร.ต.ท.สงวน คมขาว,0
KK10_CONST_โนนศิลา_บ้านหัน_M14_U12,3,นายนิวัตร สระพรม,11
KK10_CONST_โนนศิลา_บ้านหัน_M14_U12,4,นายวิระศักดิ์ สายทอง,1
KK10_CONST_โนนศิลา_บ้านหัน_M14_U12,5,นายพชรกร อรรณนพพร,77
KK10_CONST_โนนศิลา_บ้านหัน_M14_U12,6,นายประยูร เทียมทะนง,1
KK10_CONST_โนนศิลา_บ้านหัน_M15_U13,1,นายวันนิวัติ สมบูรณ์,84
KK10_CONST_โนนศิลา_บ้านหัน_M15_U13,2,ร.ต.ท.สงวน คมขาว,4
KK10_CONST_โนนศิลา_บ้านหัน_M15_U13,3,นายนิวัตร สระพรม,15
KK10_CONST_โนนศิลา_บ้านหัน_M15_U13,4,นายวิระศักดิ์ สายทอง,1
KK10_CONST_โนนศิลา_บ้านหัน_M15_U13,5,นายพชรกร อรรณนพพร,51
KK10_CONST_โนนศิลา_บ้านหัน_M15_U13,6,นายประยูร เทียมทะนง,0
KK10_CONST_โนนศิลา_บ้านหัน_M16_U14,1,นายวันนิวัติ สมบูรณ์,101
KK10_CONST_โนนศิลา_บ้านหัน_M16_U14,2,ร.ต.ท.สงวน คมขาว,3
KK10_CONST_โนนศิลา_บ้านหัน_M16_U14,3,นายนิวัตร สระพรม,27
KK10_CONST_โนนศิลา_บ้านหัน_M16_U14,4,นายวิระศักดิ์ สายทอง,0
KK10_CONST_โนนศิลา_บ้านหัน_M16_U14,5,นายพชรกร อรรณนพพร,131
KK10_CONST_โนนศิลา_บ้านหัน_M16_U14,6,นายประยูร เทียมทะนง,0
KK10_CONST_โนนศิลา_บ้านหัน_M3_U1,1,นายวันนิวัติ สมบูรณ์,99
KK10_CONST_โนนศิลา_บ้านหัน_M3_U1,2,ร.ต.ท.สงวน คมขาว,1
KK10_CONST_โนนศิลา_บ้านหัน_M3_U1,3,นายนิวัตร สระพรม,28
KK10_CONST_โนนศิลา_บ้านหัน_M3_U1,4,นายวิระศักดิ์ สายทอง,0
KK10_CONST_โนนศิลา_บ้านหัน_M3_U1,5,นายพชรกร อรรณนพพร,100
KK10_CONST_โนนศิลา_บ้านหัน_M3_U1,6,นายประยูร เทียมทะนง,0
KK10_CONST_โนนศิลา_บ้านหัน_M4_U2,1,นายวันนิวัติ สมบูรณ์,106
KK10_CONST_โนนศิลา_บ้านหัน_M4_U2,2,ร.ต.ท.สงวน คมขาว,0
KK10_CONST_โนนศิลา_บ้านหัน_M4_U2,3,นายนิวัตร สระพรม,17
KK10_CONST_โนนศิลา_บ้านหัน_M4_U2,4,นายวิระศักดิ์ สายทอง,0
KK10_CONST_โนนศิลา_บ้านหัน_M4_U2,5,นายพชรกร อรรณนพพร,173
KK10_CONST_โนนศิลา_บ้านหัน_M4_U2,6,นายประยูร เทียมทะนง,2
KK10_CONST_โนนศิลา_บ้านหัน_M5_U3,1,นายวันนิวัติ สมบูรณ์,167
KK10_CONST_โนนศิลา_บ้านหัน_M5_U3,2,ร.ต.ท.สงวน คมขาว,5
KK10_CONST_โนนศิลา_บ้านหัน_M5_U3,3,นายนิวัตร สระพรม,40
KK10_CONST_โนนศิลา_บ้านหัน_M5_U3,4,นายวิระศักดิ์ สายทอง,3
KK10_CONST_โนนศิลา_บ้านหัน_M5_U3,5,นายพชรกร อรรณนพพร,338
KK10_CONST_โนนศิลา_บ้านหัน_M5_U3,6,นายประยูร เทียมทะนง,0
KK10_CONST_โนนศิลา_บ้านหัน_M6_U4,1,นายวันนิวัติ สมบูรณ์,195
KK10_CONST_โนนศิลา_บ้านหัน_M6_U4,2,ร.ต.ท.สงวน คมขาว,5
KK10_CONST_โนนศิลา_บ้านหัน_M6_U4,3,นายนิวัตร สระพรม,41
KK10_CONST_โนนศิลา_บ้านหัน_M6_U4,4,นายวิระศักดิ์ สายทอง,2
KK10_CONST_โนนศิลา_บ้านหัน_M6_U4,5,นายพชรกร อรรณนพพร,304
KK10_CONST_โนนศิลา_บ้านหัน_M6_U4,6,นายประยูร เทียมทะนง,0
KK10_CONST_โนนศิลา_บ้านหัน_M7_U5,1,นายวันนิวัติ สมบูรณ์,72
KK10_CONST_โนนศิลา_บ้านหัน_M7_U5,2,ร.ต.ท.สงวน คมขาว,1
KK10_CONST_โนนศิลา_บ้านหัน_M7_U5,3,นายนิวัตร สระพรม,11
KK10_CONST_โนนศิลา_บ้านหัน_M7_U5,4,นายวิระศักดิ์ สายทอง,2
KK10_CONST_โนนศิลา_บ้านหัน_M7_U5,5,นายพชรกร อรรณนพพร,120
KK10_CONST_โนนศิลา_บ้านหัน_M7_U5,6,นายประยูร เทียมทะนง,3
KK10_CONST_โนนศิลา_บ้านหัน_M8_U6,1,นายวันนิวัติ สมบูรณ์,156
KK10_CONST_โนนศิลา_บ้านหัน_M8_U6,2,ร.ต.ท.สงวน คมขาว,4
KK10_CONST_โนนศิลา_บ้านหัน_M8_U6,3,นายนิวัตร สระพรม,19
KK10_CONST_โนนศิลา_บ้านหัน_M8_U6,4,นายวิระศักดิ์ สายทอง,0
KK10_CONST_โนนศิลา_บ้านหัน_M8_U6,5,นายพชรกร อรรณนพพร,124
KK10_CONST_โนนศิลา_บ้านหัน_M8_U6,6,นายประยูร เทียมทะนง,0
KK10_CONST_โนนศิลา_บ้านหัน_M9_U7,1,นายวันนิวัติ สมบูรณ์,91
KK10_CONST_โนนศิลา_บ้านหัน_M9_U7,2,ร.ต.ท.สงวน คมขาว,1
KK10_CONST_โนนศิลา_บ้านหัน_M9_U7,3,นายนิวัตร สระพรม,27
KK10_CONST_โนนศิลา_บ้านหัน_M9_U7,4,นายวิระศักดิ์ สายทอง,3
KK10_CONST_โนนศิลา_บ้านหัน_M9_U7,5,นายพชรกร อรรณนพพร,177
KK10_CONST_โนนศิลา_บ้านหัน_M9_U7,6,นายประยูร เทียมทะนง,1
KK10_CONST_โนนศิลา_บ้านหัน_M10_U8,1,นายวันนิวัติ สมบูรณ์,74
KK10_CONST_โนนศิลา_บ้านหัน_M10_U8,2,ร.ต.ท.สงวน คมขาว,0
KK10_CONST_โนนศิลา_บ้านหัน_M10_U8,3,นายนิวัตร สระพรม,12
KK10_CONST_โนนศิลา_บ้านหัน_M10_U8,4,นายวิระศักดิ์ สายทอง,0
KK10_CONST_โนนศิลา_บ้านหัน_M10_U8,5,นายพชรกร อรรณนพพร,179
KK10_CONST_โนนศิลา_บ้านหัน_M10_U8,6,นายประยูร เทียมทะนง,1
KK10_CONST_โนนศิลา_บ้านหัน_M11_U9,1,นายวันนิวัติ สมบูรณ์,195
KK10_CONST_โนนศิลา_บ้านหัน_M11_U9,2,ร.ต.ท.สงวน คมขาว,4
KK10_CONST_โนนศิลา_บ้านหัน_M11_U9,3,นายนิวัตร สระพรม,44
KK10_CONST_โนนศิลา_บ้านหัน_M11_U9,4,นายวิระศักดิ์ สายทอง,1
KK10_CONST_โนนศิลา_บ้านหัน_M11_U9,5,นายพชรกร อรรณนพพร,177
KK10_CONST_โนนศิลา_บ้านหัน_M11_U9,6,นายประยูร เทียมทะนง,1
KK10_CONST_โนนศิลา_หนองปลาหมอ_M1_U1,1,นายวันนิวัติ สมบูรณ์,95
KK10_CONST_โนนศิลา_หนองปลาหมอ_M1_U1,2,ร.ต.ท.สงวน คมขาว,0
KK10_CONST_โนนศิลา_หนองปลาหมอ_M1_U1,3,นายนิวัตร สระพรม,15
KK10_CONST_โนนศิลา_หนองปลาหมอ_M1_U1,4,นายวิระศักดิ์ สายทอง,5
KK10_CONST_โนนศิลา_หนองปลาหมอ_M1_U1,5,นายพชรกร อรรณนพพร,141
KK10_CONST_โนนศิลา_หนองปลาหมอ_M1_U1,6,นายประยูร เทียมทะนง,1
KK10_CONST_โนนศิลา_หนองปลาหมอ_M2_U2,1,นายวันนิวัติ สมบูรณ์,72
KK10_CONST_โนนศิลา_หนองปลาหมอ_M2_U2,2,ร.ต.ท.สงวน คมขาว,1
KK10_CONST_โนนศิลา_หนองปลาหมอ_M2_U2,3,นายนิวัตร สระพรม,16
KK10_CONST_โนนศิลา_หนองปลาหมอ_M2_U2,4,นายวิระศักดิ์ สายทอง,0
KK10_CONST_โนนศิลา_หนองปลาหมอ_M2_U2,5,นายพชรกร อรรณนพพร,55
KK10_CONST_โนนศิลา_หนองปลาหมอ_M2_U2,6,นายประยูร เทียมทะนง,1
KK10_CONST_โนนศิลา_หนองปลาหมอ_M3_U3,1,นายวันนิวัติ สมบูรณ์,108
KK10_CONST_โนนศิลา_หนองปลาหมอ_M3_U3,2,ร.ต.ท.สงวน คมขาว,1
KK10_CONST_โนนศิลา_หนองปลาหมอ_M3_U3,3,นายนิวัตร สระพรม,15
KK10_CONST_โนนศิลา_หนองปลาหมอ_M3_U3,4,นายวิระศักดิ์ สายทอง,4
KK10_CONST_โนนศิลา_หนองปลาหมอ_M3_U3,5,นายพชรกร อรรณนพพร,114
KK10_CONST_โนนศิลา_หนองปลาหมอ_M3_U3,6,นายประยูร เทียมทะนง,0
KK10_CONST_โนนศิลา_หนองปลาหมอ_M4_U4,1,นายวันนิวัติ สมบูรณ์,87
KK10_CONST_โนนศิลา_หนองปลาหมอ_M4_U4,2,ร.ต.ท.สงวน คมขาว,0
KK10_CONST_โนนศิลา_หนองปลาหมอ_M4_U4,3,นายนิวัตร สระพรม,45
KK10_CONST_โนนศิลา_หนองปลาหมอ_M4_U4,4,นายวิระศักดิ์ สายทอง,2
KK10_CONST_โนนศิลา_หนองปลาหมอ_M4_U4,5,นายพชรกร อรรณนพพร,69
KK10_CONST_โนนศิลา_หนองปลาหมอ_M4_U4,6,นายประยูร เทียมทะนง,2
KK10_CONST_โนนศิลา_หนองปลาหมอ_M5_U5,1,นายวันนิวัติ สมบูรณ์,106
KK10_CONST_โนนศิลา_หนองปลาหมอ_M5_U5,2,ร.ต.ท.สงวน คมขาว,4
KK10_CONST_โนนศิลา_หนองปลาหมอ_M5_U5,3,นายนิวัตร สระพรม,26
KK10_CONST_โนนศิลา_หนองปลาหมอ_M5_U5,4,นายวิระศักดิ์ สายทอง,6
KK10_CONST_โนนศิลา_หนองปลาหมอ_M5_U5,5,นายพชรกร อรรณนพพร,215
KK10_CONST_โนนศิลา_หนองปลาหมอ_M5_U5,6,นายประยูร เทียมทะนง,0
KK10_CONST_โนนศิลา_หนองปลาหมอ_M6_U6,1,นายวันนิวัติ สมบูรณ์,129
KK10_CONST_โนนศิลา_หนองปลาหมอ_M6_U6,2,ร.ต.ท.สงวน คมขาว,0
KK10_CONST_โนนศิลา_หนองปลาหมอ_M6_U6,3,นายนิวัตร สระพรม,33
KK10_CONST_โนนศิลา_หนองปลาหมอ_M6_U6,4,นายวิระศักดิ์ สายทอง,4
KK10_CONST_โนนศิลา_หนองปลาหมอ_M6_U6,5,นายพชรกร อรรณนพพร,159
KK10_CONST_โนนศิลา_หนองปลาหมอ_M6_U6,6,นายประยูร เทียมทะนง,0
KK10_CONST_โนนศิลา_หนองปลาหมอ_M7_U7,1,นายวันนิวัติ สมบูรณ์,118
KK10_CONST_โนนศิลา_หนองปลาหมอ_M7_U7,2,ร.ต.ท.สงวน คมขาว,1
KK10_CONST_โนนศิลา_หนองปลาหมอ_M7_U7,3,นายนิวัตร สระพรม,29
KK10_CONST_โนนศิลา_หนองปลาหมอ_M7_U7,4,นายวิระศักดิ์ สายทอง,2
KK10_CONST_โนนศิลา_หนองปลาหมอ_M7_U7,5,นายพชรกร อรรณนพพร,97
KK10_CONST_โนนศิลา_หนองปลาหมอ_M7_U7,6,นายประยูร เทียมทะนง,0
KK10_CONST_โนนศิลา_หนองปลาหมอ_M8_U8,1,นายวันนิวัติ สมบูรณ์,139
KK10_CONST_โนนศิลา_หนองปลาหมอ_M8_U8,2,ร.ต.ท.สงวน คมขาว,1
KK10_CONST_โนนศิลา_หนองปลาหมอ_M8_U8,3,นายนิวัตร สระพรม,29
KK10_CONST_โนนศิลา_หนองปลาหมอ_M8_U8,4,นายวิระศักดิ์ สายทอง,4
KK10_CONST_โนนศิลา_หนองปลาหมอ_M8_U8,5,นายพชรกร อรรณนพพร,122
KK10_CONST_โนนศิลา_หนองปลาหมอ_M8_U8,6,นายประยูร เทียมทะนง,1
KK10_CONST_โนนศิลา_เปือยใหญ่_M1_U1,1,นายวันนิวัติ สมบูรณ์,85
KK10_CONST_โนนศิลา_เปือยใหญ่_M1_U1,2,ร.ต.ท.สงวน คมขาว,1
KK10_CONST_โนนศิลา_เปือยใหญ่_M1_U1,3,นายนิวัตร สระพรม,22
KK10_CONST_โนนศิลา_เปือยใหญ่_M1_U1,4,นายวิระศักดิ์ สายทอง,16
KK10_CONST_โนนศิลา_เปือยใหญ่_M1_U1,5,นายพชรกร อรรณนพพร,162
KK10_CONST_โนนศิลา_เปือยใหญ่_M1_U1,6,นายประยูร เทียมทะนง,0
KK10_CONST_โนนศิลา_เปือยใหญ่_M2_U2,1,นายวันนิวัติ สมบูรณ์,40
KK10_CONST_โนนศิลา_เปือยใหญ่_M2_U2,2,ร.ต.ท.สงวน คมขาว,0
KK10_CONST_โนนศิลา_เปือยใหญ่_M2_U2,3,นายนิวัตร สระพรม,9
KK10_CONST_โนนศิลา_เปือยใหญ่_M2_U2,4,นายวิระศักดิ์ สายทอง,13
KK10_CONST_โนนศิลา_เปือยใหญ่_M2_U2,5,นายพชรกร อรรณนพพร,133
KK10_CONST_โนนศิลา_เปือยใหญ่_M2_U2,6,นายประยูร เทียมทะนง,0
KK10_CONST_โนนศิลา_เปือยใหญ่_M3_U3,1,นายวันนิวัติ สมบูรณ์,37
KK10_CONST_โนนศิลา_เปือยใหญ่_M3_U3,2,ร.ต.ท.สงวน คมขาว,0
KK10_CONST_โนนศิลา_เปือยใหญ่_M3_U3,3,นายนิวัตร สระพรม,13
KK10_CONST_โนนศิลา_เปือยใหญ่_M3_U3,4,นายวิระศักดิ์ สายทอง,0
KK10_CONST_โนนศิลา_เปือยใหญ่_M3_U3,5,นายพชรกร อรรณนพพร,88
KK10_CONST_โนนศิลา_เปือยใหญ่_M3_U3,6,นายประยูร เทียมทะนง,1
KK10_CONST_โนนศิลา_เปือยใหญ่_M4_U4,1,นายวันนิวัติ สมบูรณ์,34
KK10_CONST_โนนศิลา_เปือยใหญ่_M4_U4,2,ร.ต.ท.สงวน คมขาว,1
KK10_CONST_โนนศิลา_เปือยใหญ่_M4_U4,3,นายนิวัตร สระพรม,4
KK10_CONST_โนนศิลา_เปือยใหญ่_M4_U4,4,นายวิระศักดิ์ สายทอง,0
KK10_CONST_โนนศิลา_เปือยใหญ่_M4_U4,5,นายพชรกร อรรณนพพร,37
KK10_CONST_โนนศิลา_เปือยใหญ่_M4_U4,6,นายประยูร เทียมทะนง,0
KK10_CONST_โนนศิลา_เปือยใหญ่_M5_U5,1,นายวันนิวัติ สมบูรณ์,111
KK10_CONST_โนนศิลา_เปือยใหญ่_M5_U5,2,ร.ต.ท.สงวน คมขาว,2
KK10_CONST_โนนศิลา_เปือยใหญ่_M5_U5,3,นายนิวัตร สระพรม,30
KK10_CONST_โนนศิลา_เปือยใหญ่_M5_U5,4,นายวิระศักดิ์ สายทอง,7
KK10_CONST_โนนศิลา_เปือยใหญ่_M5_U5,5,นายพชรกร อรรณนพพร,169
KK10_CONST_โนนศิลา_เปือยใหญ่_M5_U5,6,นายประยูร เทียมทะนง,3
KK10_CONST_โนนศิลา_เปือยใหญ่_M6_U6,1,นายวันนิวัติ สมบูรณ์,127
KK10_CONST_โนนศิลา_เปือยใหญ่_M6_U6,2,ร.ต.ท.สงวน คมขาว,1
KK10_CONST_โนนศิลา_เปือยใหญ่_M6_U6,3,นายนิวัตร สระพรม,27
KK10_CONST_โนนศิลา_เปือยใหญ่_M6_U6,4,นายวิระศักดิ์ สายทอง,3
KK10_CONST_โนนศิลา_เปือยใหญ่_M6_U6,5,นายพชรกร อรรณนพพร,110
KK10_CONST_โนนศิลา_เปือยใหญ่_M6_U6,6,นายประยูร เทียมทะนง,1
KK10_CONST_โนนศิลา_เปือยใหญ่_M7_U7,1,นายวันนิวัติ สมบูรณ์,50
KK10_CONST_โนนศิลา_เปือยใหญ่_M7_U7,2,ร.ต.ท.สงวน คมขาว,1
KK10_CONST_โนนศิลา_เปือยใหญ่_M7_U7,3,นายนิวัตร สระพรม,6
KK10_CONST_โนนศิลา_เปือยใหญ่_M7_U7,4,นายวิระศักดิ์ สายทอง,2
KK10_CONST_โนนศิลา_เปือยใหญ่_M7_U7,5,นายพชรกร อรรณนพพร,98
KK10_CONST_โนนศิลา_เปือยใหญ่_M7_U7,6,นายประยูร เทียมทะนง,1
KK10_CONST_โนนศิลา_เปือยใหญ่_M8_U8,1,นายวันนิวัติ สมบูรณ์,55
KK10_CONST_โนนศิลา_เปือยใหญ่_M8_U8,2,ร.ต.ท.สงวน คมขาว,0
KK10_CONST_โนนศิลา_เปือยใหญ่_M8_U8,3,นายนิวัตร สระพรม,12
KK10_CONST_โนนศิลา_เปือยใหญ่_M8_U8,4,นายวิระศักดิ์ สายทอง,4
KK10_CONST_โนนศิลา_เปือยใหญ่_M8_U8,5,นายพชรกร อรรณนพพร,81
KK10_CONST_โนนศิลา_เปือยใหญ่_M8_U8,6,นายประยูร เทียมทะนง,0
KK10_CONST_โนนศิลา_โนนศิลา_M1_U1,1,นายวันนิวัติ สมบูรณ์,100
KK10_CONST_โนนศิลา_โนนศิลา_M1_U1,2,ร.ต.ท.สงวน คมขาว,0
KK10_CONST_โนนศิลา_โนนศิลา_M1_U1,3,นายนิวัตร สระพรม,35
KK10_CONST_โนนศิลา_โนนศิลา_M1_U1,4,นายวิระศักดิ์ สายทอง,2
KK10_CONST_โนนศิลา_โนนศิลา_M1_U1,5,นายพชรกร อรรณนพพร,178
KK10_CONST_โนนศิลา_โนนศิลา_M1_U1,6,นายประยูร เทียมทะนง,1
KK10_CONST_โนนศิลา_โนนศิลา_M2_U1,1,นายวันนิวัติ สมบูรณ์,52
KK10_CONST_โนนศิลา_โนนศิลา_M2_U1,2,ร.ต.ท.สงวน คมขาว,1
KK10_CONST_โนนศิลา_โนนศิลา_M2_U1,3,นายนิวัตร สระพรม,33
KK10_CONST_โนนศิลา_โนนศิลา_M2_U1,4,นายวิระศักดิ์ สายทอง,1
KK10_CONST_โนนศิลา_โนนศิลา_M2_U1,5,นายพชรกร อรรณนพพร,86
KK10_CONST_โนนศิลา_โนนศิลา_M2_U1,6,นายประยูร เทียมทะนง,1
KK10_CONST_โนนศิลา_ทต.โนนศิลา_M2_U2,1,นายวันนิวัติ สมบูรณ์,193
KK10_CONST_โนนศิลา_ทต.โนนศิลา_M2_U2,2,ร.ต.ท.สงวน คมขาว,0
KK10_CONST_โนนศิลา_ทต.โนนศิลา_M2_U2,3,นายนิวัตร สระพรม,41
KK10_CONST_โนนศิลา_ทต.โนนศิลา_M2_U2,4,นายวิระศักดิ์ สายทอง,1
KK10_CONST_โนนศิลา_ทต.โนนศิลา_M2_U2,5,นายพชรกร อรรณนพพร,171
KK10_CONST_โนนศิลา_ทต.โนนศิลา_M2_U2,6,นายประยูร เทียมทะนง,0
KK10_CONST_โนนศิลา_โนนศิลา_M6_U2,1,นายวันนิวัติ สมบูรณ์,56
KK10_CONST_โนนศิลา_โนนศิลา_M6_U2,2,ร.ต.ท.สงวน คมขาว,2
KK10_CONST_โนนศิลา_โนนศิลา_M6_U2,3,นายนิวัตร สระพรม,30
KK10_CONST_โนนศิลา_โนนศิลา_M6_U2,4,นายวิระศักดิ์ สายทอง,1
KK10_CONST_โนนศิลา_โนนศิลา_M6_U2,5,นายพชรกร อรรณนพพร,122
KK10_CONST_โนนศิลา_โนนศิลา_M6_U2,6,นายประยูร เทียมทะนง,0
KK10_CONST_โนนศิลา_โนนศิลา_M1_U3,1,นายวันนิวัติ สมบูรณ์,142
KK10_CONST_โนนศิลา_โนนศิลา_M1_U3,2,ร.ต.ท.สงวน คมขาว,0
KK10_CONST_โนนศิลา_โนนศิลา_M1_U3,3,นายนิวัตร สระพรม,25
KK10_CONST_โนนศิลา_โนนศิลา_M1_U3,4,นายวิระศักดิ์ สายทอง,2
KK10_CONST_โนนศิลา_โนนศิลา_M1_U3,5,นายพชรกร อรรณนพพร,94
KK10_CONST_โนนศิลา_โนนศิลา_M1_U3,6,นายประยูร เทียมทะนง,1
KK10_CONST_โนนศิลา_โนนศิลา_M3_U3,1,นายวันนิวัติ สมบูรณ์,49
KK10_CONST_โนนศิลา_โนนศิลา_M3_U3,2,ร.ต.ท.สงวน คมขาว,0
KK10_CONST_โนนศิลา_โนนศิลา_M3_U3,3,นายนิวัตร สระพรม,12
KK10_CONST_โนนศิลา_โนนศิลา_M3_U3,4,นายวิระศักดิ์ สายทอง,0
KK10_CONST_โนนศิลา_โนนศิลา_M3_U3,5,นายพชรกร อรรณนพพร,107
KK10_CONST_โนนศิลา_โนนศิลา_M3_U3,6,นายประยูร เทียมทะนง,1
KK10_CONST_โนนศิลา_โนนศิลา_M4_U4,1,นายวันนิวัติ สมบูรณ์,145
KK10_CONST_โนนศิลา_โนนศิลา_M4_U4,2,ร.ต.ท.สงวน คมขาว,4
KK10_CONST_โนนศิลา_โนนศิลา_M4_U4,3,นายนิวัตร สระพรม,59
KK10_CONST_โนนศิลา_โนนศิลา_M4_U4,4,นายวิระศักดิ์ สายทอง,4
KK10_CONST_โนนศิลา_โนนศิลา_M4_U4,5,นายพชรกร อรรณนพพร,241
KK10_CONST_โนนศิลา_โนนศิลา_M4_U4,6,นายประยูร เทียมทะนง,1
KK10_CONST_โนนศิลา_โนนศิลา_M5_U5,1,นายวันนิวัติ สมบูรณ์,77
KK10_CONST_โนนศิลา_โนนศิลา_M5_U5,2,ร.ต.ท.สงวน คมขาว,3
KK10_CONST_โนนศิลา_โนนศิลา_M5_U5,3,นายนิวัตร สระพรม,46
KK10_CONST_โนนศิลา_โนนศิลา_M5_U5,4,นายวิระศักดิ์ สายทอง,1
KK10_CONST_โนนศิลา_โนนศิลา_M5_U5,5,นายพชรกร อรรณนพพร,237
KK10_CONST_โนนศิลา_โนนศิลา_M5_U5,6,นายประยูร เทียมทะนง,0
KK10_CONST_โนนศิลา_โนนศิลา_M1_U6,1,นายวันนิวัติ สมบูรณ์,228
KK10_CONST_โนนศิลา_โนนศิลา_M1_U6,2,ร.ต.ท.สงวน คมขาว,6
KK10_CONST_โนนศิลา_โนนศิลา_M1_U6,3,นายนิวัตร สระพรม,46
KK10_CONST_โนนศิลา_โนนศิลา_M1_U6,4,นายวิระศักดิ์ สายทอง,4
KK10_CONST_โนนศิลา_โนนศิลา_M1_U6,5,นายพชรกร อรรณนพพร,279
KK10_CONST_โนนศิลา_โนนศิลา_M1_U6,6,นายประยูร เทียมทะนง,3
KK10_CONST_โนนศิลา_โนนศิลา_M2_U7,1,นายวันนิวัติ สมบูรณ์,63
KK10_CONST_โนนศิลา_โนนศิลา_M2_U7,2,ร.ต.ท.สงวน คมขาว,0
KK10_CONST_โนนศิลา_โนนศิลา_M2_U7,3,นายนิวัตร สระพรม,37
KK10_CONST_โนนศิลา_โนนศิลา_M2_U7,4,นายวิระศักดิ์ สายทอง,0
KK10_CONST_โนนศิลา_โนนศิลา_M2_U7,5,นายพชรกร อรรณนพพร,258
KK10_CONST_โนนศิลา_โนนศิลา_M2_U7,6,นายประยูร เทียมทะนง,1
KK10_CONST_โนนศิลา_โนนศิลา_M2_U8,1,นายวันนิวัติ สมบูรณ์,99
KK10_CONST_โนนศิลา_โนนศิลา_M2_U8,2,ร.ต.ท.สงวน คมขาว,1
KK10_CONST_โนนศิลา_โนนศิลา_M2_U8,3,นายนิวัตร สระพรม,40
KK10_CONST_โนนศิลา_โนนศิลา_M2_U8,4,นายวิระศักดิ์ สายทอง,2
KK10_CONST_โนนศิลา_โนนศิลา_M2_U8,5,นายพชรกร อรรณนพพร,218
KK10_CONST_โนนศิลา_โนนศิลา_M2_U8,6,นายประยูร เทียมทะนง,1
KK10_CONST_โนนศิลา_โนนแดง_M1_U1,1,นายวันนิวัติ สมบูรณ์,100
KK10_CONST_โนนศิลา_โนนแดง_M1_U1,2,ร.ต.ท.สงวน คมขาว,0
KK10_CONST_โนนศิลา_โนนแดง_M1_U1,3,นายนิวัตร สระพรม,23
KK10_CONST_โนนศิลา_โนนแดง_M1_U1,4,นายวิระศักดิ์ สายทอง,1
KK10_CONST_โนนศิลา_โนนแดง_M1_U1,5,นายพชรกร อรรณนพพร,118
KK10_CONST_โนนศิลา_โนนแดง_M1_U1,6,นายประยูร เทียมทะนง,1
KK10_CONST_โนนศิลา_โนนแดง_M2_U2,1,นายวันนิวัติ สมบูรณ์,106
KK10_CONST_โนนศิลา_โนนแดง_M2_U2,2,ร.ต.ท.สงวน คมขาว,2
KK10_CONST_โนนศิลา_โนนแดง_M2_U2,3,นายนิวัตร สระพรม,18
KK10_CONST_โนนศิลา_โนนแดง_M2_U2,4,นายวิระศักดิ์ สายทอง,1
KK10_CONST_โนนศิลา_โนนแดง_M2_U2,5,นายพชรกร อรรณนพพร,114
KK10_CONST_โนนศิลา_โนนแดง_M2_U2,6,นายประยูร เทียมทะนง,0
KK10_CONST_โนนศิลา_โนนแดง_M3_U3,1,นายวันนิวัติ สมบูรณ์,127
KK10_CONST_โนนศิลา_โนนแดง_M3_U3,2,ร.ต.ท.สงวน คมขาว,1
KK10_CONST_โนนศิลา_โนนแดง_M3_U3,3,นายนิวัตร สระพรม,25
KK10_CONST_โนนศิลา_โนนแดง_M3_U3,4,นายวิระศักดิ์ สายทอง,1
KK10_CONST_โนนศิลา_โนนแดง_M3_U3,5,นายพชรกร อรรณนพพร,130
KK10_CONST_โนนศิลา_โนนแดง_M3_U3,6,นายประยูร เทียมทะนง,1
KK10_CONST_โนนศิลา_โนนแดง_M4_U4,1,นายวันนิวัติ สมบูรณ์,132
KK10_CONST_โนนศิลา_โนนแดง_M4_U4,2,ร.ต.ท.สงวน คมขาว,3
KK10_CONST_โนนศิลา_โนนแดง_M4_U4,3,นายนิวัตร สระพรม,33
KK10_CONST_โนนศิลา_โนนแดง_M4_U4,4,นายวิระศักดิ์ สายทอง,1
KK10_CONST_โนนศิลา_โนนแดง_M4_U4,5,นายพชรกร อรรณนพพร,109
KK10_CONST_โนนศิลา_โนนแดง_M4_U4,6,นายประยูร เทียมทะนง,1
KK10_CONST_โนนศิลา_โนนแดง_M5_U5,1,นายวันนิวัติ สมบูรณ์,103
KK10_CONST_โนนศิลา_โนนแดง_M5_U5,2,ร.ต.ท.สงวน คมขาว,2
KK10_CONST_โนนศิลา_โนนแดง_M5_U5,3,นายนิวัตร สระพรม,29
KK10_CONST_โนนศิลา_โนนแดง_M5_U5,4,นายวิระศักดิ์ สายทอง,2
KK10_CONST_โนนศิลา_โนนแดง_M5_U5,5,นายพชรกร อรรณนพพร,129
KK10_CONST_โนนศิลา_โนนแดง_M5_U5,6,นายประยูร เทียมทะนง,2
KK10_CONST_โนนศิลา_โนนแดง_M6_U6,1,นายวันนิวัติ สมบูรณ์,106
KK10_CONST_โนนศิลา_โนนแดง_M6_U6,2,ร.ต.ท.สงวน คมขาว,2
KK10_CONST_โนนศิลา_โนนแดง_M6_U6,3,นายนิวัตร สระพรม,16
KK10_CONST_โนนศิลา_โนนแดง_M6_U6,4,นายวิระศักดิ์ สายทอง,1
KK10_CONST_โนนศิลา_โนนแดง_M6_U6,5,นายพชรกร อรรณนพพร,115
KK10_CONST_โนนศิลา_โนนแดง_M6_U6,6,นายประยูร เทียมทะนง,0
KK10_CONST_โนนศิลา_โนนแดง_M7_U7,1,นายวันนิวัติ สมบูรณ์,76
KK10_CONST_โนนศิลา_โนนแดง_M7_U7,2,ร.ต.ท.สงวน คมขาว,2
KK10_CONST_โนนศิลา_โนนแดง_M7_U7,3,นายนิวัตร สระพรม,26
KK10_CONST_โนนศิลา_โนนแดง_M7_U7,4,นายวิระศักดิ์ สายทอง,1
KK10_CONST_โนนศิลา_โนนแดง_M7_U7,5,นายพชรกร อรรณนพพร,178
KK10_CONST_โนนศิลา_โนนแดง_M7_U7,6,นายประยูร เทียมทะนง,2
KK10_CONST_โคกโพธิ์ไชย_ซับสมบูรณ์_M10_U10,1,นายวันนิวัติ สมบูรณ์,60
KK10_CONST_โคกโพธิ์ไชย_ซับสมบูรณ์_M10_U10,2,ร.ต.ท.สงวน คมขาว,1
KK10_CONST_โคกโพธิ์ไชย_ซับสมบูรณ์_M10_U10,3,นายนิวัตร สระพรม,20
KK10_CONST_โคกโพธิ์ไชย_ซับสมบูรณ์_M10_U10,4,นายวิระศักดิ์ สายทอง,0
KK10_CONST_โคกโพธิ์ไชย_ซับสมบูรณ์_M10_U10,5,นายพชรกร อรรณนพพร,77
KK10_CONST_โคกโพธิ์ไชย_ซับสมบูรณ์_M10_U10,6,นายประยูร เทียมทะนง,1
KK10_CONST_โคกโพธิ์ไชย_ซับสมบูรณ์_M11_U11,1,นายวันนิวัติ สมบูรณ์,137
KK10_CONST_โคกโพธิ์ไชย_ซับสมบูรณ์_M11_U11,2,ร.ต.ท.สงวน คมขาว,1
KK10_CONST_โคกโพธิ์ไชย_ซับสมบูรณ์_M11_U11,3,นายนิวัตร สระพรม,25
KK10_CONST_โคกโพธิ์ไชย_ซับสมบูรณ์_M11_U11,4,นายวิระศักดิ์ สายทอง,0
KK10_CONST_โคกโพธิ์ไชย_ซับสมบูรณ์_M11_U11,5,นายพชรกร อรรณนพพร,96
KK10_CONST_โคกโพธิ์ไชย_ซับสมบูรณ์_M11_U11,6,นายประยูร เทียมทะนง,0
KK10_CONST_โคกโพธิ์ไชย_ซับสมบูรณ์_M1_U1,1,นายวันนิวัติ สมบูรณ์,211
KK10_CONST_โคกโพธิ์ไชย_ซับสมบูรณ์_M1_U1,2,ร.ต.ท.สงวน คมขาว,1
KK10_CONST_โคกโพธิ์ไชย_ซับสมบูรณ์_M1_U1,3,นายนิวัตร สระพรม,22
KK10_CONST_โคกโพธิ์ไชย_ซับสมบูรณ์_M1_U1,4,นายวิระศักดิ์ สายทอง,1
KK10_CONST_โคกโพธิ์ไชย_ซับสมบูรณ์_M1_U1,5,นายพชรกร อรรณนพพร,93
KK10_CONST_โคกโพธิ์ไชย_ซับสมบูรณ์_M1_U1,6,นายประยูร เทียมทะนง,1
KK10_CONST_โคกโพธิ์ไชย_ซับสมบูรณ์_M2_U2,1,นายวันนิวัติ สมบูรณ์,157
KK10_CONST_โคกโพธิ์ไชย_ซับสมบูรณ์_M2_U2,2,ร.ต.ท.สงวน คมขาว,3
KK10_CONST_โคกโพธิ์ไชย_ซับสมบูรณ์_M2_U2,3,นายนิวัตร สระพรม,25
KK10_CONST_โคกโพธิ์ไชย_ซับสมบูรณ์_M2_U2,4,นายวิระศักดิ์ สายทอง,0
KK10_CONST_โคกโพธิ์ไชย_ซับสมบูรณ์_M2_U2,5,นายพชรกร อรรณนพพร,158
KK10_CONST_โคกโพธิ์ไชย_ซับสมบูรณ์_M2_U2,6,นายประยูร เทียมทะนง,0
KK10_CONST_โคกโพธิ์ไชย_ซับสมบูรณ์_M3_U3,1,นายวันนิวัติ สมบูรณ์,139
KK10_CONST_โคกโพธิ์ไชย_ซับสมบูรณ์_M3_U3,2,ร.ต.ท.สงวน คมขาว,2
KK10_CONST_โคกโพธิ์ไชย_ซับสมบูรณ์_M3_U3,3,นายนิวัตร สระพรม,37
KK10_CONST_โคกโพธิ์ไชย_ซับสมบูรณ์_M3_U3,4,นายวิระศักดิ์ สายทอง,1
KK10_CONST_โคกโพธิ์ไชย_ซับสมบูรณ์_M3_U3,5,นายพชรกร อรรณนพพร,188
KK10_CONST_โคกโพธิ์ไชย_ซับสมบูรณ์_M3_U3,6,นายประยูร เทียมทะนง,2
KK10_CONST_โคกโพธิ์ไชย_ซับสมบูรณ์_M4_U4,1,นายวันนิวัติ สมบูรณ์,140
KK10_CONST_โคกโพธิ์ไชย_ซับสมบูรณ์_M4_U4,2,ร.ต.ท.สงวน คมขาว,0
KK10_CONST_โคกโพธิ์ไชย_ซับสมบูรณ์_M4_U4,3,นายนิวัตร สระพรม,16
KK10_CONST_โคกโพธิ์ไชย_ซับสมบูรณ์_M4_U4,4,นายวิระศักดิ์ สายทอง,3
KK10_CONST_โคกโพธิ์ไชย_ซับสมบูรณ์_M4_U4,5,นายพชรกร อรรณนพพร,127
KK10_CONST_โคกโพธิ์ไชย_ซับสมบูรณ์_M4_U4,6,นายประยูร เทียมทะนง,0
KK10_CONST_โคกโพธิ์ไชย_ซับสมบูรณ์_M5_U5,1,นายวันนิวัติ สมบูรณ์,141
KK10_CONST_โคกโพธิ์ไชย_ซับสมบูรณ์_M5_U5,2,ร.ต.ท.สงวน คมขาว,5
KK10_CONST_โคกโพธิ์ไชย_ซับสมบูรณ์_M5_U5,3,นายนิวัตร สระพรม,30
KK10_CONST_โคกโพธิ์ไชย_ซับสมบูรณ์_M5_U5,4,นายวิระศักดิ์ สายทอง,2
KK10_CONST_โคกโพธิ์ไชย_ซับสมบูรณ์_M5_U5,5,นายพชรกร อรรณนพพร,242
KK10_CONST_โคกโพธิ์ไชย_ซับสมบูรณ์_M5_U5,6,นายประยูร เทียมทะนง,2
KK10_CONST_โคกโพธิ์ไชย_ซับสมบูรณ์_M6_U6,1,นายวันนิวัติ สมบูรณ์,87
KK10_CONST_โคกโพธิ์ไชย_ซับสมบูรณ์_M6_U6,2,ร.ต.ท.สงวน คมขาว,0
KK10_CONST_โคกโพธิ์ไชย_ซับสมบูรณ์_M6_U6,3,นายนิวัตร สระพรม,18
KK10_CONST_โคกโพธิ์ไชย_ซับสมบูรณ์_M6_U6,4,นายวิระศักดิ์ สายทอง,1
KK10_CONST_โคกโพธิ์ไชย_ซับสมบูรณ์_M6_U6,5,นายพชรกร อรรณนพพร,39
KK10_CONST_โคกโพธิ์ไชย_ซับสมบูรณ์_M6_U6,6,นายประยูร เทียมทะนง,1
KK10_CONST_โคกโพธิ์ไชย_ซับสมบูรณ์_M7_U7,1,นายวันนิวัติ สมบูรณ์,123
KK10_CONST_โคกโพธิ์ไชย_ซับสมบูรณ์_M7_U7,2,ร.ต.ท.สงวน คมขาว,1
KK10_CONST_โคกโพธิ์ไชย_ซับสมบูรณ์_M7_U7,3,นายนิวัตร สระพรม,24
KK10_CONST_โคกโพธิ์ไชย_ซับสมบูรณ์_M7_U7,4,นายวิระศักดิ์ สายทอง,0
KK10_CONST_โคกโพธิ์ไชย_ซับสมบูรณ์_M7_U7,5,นายพชรกร อรรณนพพร,63
KK10_CONST_โคกโพธิ์ไชย_ซับสมบูรณ์_M7_U7,6,นายประยูร เทียมทะนง,0
KK10_CONST_โคกโพธิ์ไชย_ซับสมบูรณ์_M8_U8,1,นายวันนิวัติ สมบูรณ์,79
KK10_CONST_โคกโพธิ์ไชย_ซับสมบูรณ์_M8_U8,2,ร.ต.ท.สงวน คมขาว,2
KK10_CONST_โคกโพธิ์ไชย_ซับสมบูรณ์_M8_U8,3,นายนิวัตร สระพรม,17
KK10_CONST_โคกโพธิ์ไชย_ซับสมบูรณ์_M8_U8,4,นายวิระศักดิ์ สายทอง,0
KK10_CONST_โคกโพธิ์ไชย_ซับสมบูรณ์_M8_U8,5,นายพชรกร อรรณนพพร,69
KK10_CONST_โคกโพธิ์ไชย_ซับสมบูรณ์_M8_U8,6,นายประยูร เทียมทะนง,0
KK10_CONST_โคกโพธิ์ไชย_ซับสมบูรณ์_M9_U9,1,นายวันนิวัติ สมบูรณ์,174
KK10_CONST_โคกโพธิ์ไชย_ซับสมบูรณ์_M9_U9,2,ร.ต.ท.สงวน คมขาว,0
KK10_CONST_โคกโพธิ์ไชย_ซับสมบูรณ์_M9_U9,3,นายนิวัตร สระพรม,28
KK10_CONST_โคกโพธิ์ไชย_ซับสมบูรณ์_M9_U9,4,นายวิระศักดิ์ สายทอง,1
KK10_CONST_โคกโพธิ์ไชย_ซับสมบูรณ์_M9_U9,5,นายพชรกร อรรณนพพร,66
KK10_CONST_โคกโพธิ์ไชย_ซับสมบูรณ์_M9_U9,6,นายประยูร เทียมทะนง,1
KK10_CONST_โคกโพธิ์ไชย_นาแพง_M1_U1,1,นายวันนิวัติ สมบูรณ์,134
KK10_CONST_โคกโพธิ์ไชย_นาแพง_M1_U1,2,ร.ต.ท.สงวน คมขาว,0
KK10_CONST_โคกโพธิ์ไชย_นาแพง_M1_U1,3,นายนิวัตร สระพรม,28
KK10_CONST_โคกโพธิ์ไชย_นาแพง_M1_U1,4,นายวิระศักดิ์ สายทอง,2
KK10_CONST_โคกโพธิ์ไชย_นาแพง_M1_U1,5,นายพชรกร อรรณนพพร,76
KK10_CONST_โคกโพธิ์ไชย_นาแพง_M1_U1,6,นายประยูร เทียมทะนง,0
KK10_CONST_โคกโพธิ์ไชย_นาแพง_M2_U2,1,นายวันนิวัติ สมบูรณ์,157
KK10_CONST_โคกโพธิ์ไชย_นาแพง_M2_U2,2,ร.ต.ท.สงวน คมขาว,2
KK10_CONST_โคกโพธิ์ไชย_นาแพง_M2_U2,3,นายนิวัตร สระพรม,44
KK10_CONST_โคกโพธิ์ไชย_นาแพง_M2_U2,4,นายวิระศักดิ์ สายทอง,6
KK10_CONST_โคกโพธิ์ไชย_นาแพง_M2_U2,5,นายพชรกร อรรณนพพร,171
KK10_CONST_โคกโพธิ์ไชย_นาแพง_M2_U2,6,นายประยูร เทียมทะนง,2
KK10_CONST_โคกโพธิ์ไชย_นาแพง_M3_U3,1,นายวันนิวัติ สมบูรณ์,90
KK10_CONST_โคกโพธิ์ไชย_นาแพง_M3_U3,2,ร.ต.ท.สงวน คมขาว,1
KK10_CONST_โคกโพธิ์ไชย_นาแพง_M3_U3,3,นายนิวัตร สระพรม,17
KK10_CONST_โคกโพธิ์ไชย_นาแพง_M3_U3,4,นายวิระศักดิ์ สายทอง,0
KK10_CONST_โคกโพธิ์ไชย_นาแพง_M3_U3,5,นายพชรกร อรรณนพพร,81
KK10_CONST_โคกโพธิ์ไชย_นาแพง_M3_U3,6,นายประยูร เทียมทะนง,0
KK10_CONST_โคกโพธิ์ไชย_นาแพง_M4_U4,1,นายวันนิวัติ สมบูรณ์,129
KK10_CONST_โคกโพธิ์ไชย_นาแพง_M4_U4,2,ร.ต.ท.สงวน คมขาว,0
KK10_CONST_โคกโพธิ์ไชย_นาแพง_M4_U4,3,นายนิวัตร สระพรม,41
KK10_CONST_โคกโพธิ์ไชย_นาแพง_M4_U4,4,นายวิระศักดิ์ สายทอง,2
KK10_CONST_โคกโพธิ์ไชย_นาแพง_M4_U4,5,นายพชรกร อรรณนพพร,97
KK10_CONST_โคกโพธิ์ไชย_นาแพง_M4_U4,6,นายประยูร เทียมทะนง,4
KK10_CONST_โคกโพธิ์ไชย_นาแพง_M5_U5,1,นายวันนิวัติ สมบูรณ์,151
KK10_CONST_โคกโพธิ์ไชย_นาแพง_M5_U5,2,ร.ต.ท.สงวน คมขาว,1
KK10_CONST_โคกโพธิ์ไชย_นาแพง_M5_U5,3,นายนิวัตร สระพรม,61
KK10_CONST_โคกโพธิ์ไชย_นาแพง_M5_U5,4,นายวิระศักดิ์ สายทอง,1
KK10_CONST_โคกโพธิ์ไชย_นาแพง_M5_U5,5,นายพชรกร อรรณนพพร,96
KK10_CONST_โคกโพธิ์ไชย_นาแพง_M5_U5,6,นายประยูร เทียมทะนง,0
KK10_CONST_โคกโพธิ์ไชย_นาแพง_M6_U6,1,นายวันนิวัติ สมบูรณ์,118
KK10_CONST_โคกโพธิ์ไชย_นาแพง_M6_U6,2,ร.ต.ท.สงวน คมขาว,0
KK10_CONST_โคกโพธิ์ไชย_นาแพง_M6_U6,3,นายนิวัตร สระพรม,38
KK10_CONST_โคกโพธิ์ไชย_นาแพง_M6_U6,4,นายวิระศักดิ์ สายทอง,1
KK10_CONST_โคกโพธิ์ไชย_นาแพง_M6_U6,5,นายพชรกร อรรณนพพร,116
KK10_CONST_โคกโพธิ์ไชย_นาแพง_M6_U6,6,นายประยูร เทียมทะนง,1
KK10_CONST_โคกโพธิ์ไชย_นาแพง_M7_U7,1,นายวันนิวัติ สมบูรณ์,142
KK10_CONST_โคกโพธิ์ไชย_นาแพง_M7_U7,2,ร.ต.ท.สงวน คมขาว,0
KK10_CONST_โคกโพธิ์ไชย_นาแพง_M7_U7,3,นายนิวัตร สระพรม,35
KK10_CONST_โคกโพธิ์ไชย_นาแพง_M7_U7,4,นายวิระศักดิ์ สายทอง,1
KK10_CONST_โคกโพธิ์ไชย_นาแพง_M7_U7,5,นายพชรกร อรรณนพพร,56
KK10_CONST_โคกโพธิ์ไชย_นาแพง_M7_U7,6,นายประยูร เทียมทะนง,0
KK10_CONST_โคกโพธิ์ไชย_นาแพง_M9_U8,1,นายวันนิวัติ สมบูรณ์,111
KK10_CONST_โคกโพธิ์ไชย_นาแพง_M9_U8,2,ร.ต.ท.สงวน คมขาว,0
KK10_CONST_โคกโพธิ์ไชย_นาแพง_M9_U8,3,นายนิวัตร สระพรม,29
KK10_CONST_โคกโพธิ์ไชย_นาแพง_M9_U8,4,นายวิระศักดิ์ สายทอง,0
KK10_CONST_โคกโพธิ์ไชย_นาแพง_M9_U8,5,นายพชรกร อรรณนพพร,152
KK10_CONST_โคกโพธิ์ไชย_นาแพง_M9_U8,6,นายประยูร เทียมทะนง,1
KK10_CONST_โคกโพธิ์ไชย_บ้านโคก_M1_U1,1,นายวันนิวัติ สมบูรณ์,105
KK10_CONST_โคกโพธิ์ไชย_บ้านโคก_M1_U1,2,ร.ต.ท.สงวน คมขาว,0
KK10_CONST_โคกโพธิ์ไชย_บ้านโคก_M1_U1,3,นายนิวัตร สระพรม,47
KK10_CONST_โคกโพธิ์ไชย_บ้านโคก_M1_U1,4,นายวิระศักดิ์ สายทอง,0
KK10_CONST_โคกโพธิ์ไชย_บ้านโคก_M1_U1,5,นายพชรกร อรรณนพพร,161
KK10_CONST_โคกโพธิ์ไชย_บ้านโคก_M1_U1,6,นายประยูร เทียมทะนง,2
KK10_CONST_โคกโพธิ์ไชย_บ้านโคก_M4_U1,1,นายวันนิวัติ สมบูรณ์,196
KK10_CONST_โคกโพธิ์ไชย_บ้านโคก_M4_U1,2,ร.ต.ท.สงวน คมขาว,0
KK10_CONST_โคกโพธิ์ไชย_บ้านโคก_M4_U1,3,นายนิวัตร สระพรม,38
KK10_CONST_โคกโพธิ์ไชย_บ้านโคก_M4_U1,4,นายวิระศักดิ์ สายทอง,2
KK10_CONST_โคกโพธิ์ไชย_บ้านโคก_M4_U1,5,นายพชรกร อรรณนพพร,159
KK10_CONST_โคกโพธิ์ไชย_บ้านโคก_M4_U1,6,นายประยูร เทียมทะนง,2
KK10_CONST_โคกโพธิ์ไชย_บ้านโคก_M2_U2,1,นายวันนิวัติ สมบูรณ์,179
KK10_CONST_โคกโพธิ์ไชย_บ้านโคก_M2_U2,2,ร.ต.ท.สงวน คมขาว,5
KK10_CONST_โคกโพธิ์ไชย_บ้านโคก_M2_U2,3,นายนิวัตร สระพรม,85
KK10_CONST_โคกโพธิ์ไชย_บ้านโคก_M2_U2,4,นายวิระศักดิ์ สายทอง,9
KK10_CONST_โคกโพธิ์ไชย_บ้านโคก_M2_U2,5,นายพชรกร อรรณนพพร,190
KK10_CONST_โคกโพธิ์ไชย_บ้านโคก_M2_U2,6,นายประยูร เทียมทะนง,1
KK10_CONST_โคกโพธิ์ไชย_บ้านโคก_M5_U2,1,นายวันนิวัติ สมบูรณ์,74
KK10_CONST_โคกโพธิ์ไชย_บ้านโคก_M5_U2,2,ร.ต.ท.สงวน คมขาว,2
KK10_CONST_โคกโพธิ์ไชย_บ้านโคก_M5_U2,3,นายนิวัตร สระพรม,19
KK10_CONST_โคกโพธิ์ไชย_บ้านโคก_M5_U2,4,นายวิระศักดิ์ สายทอง,0
KK10_CONST_โคกโพธิ์ไชย_บ้านโคก_M5_U2,5,นายพชรกร อรรณนพพร,100
KK10_CONST_โคกโพธิ์ไชย_บ้านโคก_M5_U2,6,นายประยูร เทียมทะนง,1
KK10_CONST_โคกโพธิ์ไชย_บ้านโคก_M2_U3,1,นายวันนิวัติ สมบูรณ์,83
KK10_CONST_โคกโพธิ์ไชย_บ้านโคก_M2_U3,2,ร.ต.ท.สงวน คมขาว,1
KK10_CONST_โคกโพธิ์ไชย_บ้านโคก_M2_U3,3,นายนิวัตร สระพรม,25
KK10_CONST_โคกโพธิ์ไชย_บ้านโคก_M2_U3,4,นายวิระศักดิ์ สายทอง,0
KK10_CONST_โคกโพธิ์ไชย_บ้านโคก_M2_U3,5,นายพชรกร อรรณนพพร,46
KK10_CONST_โคกโพธิ์ไชย_บ้านโคก_M2_U3,6,นายประยูร เทียมทะนง,1
KK10_CONST_โคกโพธิ์ไชย_บ้านโคก_M3_U3,1,นายวันนิวัติ สมบูรณ์,64
KK10_CONST_โคกโพธิ์ไชย_บ้านโคก_M3_U3,2,ร.ต.ท.สงวน คมขาว,1
KK10_CONST_โคกโพธิ์ไชย_บ้านโคก_M3_U3,3,นายนิวัตร สระพรม,45
KK10_CONST_โคกโพธิ์ไชย_บ้านโคก_M3_U3,4,นายวิระศักดิ์ สายทอง,7
KK10_CONST_โคกโพธิ์ไชย_บ้านโคก_M3_U3,5,นายพชรกร อรรณนพพร,145
KK10_CONST_โคกโพธิ์ไชย_บ้านโคก_M3_U3,6,นายประยูร เทียมทะนง,2
KK10_CONST_โคกโพธิ์ไชย_บ้านโคก_M7_U4,1,นายวันนิวัติ สมบูรณ์,125
KK10_CONST_โคกโพธิ์ไชย_บ้านโคก_M7_U4,2,ร.ต.ท.สงวน คมขาว,0
KK10_CONST_โคกโพธิ์ไชย_บ้านโคก_M7_U4,3,นายนิวัตร สระพรม,61
KK10_CONST_โคกโพธิ์ไชย_บ้านโคก_M7_U4,4,นายวิระศักดิ์ สายทอง,4
KK10_CONST_โคกโพธิ์ไชย_บ้านโคก_M7_U4,5,นายพชรกร อรรณนพพร,226
KK10_CONST_โคกโพธิ์ไชย_บ้านโคก_M7_U4,6,นายประยูร เทียมทะนง,1
KK10_CONST_โคกโพธิ์ไชย_บ้านโคก_M9_U4,1,นายวันนิวัติ สมบูรณ์,173
KK10_CONST_โคกโพธิ์ไชย_บ้านโคก_M9_U4,2,ร.ต.ท.สงวน คมขาว,2
KK10_CONST_โคกโพธิ์ไชย_บ้านโคก_M9_U4,3,นายนิวัตร สระพรม,57
KK10_CONST_โคกโพธิ์ไชย_บ้านโคก_M9_U4,4,นายวิระศักดิ์ สายทอง,6
KK10_CONST_โคกโพธิ์ไชย_บ้านโคก_M9_U4,5,นายพชรกร อรรณนพพร,138
KK10_CONST_โคกโพธิ์ไชย_บ้านโคก_M9_U4,6,นายประยูร เทียมทะนง,3
KK10_CONST_โคกโพธิ์ไชย_บ้านโคก_M10_U5,1,นายวันนิวัติ สมบูรณ์,90
KK10_CONST_โคกโพธิ์ไชย_บ้านโคก_M10_U5,2,ร.ต.ท.สงวน คมขาว,0
KK10_CONST_โคกโพธิ์ไชย_บ้านโคก_M10_U5,3,นายนิวัตร สระพรม,26
KK10_CONST_โคกโพธิ์ไชย_บ้านโคก_M10_U5,4,นายวิระศักดิ์ สายทอง,0
KK10_CONST_โคกโพธิ์ไชย_บ้านโคก_M10_U5,5,นายพชรกร อรรณนพพร,79
KK10_CONST_โคกโพธิ์ไชย_บ้านโคก_M10_U5,6,นายประยูร เทียมทะนง,0
KK10_CONST_โคกโพธิ์ไชย_บ้านโคก_M8_U5,1,นายวันนิวัติ สมบูรณ์,130
KK10_CONST_โคกโพธิ์ไชย_บ้านโคก_M8_U5,2,ร.ต.ท.สงวน คมขาว,5
KK10_CONST_โคกโพธิ์ไชย_บ้านโคก_M8_U5,3,นายนิวัตร สระพรม,60
KK10_CONST_โคกโพธิ์ไชย_บ้านโคก_M8_U5,4,นายวิระศักดิ์ สายทอง,2
KK10_CONST_โคกโพธิ์ไชย_บ้านโคก_M8_U5,5,นายพชรกร อรรณนพพร,169
KK10_CONST_โคกโพธิ์ไชย_บ้านโคก_M8_U5,6,นายประยูร เทียมทะนง,0
KK10_CONST_โคกโพธิ์ไชย_บ้านโคก_M11_U6,1,นายวันนิวัติ สมบูรณ์,100
KK10_CONST_โคกโพธิ์ไชย_บ้านโคก_M11_U6,2,ร.ต.ท.สงวน คมขาว,1
KK10_CONST_โคกโพธิ์ไชย_บ้านโคก_M11_U6,3,นายนิวัตร สระพรม,39
KK10_CONST_โคกโพธิ์ไชย_บ้านโคก_M11_U6,4,นายวิระศักดิ์ สายทอง,2
KK10_CONST_โคกโพธิ์ไชย_บ้านโคก_M11_U6,5,นายพชรกร อรรณนพพร,96
KK10_CONST_โคกโพธิ์ไชย_บ้านโคก_M11_U6,6,นายประยูร เทียมทะนง,1
KK10_CONST_โคกโพธิ์ไชย_โพธิ์ไชย_M10_U10,1,นายวันนิวัติ สมบูรณ์,116
KK10_CONST_โคกโพธิ์ไชย_โพธิ์ไชย_M10_U10,2,ร.ต.ท.สงวน คมขาว,0
KK10_CONST_โคกโพธิ์ไชย_โพธิ์ไชย_M10_U10,3,นายนิวัตร สระพรม,34
KK10_CONST_โคกโพธิ์ไชย_โพธิ์ไชย_M10_U10,4,นายวิระศักดิ์ สายทอง,1
KK10_CONST_โคกโพธิ์ไชย_โพธิ์ไชย_M10_U10,5,นายพชรกร อรรณนพพร,137
KK10_CONST_โคกโพธิ์ไชย_โพธิ์ไชย_M10_U10,6,นายประยูร เทียมทะนง,1
KK10_CONST_โคกโพธิ์ไชย_โพธิ์ไชย_M1_U1,1,นายวันนิวัติ สมบูรณ์,189
KK10_CONST_โคกโพธิ์ไชย_โพธิ์ไชย_M1_U1,2,ร.ต.ท.สงวน คมขาว,2
KK10_CONST_โคกโพธิ์ไชย_โพธิ์ไชย_M1_U1,3,นายนิวัตร สระพรม,28
KK10_CONST_โคกโพธิ์ไชย_โพธิ์ไชย_M1_U1,4,นายวิระศักดิ์ สายทอง,2
KK10_CONST_โคกโพธิ์ไชย_โพธิ์ไชย_M1_U1,5,นายพชรกร อรรณนพพร,176
KK10_CONST_โคกโพธิ์ไชย_โพธิ์ไชย_M1_U1,6,นายประยูร เทียมทะนง,0
KK10_CONST_โคกโพธิ์ไชย_โพธิ์ไชย_M2_U2,1,นายวันนิวัติ สมบูรณ์,103
KK10_CONST_โคกโพธิ์ไชย_โพธิ์ไชย_M2_U2,2,ร.ต.ท.สงวน คมขาว,1
KK10_CONST_โคกโพธิ์ไชย_โพธิ์ไชย_M2_U2,3,นายนิวัตร สระพรม,25
KK10_CONST_โคกโพธิ์ไชย_โพธิ์ไชย_M2_U2,4,นายวิระศักดิ์ สายทอง,0
KK10_CONST_โคกโพธิ์ไชย_โพธิ์ไชย_M2_U2,5,นายพชรกร อรรณนพพร,222
KK10_CONST_โคกโพธิ์ไชย_โพธิ์ไชย_M2_U2,6,นายประยูร เทียมทะนง,0
KK10_CONST_โคกโพธิ์ไชย_โพธิ์ไชย_M3_U3,1,นายวันนิวัติ สมบูรณ์,136
KK10_CONST_โคกโพธิ์ไชย_โพธิ์ไชย_M3_U3,2,ร.ต.ท.สงวน คมขาว,2
KK10_CONST_โคกโพธิ์ไชย_โพธิ์ไชย_M3_U3,3,นายนิวัตร สระพรม,41
KK10_CONST_โคกโพธิ์ไชย_โพธิ์ไชย_M3_U3,4,นายวิระศักดิ์ สายทอง,2
KK10_CONST_โคกโพธิ์ไชย_โพธิ์ไชย_M3_U3,5,นายพชรกร อรรณนพพร,274
KK10_CONST_โคกโพธิ์ไชย_โพธิ์ไชย_M3_U3,6,นายประยูร เทียมทะนง,2
KK10_CONST_โคกโพธิ์ไชย_โพธิ์ไชย_M4_U4,1,นายวันนิวัติ สมบูรณ์,160
KK10_CONST_โคกโพธิ์ไชย_โพธิ์ไชย_M4_U4,2,ร.ต.ท.สงวน คมขาว,0
KK10_CONST_โคกโพธิ์ไชย_โพธิ์ไชย_M4_U4,3,นายนิวัตร สระพรม,36
KK10_CONST_โคกโพธิ์ไชย_โพธิ์ไชย_M4_U4,4,นายวิระศักดิ์ สายทอง,1
KK10_CONST_โคกโพธิ์ไชย_โพธิ์ไชย_M4_U4,5,นายพชรกร อรรณนพพร,138
KK10_CONST_โคกโพธิ์ไชย_โพธิ์ไชย_M4_U4,6,นายประยูร เทียมทะนง,2
KK10_CONST_โคกโพธิ์ไชย_โพธิ์ไชย_M5_U5,1,นายวันนิวัติ สมบูรณ์,190
KK10_CONST_โคกโพธิ์ไชย_โพธิ์ไชย_M5_U5,2,ร.ต.ท.สงวน คมขาว,0
KK10_CONST_โคกโพธิ์ไชย_โพธิ์ไชย_M5_U5,3,นายนิวัตร สระพรม,40
KK10_CONST_โคกโพธิ์ไชย_โพธิ์ไชย_M5_U5,4,นายวิระศักดิ์ สายทอง,3
KK10_CONST_โคกโพธิ์ไชย_โพธิ์ไชย_M5_U5,5,นายพชรกร อรรณนพพร,126
KK10_CONST_โคกโพธิ์ไชย_โพธิ์ไชย_M5_U5,6,นายประยูร เทียมทะนง,0
KK10_CONST_โคกโพธิ์ไชย_โพธิ์ไชย_M6_U6,1,นายวันนิวัติ สมบูรณ์,69
KK10_CONST_โคกโพธิ์ไชย_โพธิ์ไชย_M6_U6,2,ร.ต.ท.สงวน คมขาว,1
KK10_CONST_โคกโพธิ์ไชย_โพธิ์ไชย_M6_U6,3,นายนิวัตร สระพรม,33
KK10_CONST_โคกโพธิ์ไชย_โพธิ์ไชย_M6_U6,4,นายวิระศักดิ์ สายทอง,2
KK10_CONST_โคกโพธิ์ไชย_โพธิ์ไชย_M6_U6,5,นายพชรกร อรรณนพพร,111
KK10_CONST_โคกโพธิ์ไชย_โพธิ์ไชย_M6_U6,6,นายประยูร เทียมทะนง,4
KK10_CONST_โคกโพธิ์ไชย_โพธิ์ไชย_M7_U7,1,นายวันนิวัติ สมบูรณ์,121
KK10_CONST_โคกโพธิ์ไชย_โพธิ์ไชย_M7_U7,2,ร.ต.ท.สงวน คมขาว,9
KK10_CONST_โคกโพธิ์ไชย_โพธิ์ไชย_M7_U7,3,นายนิวัตร สระพรม,55
KK10_CONST_โคกโพธิ์ไชย_โพธิ์ไชย_M7_U7,4,นายวิระศักดิ์ สายทอง,4
KK10_CONST_โคกโพธิ์ไชย_โพธิ์ไชย_M7_U7,5,นายพชรกร อรรณนพพร,155
KK10_CONST_โคกโพธิ์ไชย_โพธิ์ไชย_M7_U7,6,นายประยูร เทียมทะนง,3
KK10_CONST_โคกโพธิ์ไชย_โพธิ์ไชย_M8_U8,1,นายวันนิวัติ สมบูรณ์,91
KK10_CONST_โคกโพธิ์ไชย_โพธิ์ไชย_M8_U8,2,ร.ต.ท.สงวน คมขาว,0
KK10_CONST_โคกโพธิ์ไชย_โพธิ์ไชย_M8_U8,3,นายนิวัตร สระพรม,28
KK10_CONST_โคกโพธิ์ไชย_โพธิ์ไชย_M8_U8,4,นายวิระศักดิ์ สายทอง,2
KK10_CONST_โคกโพธิ์ไชย_โพธิ์ไชย_M8_U8,5,นายพชรกร อรรณนพพร,93
KK10_CONST_โคกโพธิ์ไชย_โพธิ์ไชย_M8_U8,6,นายประยูร เทียมทะนง,1
KK10_CONST_โคกโพธิ์ไชย_โพธิ์ไชย_M9_U9,1,นายวันนิวัติ สมบูรณ์,80
KK10_CONST_โคกโพธิ์ไชย_โพธิ์ไชย_M9_U9,2,ร.ต.ท.สงวน คมขาว,3
KK10_CONST_โคกโพธิ์ไชย_โพธิ์ไชย_M9_U9,3,นายนิวัตร สระพรม,39
KK10_CONST_โคกโพธิ์ไชย_โพธิ์ไชย_M9_U9,4,นายวิระศักดิ์ สายทอง,0
KK10_CONST_โคกโพธิ์ไชย_โพธิ์ไชย_M9_U9,5,นายพชรกร อรรณนพพร,143
KK10_CONST_โคกโพธิ์ไชย_โพธิ์ไชย_M9_U9,6,นายประยูร เทียมทะนง,1
KK10_CONST_เปือยน้อย_ขามป้อม_M10_U10,1,นายวันนิวัติ สมบูรณ์,41
KK10_CONST_เปือยน้อย_ขามป้อม_M10_U10,2,ร.ต.ท.สงวน คมขาว,2
KK10_CONST_เปือยน้อย_ขามป้อม_M10_U10,3,นายนิวัตร สระพรม,21
KK10_CONST_เปือยน้อย_ขามป้อม_M10_U10,4,นายวิระศักดิ์ สายทอง,0
KK10_CONST_เปือยน้อย_ขามป้อม_M10_U10,5,นายพชรกร อรรณนพพร,68
KK10_CONST_เปือยน้อย_ขามป้อม_M10_U10,6,นายประยูร เทียมทะนง,1
KK10_CONST_เปือยน้อย_ขามป้อม_M1_U1,1,นายวันนิวัติ สมบูรณ์,107
KK10_CONST_เปือยน้อย_ขามป้อม_M1_U1,2,ร.ต.ท.สงวน คมขาว,1
KK10_CONST_เปือยน้อย_ขามป้อม_M1_U1,3,นายนิวัตร สระพรม,34
KK10_CONST_เปือยน้อย_ขามป้อม_M1_U1,4,นายวิระศักดิ์ สายทอง,0
KK10_CONST_เปือยน้อย_ขามป้อม_M1_U1,5,นายพชรกร อรรณนพพร,132
KK10_CONST_เปือยน้อย_ขามป้อม_M1_U1,6,นายประยูร เทียมทะนง,0
KK10_CONST_เปือยน้อย_ขามป้อม_M2_U2,1,นายวันนิวัติ สมบูรณ์,140
KK10_CONST_เปือยน้อย_ขามป้อม_M2_U2,2,ร.ต.ท.สงวน คมขาว,6
KK10_CONST_เปือยน้อย_ขามป้อม_M2_U2,3,นายนิวัตร สระพรม,24
KK10_CONST_เปือยน้อย_ขามป้อม_M2_U2,4,นายวิระศักดิ์ สายทอง,1
KK10_CONST_เปือยน้อย_ขามป้อม_M2_U2,5,นายพชรกร อรรณนพพร,128
KK10_CONST_เปือยน้อย_ขามป้อม_M2_U2,6,นายประยูร เทียมทะนง,1
KK10_CONST_เปือยน้อย_ขามป้อม_M3_U3,1,นายวันนิวัติ สมบูรณ์,112
KK10_CONST_เปือยน้อย_ขามป้อม_M3_U3,2,ร.ต.ท.สงวน คมขาว,1
KK10_CONST_เปือยน้อย_ขามป้อม_M3_U3,3,นายนิวัตร สระพรม,13
KK10_CONST_เปือยน้อย_ขามป้อม_M3_U3,4,นายวิระศักดิ์ สายทอง,0
KK10_CONST_เปือยน้อย_ขามป้อม_M3_U3,5,นายพชรกร อรรณนพพร,123
KK10_CONST_เปือยน้อย_ขามป้อม_M3_U3,6,นายประยูร เทียมทะนง,0
KK10_CONST_เปือยน้อย_ขามป้อม_M4_U4,1,นายวันนิวัติ สมบูรณ์,122
KK10_CONST_เปือยน้อย_ขามป้อม_M4_U4,2,ร.ต.ท.สงวน คมขาว,2
KK10_CONST_เปือยน้อย_ขามป้อม_M4_U4,3,นายนิวัตร สระพรม,50
KK10_CONST_เปือยน้อย_ขามป้อม_M4_U4,4,นายวิระศักดิ์ สายทอง,0
KK10_CONST_เปือยน้อย_ขามป้อม_M4_U4,5,นายพชรกร อรรณนพพร,242
KK10_CONST_เปือยน้อย_ขามป้อม_M4_U4,6,นายประยูร เทียมทะนง,2
KK10_CONST_เปือยน้อย_ขามป้อม_M5_U5,1,นายวันนิวัติ สมบูรณ์,68
KK10_CONST_เปือยน้อย_ขามป้อม_M5_U5,2,ร.ต.ท.สงวน คมขาว,2
KK10_CONST_เปือยน้อย_ขามป้อม_M5_U5,3,นายนิวัตร สระพรม,21
KK10_CONST_เปือยน้อย_ขามป้อม_M5_U5,4,นายวิระศักดิ์ สายทอง,0
KK10_CONST_เปือยน้อย_ขามป้อม_M5_U5,5,นายพชรกร อรรณนพพร,134
KK10_CONST_เปือยน้อย_ขามป้อม_M5_U5,6,นายประยูร เทียมทะนง,1
KK10_CONST_เปือยน้อย_ขามป้อม_M6_U6,1,นายวันนิวัติ สมบูรณ์,129
KK10_CONST_เปือยน้อย_ขามป้อม_M6_U6,2,ร.ต.ท.สงวน คมขาว,3
KK10_CONST_เปือยน้อย_ขามป้อม_M6_U6,3,นายนิวัตร สระพรม,37
KK10_CONST_เปือยน้อย_ขามป้อม_M6_U6,4,นายวิระศักดิ์ สายทอง,3
KK10_CONST_เปือยน้อย_ขามป้อม_M6_U6,5,นายพชรกร อรรณนพพร,137
KK10_CONST_เปือยน้อย_ขามป้อม_M6_U6,6,นายประยูร เทียมทะนง,2
KK10_CONST_เปือยน้อย_ขามป้อม_M7_U7,1,นายวันนิวัติ สมบูรณ์,79
KK10_CONST_เปือยน้อย_ขามป้อม_M7_U7,2,ร.ต.ท.สงวน คมขาว,1
KK10_CONST_เปือยน้อย_ขามป้อม_M7_U7,3,นายนิวัตร สระพรม,29
KK10_CONST_เปือยน้อย_ขามป้อม_M7_U7,4,นายวิระศักดิ์ สายทอง,3
KK10_CONST_เปือยน้อย_ขามป้อม_M7_U7,5,นายพชรกร อรรณนพพร,146
KK10_CONST_เปือยน้อย_ขามป้อม_M7_U7,6,นายประยูร เทียมทะนง,2
KK10_CONST_เปือยน้อย_ขามป้อม_M8_U8,1,นายวันนิวัติ สมบูรณ์,55
KK10_CONST_เปือยน้อย_ขามป้อม_M8_U8,2,ร.ต.ท.สงวน คมขาว,1
KK10_CONST_เปือยน้อย_ขามป้อม_M8_U8,3,นายนิวัตร สระพรม,6
KK10_CONST_เปือยน้อย_ขามป้อม_M8_U8,4,นายวิระศักดิ์ สายทอง,1
KK10_CONST_เปือยน้อย_ขามป้อม_M8_U8,5,นายพชรกร อรรณนพพร,47
KK10_CONST_เปือยน้อย_ขามป้อม_M8_U8,6,นายประยูร เทียมทะนง,1
KK10_CONST_เปือยน้อย_ขามป้อม_M9_U9,1,นายวันนิวัติ สมบูรณ์,79
KK10_CONST_เปือยน้อย_ขามป้อม_M9_U9,2,ร.ต.ท.สงวน คมขาว,1
KK10_CONST_เปือยน้อย_ขามป้อม_M9_U9,3,นายนิวัตร สระพรม,10
KK10_CONST_เปือยน้อย_ขามป้อม_M9_U9,4,นายวิระศักดิ์ สายทอง,2
KK10_CONST_เปือยน้อย_ขามป้อม_M9_U9,5,นายพชรกร อรรณนพพร,120
KK10_CONST_เปือยน้อย_ขามป้อม_M9_U9,6,นายประยูร เทียมทะนง,1
KK10_CONST_เปือยน้อย_วังม่วง_M1_U1,1,นายวันนิวัติ สมบูรณ์,142
KK10_CONST_เปือยน้อย_วังม่วง_M1_U1,2,ร.ต.ท.สงวน คมขาว,3
KK10_CONST_เปือยน้อย_วังม่วง_M1_U1,3,นายนิวัตร สระพรม,48
KK10_CONST_เปือยน้อย_วังม่วง_M1_U1,4,นายวิระศักดิ์ สายทอง,3
KK10_CONST_เปือยน้อย_วังม่วง_M1_U1,5,นายพชรกร อรรณนพพร,298
KK10_CONST_เปือยน้อย_วังม่วง_M1_U1,6,นายประยูร เทียมทะนง,0
KK10_CONST_เปือยน้อย_วังม่วง_M2_U2,1,นายวันนิวัติ สมบูรณ์,192
KK10_CONST_เปือยน้อย_วังม่วง_M2_U2,2,ร.ต.ท.สงวน คมขาว,2
KK10_CONST_เปือยน้อย_วังม่วง_M2_U2,3,นายนิวัตร สระพรม,55
KK10_CONST_เปือยน้อย_วังม่วง_M2_U2,4,นายวิระศักดิ์ สายทอง,4
KK10_CONST_เปือยน้อย_วังม่วง_M2_U2,5,นายพชรกร อรรณนพพร,267
KK10_CONST_เปือยน้อย_วังม่วง_M2_U2,6,นายประยูร เทียมทะนง,2
KK10_CONST_เปือยน้อย_วังม่วง_M3_U3,1,นายวันนิวัติ สมบูรณ์,113
KK10_CONST_เปือยน้อย_วังม่วง_M3_U3,2,ร.ต.ท.สงวน คมขาว,0
KK10_CONST_เปือยน้อย_วังม่วง_M3_U3,3,นายนิวัตร สระพรม,88
KK10_CONST_เปือยน้อย_วังม่วง_M3_U3,4,นายวิระศักดิ์ สายทอง,0
KK10_CONST_เปือยน้อย_วังม่วง_M3_U3,5,นายพชรกร อรรณนพพร,137
KK10_CONST_เปือยน้อย_วังม่วง_M3_U3,6,นายประยูร เทียมทะนง,0
KK10_CONST_เปือยน้อย_วังม่วง_M4_U4,1,นายวันนิวัติ สมบูรณ์,133
KK10_CONST_เปือยน้อย_วังม่วง_M4_U4,2,ร.ต.ท.สงวน คมขาว,3
KK10_CONST_เปือยน้อย_วังม่วง_M4_U4,3,นายนิวัตร สระพรม,55
KK10_CONST_เปือยน้อย_วังม่วง_M4_U4,4,นายวิระศักดิ์ สายทอง,1
KK10_CONST_เปือยน้อย_วังม่วง_M4_U4,5,นายพชรกร อรรณนพพร,260
KK10_CONST_เปือยน้อย_วังม่วง_M4_U4,6,นายประยูร เทียมทะนง,1
KK10_CONST_เปือยน้อย_วังม่วง_M5_U5,1,นายวันนิวัติ สมบูรณ์,89
KK10_CONST_เปือยน้อย_วังม่วง_M5_U5,2,ร.ต.ท.สงวน คมขาว,1
KK10_CONST_เปือยน้อย_วังม่วง_M5_U5,3,นายนิวัตร สระพรม,8
KK10_CONST_เปือยน้อย_วังม่วง_M5_U5,4,นายวิระศักดิ์ สายทอง,0
KK10_CONST_เปือยน้อย_วังม่วง_M5_U5,5,นายพชรกร อรรณนพพร,89
KK10_CONST_เปือยน้อย_วังม่วง_M5_U5,6,นายประยูร เทียมทะนง,1
KK10_CONST_เปือยน้อย_วังม่วง_M6_U6,1,นายวันนิวัติ สมบูรณ์,153
KK10_CONST_เปือยน้อย_วังม่วง_M6_U6,2,ร.ต.ท.สงวน คมขาว,0
KK10_CONST_เปือยน้อย_วังม่วง_M6_U6,3,นายนิวัตร สระพรม,55
KK10_CONST_เปือยน้อย_วังม่วง_M6_U6,4,นายวิระศักดิ์ สายทอง,0
KK10_CONST_เปือยน้อย_วังม่วง_M6_U6,5,นายพชรกร อรรณนพพร,97
KK10_CONST_เปือยน้อย_วังม่วง_M6_U6,6,นายประยูร เทียมทะนง,0
KK10_CONST_เปือยน้อย_วังม่วง_M7_U7,1,นายวันนิวัติ สมบูรณ์,195
KK10_CONST_เปือยน้อย_วังม่วง_M7_U7,2,ร.ต.ท.สงวน คมขาว,4
KK10_CONST_เปือยน้อย_วังม่วง_M7_U7,3,นายนิวัตร สระพรม,94
KK10_CONST_เปือยน้อย_วังม่วง_M7_U7,4,นายวิระศักดิ์ สายทอง,1
KK10_CONST_เปือยน้อย_วังม่วง_M7_U7,5,นายพชรกร อรรณนพพร,324
KK10_CONST_เปือยน้อย_วังม่วง_M7_U7,6,นายประยูร เทียมทะนง,0
KK10_CONST_เปือยน้อย_วังม่วง_M8_U8,1,นายวันนิวัติ สมบูรณ์,140
KK10_CONST_เปือยน้อย_วังม่วง_M8_U8,2,ร.ต.ท.สงวน คมขาว,3
KK10_CONST_เปือยน้อย_วังม่วง_M8_U8,3,นายนิวัตร สระพรม,38
KK10_CONST_เปือยน้อย_วังม่วง_M8_U8,4,นายวิระศักดิ์ สายทอง,0
KK10_CONST_เปือยน้อย_วังม่วง_M8_U8,5,นายพชรกร อรรณนพพร,107
KK10_CONST_เปือยน้อย_วังม่วง_M8_U8,6,นายประยูร เทียมทะนง,0
KK10_CONST_เปือยน้อย_สระแก้ว_M1_U1,1,นายวันนิวัติ สมบูรณ์,135
KK10_CONST_เปือยน้อย_สระแก้ว_M1_U1,2,ร.ต.ท.สงวน คมขาว,1
KK10_CONST_เปือยน้อย_สระแก้ว_M1_U1,3,นายนิวัตร สระพรม,17
KK10_CONST_เปือยน้อย_สระแก้ว_M1_U1,4,นายวิระศักดิ์ สายทอง,3
KK10_CONST_เปือยน้อย_สระแก้ว_M1_U1,5,นายพชรกร อรรณนพพร,139
KK10_CONST_เปือยน้อย_สระแก้ว_M1_U1,6,นายประยูร เทียมทะนง,0
KK10_CONST_เปือยน้อย_สระแก้ว_M2_U2,1,นายวันนิวัติ สมบูรณ์,170
KK10_CONST_เปือยน้อย_สระแก้ว_M2_U2,2,ร.ต.ท.สงวน คมขาว,2
KK10_CONST_เปือยน้อย_สระแก้ว_M2_U2,3,นายนิวัตร สระพรม,32
KK10_CONST_เปือยน้อย_สระแก้ว_M2_U2,4,นายวิระศักดิ์ สายทอง,2
KK10_CONST_เปือยน้อย_สระแก้ว_M2_U2,5,นายพชรกร อรรณนพพร,114
KK10_CONST_เปือยน้อย_สระแก้ว_M2_U2,6,นายประยูร เทียมทะนง,1
KK10_CONST_เปือยน้อย_สระแก้ว_M3_U3,1,นายวันนิวัติ สมบูรณ์,54
KK10_CONST_เปือยน้อย_สระแก้ว_M3_U3,2,ร.ต.ท.สงวน คมขาว,0
KK10_CONST_เปือยน้อย_สระแก้ว_M3_U3,3,นายนิวัตร สระพรม,9
KK10_CONST_เปือยน้อย_สระแก้ว_M3_U3,4,นายวิระศักดิ์ สายทอง,2
KK10_CONST_เปือยน้อย_สระแก้ว_M3_U3,5,นายพชรกร อรรณนพพร,64
KK10_CONST_เปือยน้อย_สระแก้ว_M3_U3,6,นายประยูร เทียมทะนง,0
KK10_CONST_เปือยน้อย_สระแก้ว_M5_U5,1,นายวันนิวัติ สมบูรณ์,43
KK10_CONST_เปือยน้อย_สระแก้ว_M5_U5,2,ร.ต.ท.สงวน คมขาว,0
KK10_CONST_เปือยน้อย_สระแก้ว_M5_U5,3,นายนิวัตร สระพรม,15
KK10_CONST_เปือยน้อย_สระแก้ว_M5_U5,4,นายวิระศักดิ์ สายทอง,0
KK10_CONST_เปือยน้อย_สระแก้ว_M5_U5,5,นายพชรกร อรรณนพพร,132
KK10_CONST_เปือยน้อย_สระแก้ว_M5_U5,6,นายประยูร เทียมทะนง,0
KK10_CONST_เปือยน้อย_สระแก้ว_M6_U6,1,นายวันนิวัติ สมบูรณ์,61
KK10_CONST_เปือยน้อย_สระแก้ว_M6_U6,2,ร.ต.ท.สงวน คมขาว,0
KK10_CONST_เปือยน้อย_สระแก้ว_M6_U6,3,นายนิวัตร สระพรม,18
KK10_CONST_เปือยน้อย_สระแก้ว_M6_U6,4,นายวิระศักดิ์ สายทอง,0
KK10_CONST_เปือยน้อย_สระแก้ว_M6_U6,5,นายพชรกร อรรณนพพร,103
KK10_CONST_เปือยน้อย_สระแก้ว_M6_U6,6,นายประยูร เทียมทะนง,0
KK10_CONST_เปือยน้อย_สระแก้ว_M7_U7,1,นายวันนิวัติ สมบูรณ์,235
KK10_CONST_เปือยน้อย_สระแก้ว_M7_U7,2,ร.ต.ท.สงวน คมขาว,3
KK10_CONST_เปือยน้อย_สระแก้ว_M7_U7,3,นายนิวัตร สระพรม,27
KK10_CONST_เปือยน้อย_สระแก้ว_M7_U7,4,นายวิระศักดิ์ สายทอง,2
KK10_CONST_เปือยน้อย_สระแก้ว_M7_U7,5,นายพชรกร อรรณนพพร,241
KK10_CONST_เปือยน้อย_สระแก้ว_M7_U7,6,นายประยูร เทียมทะนง,4
KK10_CONST_เปือยน้อย_สระแก้ว_M4_U9,1,นายวันนิวัติ สมบูรณ์,101
KK10_CONST_เปือยน้อย_สระแก้ว_M4_U9,2,ร.ต.ท.สงวน คมขาว,1
KK10_CONST_เปือยน้อย_สระแก้ว_M4_U9,3,นายนิวัตร สระพรม,12
KK10_CONST_เปือยน้อย_สระแก้ว_M4_U9,4,นายวิระศักดิ์ สายทอง,0
KK10_CONST_เปือยน้อย_สระแก้ว_M4_U9,5,นายพชรกร อรรณนพพร,78
KK10_CONST_เปือยน้อย_สระแก้ว_M4_U9,6,นายประยูร เทียมทะนง,0
KK10_CONST_เปือยน้อย_เปือยน้อย_M1_U1,1,นายวันนิวัติ สมบูรณ์,184
KK10_CONST_เปือยน้อย_เปือยน้อย_M1_U1,2,ร.ต.ท.สงวน คมขาว,2
KK10_CONST_เปือยน้อย_เปือยน้อย_M1_U1,3,นายนิวัตร สระพรม,54
KK10_CONST_เปือยน้อย_เปือยน้อย_M1_U1,4,นายวิระศักดิ์ สายทอง,3
KK10_CONST_เปือยน้อย_เปือยน้อย_M1_U1,5,นายพชรกร อรรณนพพร,194
KK10_CONST_เปือยน้อย_เปือยน้อย_M1_U1,6,นายประยูร เทียมทะนง,0
KK10_CONST_เปือยน้อย_เปือยน้อย_M2_U2,1,นายวันนิวัติ สมบูรณ์,160
KK10_CONST_เปือยน้อย_เปือยน้อย_M2_U2,2,ร.ต.ท.สงวน คมขาว,1
KK10_CONST_เปือยน้อย_เปือยน้อย_M2_U2,3,นายนิวัตร สระพรม,25
KK10_CONST_เปือยน้อย_เปือยน้อย_M2_U2,4,นายวิระศักดิ์ สายทอง,1
KK10_CONST_เปือยน้อย_เปือยน้อย_M2_U2,5,นายพชรกร อรรณนพพร,70
KK10_CONST_เปือยน้อย_เปือยน้อย_M2_U2,6,นายประยูร เทียมทะนง,1
KK10_CONST_เปือยน้อย_เปือยน้อย_M3_U3,1,นายวันนิวัติ สมบูรณ์,127
KK10_CONST_เปือยน้อย_เปือยน้อย_M3_U3,2,ร.ต.ท.สงวน คมขาว,2
KK10_CONST_เปือยน้อย_เปือยน้อย_M3_U3,3,นายนิวัตร สระพรม,36
KK10_CONST_เปือยน้อย_เปือยน้อย_M3_U3,4,นายวิระศักดิ์ สายทอง,0
KK10_CONST_เปือยน้อย_เปือยน้อย_M3_U3,5,นายพชรกร อรรณนพพร,233
KK10_CONST_เปือยน้อย_เปือยน้อย_M3_U3,6,นายประยูร เทียมทะนง,1
KK10_CONST_เปือยน้อย_เปือยน้อย_M4_U4,1,นายวันนิวัติ สมบูรณ์,137
KK10_CONST_เปือยน้อย_เปือยน้อย_M4_U4,2,ร.ต.ท.สงวน คมขาว,1
KK10_CONST_เปือยน้อย_เปือยน้อย_M4_U4,3,นายนิวัตร สระพรม,23
KK10_CONST_เปือยน้อย_เปือยน้อย_M4_U4,4,นายวิระศักดิ์ สายทอง,2
KK10_CONST_เปือยน้อย_เปือยน้อย_M4_U4,5,นายพชรกร อรรณนพพร,184
KK10_CONST_เปือยน้อย_เปือยน้อย_M4_U4,6,นายประยูร เทียมทะนง,2
KK10_CONST_เปือยน้อย_เปือยน้อย_M5_U5,1,นายวันนิวัติ สมบูรณ์,94
KK10_CONST_เปือยน้อย_เปือยน้อย_M5_U5,2,ร.ต.ท.สงวน คมขาว,0
KK10_CONST_เปือยน้อย_เปือยน้อย_M5_U5,3,นายนิวัตร สระพรม,12
KK10_CONST_เปือยน้อย_เปือยน้อย_M5_U5,4,นายวิระศักดิ์ สายทอง,1
KK10_CONST_เปือยน้อย_เปือยน้อย_M5_U5,5,นายพชรกร อรรณนพพร,43
KK10_CONST_เปือยน้อย_เปือยน้อย_M5_U5,6,นายประยูร เทียมทะนง,0
KK10_CONST_เปือยน้อย_เปือยน้อย_M0_U6,1,นายวันนิวัติ สมบูรณ์,45
KK10_CONST_เปือยน้อย_เปือยน้อย_M0_U6,2,ร.ต.ท.สงวน คมขาว,0
KK10_CONST_เปือยน้อย_เปือยน้อย_M0_U6,3,นายนิวัตร สระพรม,5
KK10_CONST_เปือยน้อย_เปือยน้อย_M0_U6,4,นายวิระศักดิ์ สายทอง,0
KK10_CONST_เปือยน้อย_เปือยน้อย_M0_U6,5,นายพชรกร อรรณนพพร,102
KK10_CONST_เปือยน้อย_เปือยน้อย_M0_U6,6,นายประยูร เทียมทะนง,0
KK10_CONST_เปือยน้อย_เปือยน้อย_M7_U7,1,นายวันนิวัติ สมบูรณ์,159
KK10_CONST_เปือยน้อย_เปือยน้อย_M7_U7,2,ร.ต.ท.สงวน คมขาว,2
KK10_CONST_เปือยน้อย_เปือยน้อย_M7_U7,3,นายนิวัตร สระพรม,49
KK10_CONST_เปือยน้อย_เปือยน้อย_M7_U7,4,นายวิระศักดิ์ สายทอง,3
KK10_CONST_เปือยน้อย_เปือยน้อย_M7_U7,5,นายพชรกร อรรณนพพร,125
KK10_CONST_เปือยน้อย_เปือยน้อย_M7_U7,6,นายประยูร เทียมทะนง,6
KK10_CONST_หนองสองห้อง_คึมชาด_M10_U10,1,นายวันนิวัติ สมบูรณ์,86
KK10_CONST_หนองสองห้อง_คึมชาด_M10_U10,2,ร.ต.ท.สงวน คมขาว,2
KK10_CONST_หนองสองห้อง_คึมชาด_M10_U10,3,นายนิวัตร สระพรม,23
KK10_CONST_หนองสองห้อง_คึมชาด_M10_U10,4,นายวิระศักดิ์ สายทอง,0
KK10_CONST_หนองสองห้อง_คึมชาด_M10_U10,5,นายพชรกร อรรณนพพร,113
KK10_CONST_หนองสองห้อง_คึมชาด_M10_U10,6,นายประยูร เทียมทะนง,1
KK10_CONST_หนองสองห้อง_คึมชาด_M1_U1,1,นายวันนิวัติ สมบูรณ์,109
KK10_CONST_หนองสองห้อง_คึมชาด_M1_U1,2,ร.ต.ท.สงวน คมขาว,4
KK10_CONST_หนองสองห้อง_คึมชาด_M1_U1,3,นายนิวัตร สระพรม,9
KK10_CONST_หนองสองห้อง_คึมชาด_M1_U1,4,นายวิระศักดิ์ สายทอง,1
KK10_CONST_หนองสองห้อง_คึมชาด_M1_U1,5,นายพชรกร อรรณนพพร,100
KK10_CONST_หนองสองห้อง_คึมชาด_M1_U1,6,นายประยูร เทียมทะนง,1
KK10_CONST_หนองสองห้อง_คึมชาด_M2_U2,1,นายวันนิวัติ สมบูรณ์,93
KK10_CONST_หนองสองห้อง_คึมชาด_M2_U2,2,ร.ต.ท.สงวน คมขาว,2
KK10_CONST_หนองสองห้อง_คึมชาด_M2_U2,3,นายนิวัตร สระพรม,31
KK10_CONST_หนองสองห้อง_คึมชาด_M2_U2,4,นายวิระศักดิ์ สายทอง,0
KK10_CONST_หนองสองห้อง_คึมชาด_M2_U2,5,นายพชรกร อรรณนพพร,135
KK10_CONST_หนองสองห้อง_คึมชาด_M2_U2,6,นายประยูร เทียมทะนง,0
KK10_CONST_หนองสองห้อง_คึมชาด_M3_U3,1,นายวันนิวัติ สมบูรณ์,121
KK10_CONST_หนองสองห้อง_คึมชาด_M3_U3,2,ร.ต.ท.สงวน คมขาว,2
KK10_CONST_หนองสองห้อง_คึมชาด_M3_U3,3,นายนิวัตร สระพรม,27
KK10_CONST_หนองสองห้อง_คึมชาด_M3_U3,4,นายวิระศักดิ์ สายทอง,3
KK10_CONST_หนองสองห้อง_คึมชาด_M3_U3,5,นายพชรกร อรรณนพพร,197
KK10_CONST_หนองสองห้อง_คึมชาด_M3_U3,6,นายประยูร เทียมทะนง,1
KK10_CONST_หนองสองห้อง_คึมชาด_M4_U4,1,นายวันนิวัติ สมบูรณ์,148
KK10_CONST_หนองสองห้อง_คึมชาด_M4_U4,2,ร.ต.ท.สงวน คมขาว,4
KK10_CONST_หนองสองห้อง_คึมชาด_M4_U4,3,นายนิวัตร สระพรม,38
KK10_CONST_หนองสองห้อง_คึมชาด_M4_U4,4,นายวิระศักดิ์ สายทอง,0
KK10_CONST_หนองสองห้อง_คึมชาด_M4_U4,5,นายพชรกร อรรณนพพร,157
KK10_CONST_หนองสองห้อง_คึมชาด_M4_U4,6,นายประยูร เทียมทะนง,1
KK10_CONST_หนองสองห้อง_คึมชาด_M5_U5,1,นายวันนิวัติ สมบูรณ์,126
KK10_CONST_หนองสองห้อง_คึมชาด_M5_U5,2,ร.ต.ท.สงวน คมขาว,5
KK10_CONST_หนองสองห้อง_คึมชาด_M5_U5,3,นายนิวัตร สระพรม,32
KK10_CONST_หนองสองห้อง_คึมชาด_M5_U5,4,นายวิระศักดิ์ สายทอง,1
KK10_CONST_หนองสองห้อง_คึมชาด_M5_U5,5,นายพชรกร อรรณนพพร,184
KK10_CONST_หนองสองห้อง_คึมชาด_M5_U5,6,นายประยูร เทียมทะนง,3
KK10_CONST_หนองสองห้อง_คึมชาด_M6_U6,1,นายวันนิวัติ สมบูรณ์,183
KK10_CONST_หนองสองห้อง_คึมชาด_M6_U6,2,ร.ต.ท.สงวน คมขาว,7
KK10_CONST_หนองสองห้อง_คึมชาด_M6_U6,3,นายนิวัตร สระพรม,34
KK10_CONST_หนองสองห้อง_คึมชาด_M6_U6,4,นายวิระศักดิ์ สายทอง,4
KK10_CONST_หนองสองห้อง_คึมชาด_M6_U6,5,นายพชรกร อรรณนพพร,173
KK10_CONST_หนองสองห้อง_คึมชาด_M6_U6,6,นายประยูร เทียมทะนง,1
KK10_CONST_หนองสองห้อง_คึมชาด_M7_U7,1,นายวันนิวัติ สมบูรณ์,145
KK10_CONST_หนองสองห้อง_คึมชาด_M7_U7,2,ร.ต.ท.สงวน คมขาว,3
KK10_CONST_หนองสองห้อง_คึมชาด_M7_U7,3,นายนิวัตร สระพรม,52
KK10_CONST_หนองสองห้อง_คึมชาด_M7_U7,4,นายวิระศักดิ์ สายทอง,1
KK10_CONST_หนองสองห้อง_คึมชาด_M7_U7,5,นายพชรกร อรรณนพพร,136
KK10_CONST_หนองสองห้อง_คึมชาด_M7_U7,6,นายประยูร เทียมทะนง,0
KK10_CONST_หนองสองห้อง_คึมชาด_M8_U8,1,นายวันนิวัติ สมบูรณ์,125
KK10_CONST_หนองสองห้อง_คึมชาด_M8_U8,2,ร.ต.ท.สงวน คมขาว,3
KK10_CONST_หนองสองห้อง_คึมชาด_M8_U8,3,นายนิวัตร สระพรม,23
KK10_CONST_หนองสองห้อง_คึมชาด_M8_U8,4,นายวิระศักดิ์ สายทอง,0
KK10_CONST_หนองสองห้อง_คึมชาด_M8_U8,5,นายพชรกร อรรณนพพร,63
KK10_CONST_หนองสองห้อง_คึมชาด_M8_U8,6,นายประยูร เทียมทะนง,0
KK10_CONST_หนองสองห้อง_คึมชาด_M9_U9,1,นายวันนิวัติ สมบูรณ์,124
KK10_CONST_หนองสองห้อง_คึมชาด_M9_U9,2,ร.ต.ท.สงวน คมขาว,4
KK10_CONST_หนองสองห้อง_คึมชาด_M9_U9,3,นายนิวัตร สระพรม,40
KK10_CONST_หนองสองห้อง_คึมชาด_M9_U9,4,นายวิระศักดิ์ สายทอง,1
KK10_CONST_หนองสองห้อง_คึมชาด_M9_U9,5,นายพชรกร อรรณนพพร,218
KK10_CONST_หนองสองห้อง_คึมชาด_M9_U9,6,นายประยูร เทียมทะนง,2
KK10_CONST_หนองสองห้อง_ดงเค็ง_M10_U10,1,นายวันนิวัติ สมบูรณ์,55
KK10_CONST_หนองสองห้อง_ดงเค็ง_M10_U10,2,ร.ต.ท.สงวน คมขาว,1
KK10_CONST_หนองสองห้อง_ดงเค็ง_M10_U10,3,นายนิวัตร สระพรม,11
KK10_CONST_หนองสองห้อง_ดงเค็ง_M10_U10,4,นายวิระศักดิ์ สายทอง,0
KK10_CONST_หนองสองห้อง_ดงเค็ง_M10_U10,5,นายพชรกร อรรณนพพร,58
KK10_CONST_หนองสองห้อง_ดงเค็ง_M10_U10,6,นายประยูร เทียมทะนง,1
KK10_CONST_หนองสองห้อง_ดงเค็ง_M11_U11,1,นายวันนิวัติ สมบูรณ์,82
KK10_CONST_หนองสองห้อง_ดงเค็ง_M11_U11,2,ร.ต.ท.สงวน คมขาว,0
KK10_CONST_หนองสองห้อง_ดงเค็ง_M11_U11,3,นายนิวัตร สระพรม,16
KK10_CONST_หนองสองห้อง_ดงเค็ง_M11_U11,4,นายวิระศักดิ์ สายทอง,1
KK10_CONST_หนองสองห้อง_ดงเค็ง_M11_U11,5,นายพชรกร อรรณนพพร,79
KK10_CONST_หนองสองห้อง_ดงเค็ง_M11_U11,6,นายประยูร เทียมทะนง,1
KK10_CONST_หนองสองห้อง_ดงเค็ง_M12_U12,1,นายวันนิวัติ สมบูรณ์,42
KK10_CONST_หนองสองห้อง_ดงเค็ง_M12_U12,2,ร.ต.ท.สงวน คมขาว,1
KK10_CONST_หนองสองห้อง_ดงเค็ง_M12_U12,3,นายนิวัตร สระพรม,2
KK10_CONST_หนองสองห้อง_ดงเค็ง_M12_U12,4,นายวิระศักดิ์ สายทอง,1
KK10_CONST_หนองสองห้อง_ดงเค็ง_M12_U12,5,นายพชรกร อรรณนพพร,51
KK10_CONST_หนองสองห้อง_ดงเค็ง_M12_U12,6,นายประยูร เทียมทะนง,1
KK10_CONST_หนองสองห้อง_ดงเค็ง_M13_U13,1,นายวันนิวัติ สมบูรณ์,157
KK10_CONST_หนองสองห้อง_ดงเค็ง_M13_U13,2,ร.ต.ท.สงวน คมขาว,1
KK10_CONST_หนองสองห้อง_ดงเค็ง_M13_U13,3,นายนิวัตร สระพรม,24
KK10_CONST_หนองสองห้อง_ดงเค็ง_M13_U13,4,นายวิระศักดิ์ สายทอง,3
KK10_CONST_หนองสองห้อง_ดงเค็ง_M13_U13,5,นายพชรกร อรรณนพพร,138
KK10_CONST_หนองสองห้อง_ดงเค็ง_M13_U13,6,นายประยูร เทียมทะนง,2
KK10_CONST_หนองสองห้อง_ดงเค็ง_M1_U1,1,นายวันนิวัติ สมบูรณ์,83
KK10_CONST_หนองสองห้อง_ดงเค็ง_M1_U1,2,ร.ต.ท.สงวน คมขาว,2
KK10_CONST_หนองสองห้อง_ดงเค็ง_M1_U1,3,นายนิวัตร สระพรม,20
KK10_CONST_หนองสองห้อง_ดงเค็ง_M1_U1,4,นายวิระศักดิ์ สายทอง,0
KK10_CONST_หนองสองห้อง_ดงเค็ง_M1_U1,5,นายพชรกร อรรณนพพร,125
KK10_CONST_หนองสองห้อง_ดงเค็ง_M1_U1,6,นายประยูร เทียมทะนง,1
KK10_CONST_หนองสองห้อง_ดงเค็ง_M2_U2,1,นายวันนิวัติ สมบูรณ์,97
KK10_CONST_หนองสองห้อง_ดงเค็ง_M2_U2,2,ร.ต.ท.สงวน คมขาว,0
KK10_CONST_หนองสองห้อง_ดงเค็ง_M2_U2,3,นายนิวัตร สระพรม,49
KK10_CONST_หนองสองห้อง_ดงเค็ง_M2_U2,4,นายวิระศักดิ์ สายทอง,1
KK10_CONST_หนองสองห้อง_ดงเค็ง_M2_U2,5,นายพชรกร อรรณนพพร,128
KK10_CONST_หนองสองห้อง_ดงเค็ง_M2_U2,6,นายประยูร เทียมทะนง,1
KK10_CONST_หนองสองห้อง_ดงเค็ง_M3_U3,1,นายวันนิวัติ สมบูรณ์,137
KK10_CONST_หนองสองห้อง_ดงเค็ง_M3_U3,2,ร.ต.ท.สงวน คมขาว,5
KK10_CONST_หนองสองห้อง_ดงเค็ง_M3_U3,3,นายนิวัตร สระพรม,28
KK10_CONST_หนองสองห้อง_ดงเค็ง_M3_U3,4,นายวิระศักดิ์ สายทอง,0
KK10_CONST_หนองสองห้อง_ดงเค็ง_M3_U3,5,นายพชรกร อรรณนพพร,94
KK10_CONST_หนองสองห้อง_ดงเค็ง_M3_U3,6,นายประยูร เทียมทะนง,0
KK10_CONST_หนองสองห้อง_ดงเค็ง_M4_U4,1,นายวันนิวัติ สมบูรณ์,61
KK10_CONST_หนองสองห้อง_ดงเค็ง_M4_U4,2,ร.ต.ท.สงวน คมขาว,0
KK10_CONST_หนองสองห้อง_ดงเค็ง_M4_U4,3,นายนิวัตร สระพรม,4
KK10_CONST_หนองสองห้อง_ดงเค็ง_M4_U4,4,นายวิระศักดิ์ สายทอง,0
KK10_CONST_หนองสองห้อง_ดงเค็ง_M4_U4,5,นายพชรกร อรรณนพพร,24
KK10_CONST_หนองสองห้อง_ดงเค็ง_M4_U4,6,นายประยูร เทียมทะนง,0
KK10_CONST_หนองสองห้อง_ดงเค็ง_M5_U5,1,นายวันนิวัติ สมบูรณ์,99
KK10_CONST_หนองสองห้อง_ดงเค็ง_M5_U5,2,ร.ต.ท.สงวน คมขาว,5
KK10_CONST_หนองสองห้อง_ดงเค็ง_M5_U5,3,นายนิวัตร สระพรม,21
KK10_CONST_หนองสองห้อง_ดงเค็ง_M5_U5,4,นายวิระศักดิ์ สายทอง,0
KK10_CONST_หนองสองห้อง_ดงเค็ง_M5_U5,5,นายพชรกร อรรณนพพร,133
KK10_CONST_หนองสองห้อง_ดงเค็ง_M5_U5,6,นายประยูร เทียมทะนง,2
KK10_CONST_หนองสองห้อง_ดงเค็ง_M2_U6,1,นายวันนิวัติ สมบูรณ์,79
KK10_CONST_หนองสองห้อง_ดงเค็ง_M2_U6,2,ร.ต.ท.สงวน คมขาว,1
KK10_CONST_หนองสองห้อง_ดงเค็ง_M2_U6,3,นายนิวัตร สระพรม,17
KK10_CONST_หนองสองห้อง_ดงเค็ง_M2_U6,4,นายวิระศักดิ์ สายทอง,0
KK10_CONST_หนองสองห้อง_ดงเค็ง_M2_U6,5,นายพชรกร อรรณนพพร,100
KK10_CONST_หนองสองห้อง_ดงเค็ง_M2_U6,6,นายประยูร เทียมทะนง,0
KK10_CONST_หนองสองห้อง_ดงเค็ง_M7_U7,1,นายวันนิวัติ สมบูรณ์,151
KK10_CONST_หนองสองห้อง_ดงเค็ง_M7_U7,2,ร.ต.ท.สงวน คมขาว,4
KK10_CONST_หนองสองห้อง_ดงเค็ง_M7_U7,3,นายนิวัตร สระพรม,33
KK10_CONST_หนองสองห้อง_ดงเค็ง_M7_U7,4,นายวิระศักดิ์ สายทอง,1
KK10_CONST_หนองสองห้อง_ดงเค็ง_M7_U7,5,นายพชรกร อรรณนพพร,200
KK10_CONST_หนองสองห้อง_ดงเค็ง_M7_U7,6,นายประยูร เทียมทะนง,2
KK10_CONST_หนองสองห้อง_ดงเค็ง_M8_U8,1,นายวันนิวัติ สมบูรณ์,104
KK10_CONST_หนองสองห้อง_ดงเค็ง_M8_U8,2,ร.ต.ท.สงวน คมขาว,1
KK10_CONST_หนองสองห้อง_ดงเค็ง_M8_U8,3,นายนิวัตร สระพรม,26
KK10_CONST_หนองสองห้อง_ดงเค็ง_M8_U8,4,นายวิระศักดิ์ สายทอง,0
KK10_CONST_หนองสองห้อง_ดงเค็ง_M8_U8,5,นายพชรกร อรรณนพพร,121
KK10_CONST_หนองสองห้อง_ดงเค็ง_M8_U8,6,นายประยูร เทียมทะนง,0
KK10_CONST_หนองสองห้อง_ดงเค็ง_M1_U9,1,นายวันนิวัติ สมบูรณ์,41
KK10_CONST_หนองสองห้อง_ดงเค็ง_M1_U9,2,ร.ต.ท.สงวน คมขาว,3
KK10_CONST_หนองสองห้อง_ดงเค็ง_M1_U9,3,นายนิวัตร สระพรม,15
KK10_CONST_หนองสองห้อง_ดงเค็ง_M1_U9,4,นายวิระศักดิ์ สายทอง,0
KK10_CONST_หนองสองห้อง_ดงเค็ง_M1_U9,5,นายพชรกร อรรณนพพร,97
KK10_CONST_หนองสองห้อง_ดงเค็ง_M1_U9,6,นายประยูร เทียมทะนง,0
KK10_CONST_หนองสองห้อง_ดอนดั่ง_M10_U10,1,นายวันนิวัติ สมบูรณ์,42
KK10_CONST_หนองสองห้อง_ดอนดั่ง_M10_U10,2,ร.ต.ท.สงวน คมขาว,1
KK10_CONST_หนองสองห้อง_ดอนดั่ง_M10_U10,3,นายนิวัตร สระพรม,7
KK10_CONST_หนองสองห้อง_ดอนดั่ง_M10_U10,4,นายวิระศักดิ์ สายทอง,0
KK10_CONST_หนองสองห้อง_ดอนดั่ง_M10_U10,5,นายพชรกร อรรณนพพร,23
KK10_CONST_หนองสองห้อง_ดอนดั่ง_M10_U10,6,นายประยูร เทียมทะนง,0
KK10_CONST_หนองสองห้อง_ดอนดั่ง_M1_U1,1,นายวันนิวัติ สมบูรณ์,43
KK10_CONST_หนองสองห้อง_ดอนดั่ง_M1_U1,2,ร.ต.ท.สงวน คมขาว,0
KK10_CONST_หนองสองห้อง_ดอนดั่ง_M1_U1,3,นายนิวัตร สระพรม,20
KK10_CONST_หนองสองห้อง_ดอนดั่ง_M1_U1,4,นายวิระศักดิ์ สายทอง,0
KK10_CONST_หนองสองห้อง_ดอนดั่ง_M1_U1,5,นายพชรกร อรรณนพพร,124
KK10_CONST_หนองสองห้อง_ดอนดั่ง_M1_U1,6,นายประยูร เทียมทะนง,2
KK10_CONST_หนองสองห้อง_ดอนดั่ง_M2_U2,1,นายวันนิวัติ สมบูรณ์,109
KK10_CONST_หนองสองห้อง_ดอนดั่ง_M2_U2,2,ร.ต.ท.สงวน คมขาว,2
KK10_CONST_หนองสองห้อง_ดอนดั่ง_M2_U2,3,นายนิวัตร สระพรม,25
KK10_CONST_หนองสองห้อง_ดอนดั่ง_M2_U2,4,นายวิระศักดิ์ สายทอง,1
KK10_CONST_หนองสองห้อง_ดอนดั่ง_M2_U2,5,นายพชรกร อรรณนพพร,136
KK10_CONST_หนองสองห้อง_ดอนดั่ง_M2_U2,6,นายประยูร เทียมทะนง,0
KK10_CONST_หนองสองห้อง_ดอนดั่ง_M3_U3,1,นายวันนิวัติ สมบูรณ์,75
KK10_CONST_หนองสองห้อง_ดอนดั่ง_M3_U3,2,ร.ต.ท.สงวน คมขาว,1
KK10_CONST_หนองสองห้อง_ดอนดั่ง_M3_U3,3,นายนิวัตร สระพรม,5
KK10_CONST_หนองสองห้อง_ดอนดั่ง_M3_U3,4,นายวิระศักดิ์ สายทอง,0
KK10_CONST_หนองสองห้อง_ดอนดั่ง_M3_U3,5,นายพชรกร อรรณนพพร,69
KK10_CONST_หนองสองห้อง_ดอนดั่ง_M3_U3,6,นายประยูร เทียมทะนง,1
KK10_CONST_หนองสองห้อง_ดอนดั่ง_M4_U4,1,นายวันนิวัติ สมบูรณ์,99
KK10_CONST_หนองสองห้อง_ดอนดั่ง_M4_U4,2,ร.ต.ท.สงวน คมขาว,6
KK10_CONST_หนองสองห้อง_ดอนดั่ง_M4_U4,3,นายนิวัตร สระพรม,55
KK10_CONST_หนองสองห้อง_ดอนดั่ง_M4_U4,4,นายวิระศักดิ์ สายทอง,1
KK10_CONST_หนองสองห้อง_ดอนดั่ง_M4_U4,5,นายพชรกร อรรณนพพร,222
KK10_CONST_หนองสองห้อง_ดอนดั่ง_M4_U4,6,นายประยูร เทียมทะนง,3
KK10_CONST_หนองสองห้อง_ดอนดั่ง_M5_U5,1,นายวันนิวัติ สมบูรณ์,73
KK10_CONST_หนองสองห้อง_ดอนดั่ง_M5_U5,2,ร.ต.ท.สงวน คมขาว,2
KK10_CONST_หนองสองห้อง_ดอนดั่ง_M5_U5,3,นายนิวัตร สระพรม,9
KK10_CONST_หนองสองห้อง_ดอนดั่ง_M5_U5,4,นายวิระศักดิ์ สายทอง,0
KK10_CONST_หนองสองห้อง_ดอนดั่ง_M5_U5,5,นายพชรกร อรรณนพพร,99
KK10_CONST_หนองสองห้อง_ดอนดั่ง_M5_U5,6,นายประยูร เทียมทะนง,0
KK10_CONST_หนองสองห้อง_ดอนดั่ง_M6_U6,1,นายวันนิวัติ สมบูรณ์,80
KK10_CONST_หนองสองห้อง_ดอนดั่ง_M6_U6,2,ร.ต.ท.สงวน คมขาว,1
KK10_CONST_หนองสองห้อง_ดอนดั่ง_M6_U6,3,นายนิวัตร สระพรม,14
KK10_CONST_หนองสองห้อง_ดอนดั่ง_M6_U6,4,นายวิระศักดิ์ สายทอง,0
KK10_CONST_หนองสองห้อง_ดอนดั่ง_M6_U6,5,นายพชรกร อรรณนพพร,100
KK10_CONST_หนองสองห้อง_ดอนดั่ง_M6_U6,6,นายประยูร เทียมทะนง,0
KK10_CONST_หนองสองห้อง_ดอนดั่ง_M7_U7,1,นายวันนิวัติ สมบูรณ์,72
KK10_CONST_หนองสองห้อง_ดอนดั่ง_M7_U7,2,ร.ต.ท.สงวน คมขาว,1
KK10_CONST_หนองสองห้อง_ดอนดั่ง_M7_U7,3,นายนิวัตร สระพรม,16
KK10_CONST_หนองสองห้อง_ดอนดั่ง_M7_U7,4,นายวิระศักดิ์ สายทอง,0
KK10_CONST_หนองสองห้อง_ดอนดั่ง_M7_U7,5,นายพชรกร อรรณนพพร,191
KK10_CONST_หนองสองห้อง_ดอนดั่ง_M7_U7,6,นายประยูร เทียมทะนง,2
KK10_CONST_หนองสองห้อง_ดอนดั่ง_M8_U8,1,นายวันนิวัติ สมบูรณ์,76
KK10_CONST_หนองสองห้อง_ดอนดั่ง_M8_U8,2,ร.ต.ท.สงวน คมขาว,4
KK10_CONST_หนองสองห้อง_ดอนดั่ง_M8_U8,3,นายนิวัตร สระพรม,14
KK10_CONST_หนองสองห้อง_ดอนดั่ง_M8_U8,4,นายวิระศักดิ์ สายทอง,0
KK10_CONST_หนองสองห้อง_ดอนดั่ง_M8_U8,5,นายพชรกร อรรณนพพร,108
KK10_CONST_หนองสองห้อง_ดอนดั่ง_M8_U8,6,นายประยูร เทียมทะนง,0
KK10_CONST_หนองสองห้อง_ดอนดั่ง_M9_U9,1,นายวันนิวัติ สมบูรณ์,60
KK10_CONST_หนองสองห้อง_ดอนดั่ง_M9_U9,2,ร.ต.ท.สงวน คมขาว,2
KK10_CONST_หนองสองห้อง_ดอนดั่ง_M9_U9,3,นายนิวัตร สระพรม,16
KK10_CONST_หนองสองห้อง_ดอนดั่ง_M9_U9,4,นายวิระศักดิ์ สายทอง,2
KK10_CONST_หนองสองห้อง_ดอนดั่ง_M9_U9,5,นายพชรกร อรรณนพพร,80
KK10_CONST_หนองสองห้อง_ดอนดั่ง_M9_U9,6,นายประยูร เทียมทะนง,1
KK10_CONST_หนองสองห้อง_ดอนดู่_M10_U10,1,นายวันนิวัติ สมบูรณ์,41
KK10_CONST_หนองสองห้อง_ดอนดู่_M10_U10,2,ร.ต.ท.สงวน คมขาว,2
KK10_CONST_หนองสองห้อง_ดอนดู่_M10_U10,3,นายนิวัตร สระพรม,7
KK10_CONST_หนองสองห้อง_ดอนดู่_M10_U10,4,นายวิระศักดิ์ สายทอง,1
KK10_CONST_หนองสองห้อง_ดอนดู่_M10_U10,5,นายพชรกร อรรณนพพร,62
KK10_CONST_หนองสองห้อง_ดอนดู่_M10_U10,6,นายประยูร เทียมทะนง,0
KK10_CONST_หนองสองห้อง_ดอนดู่_M11_U11,1,นายวันนิวัติ สมบูรณ์,54
KK10_CONST_หนองสองห้อง_ดอนดู่_M11_U11,2,ร.ต.ท.สงวน คมขาว,4
KK10_CONST_หนองสองห้อง_ดอนดู่_M11_U11,3,นายนิวัตร สระพรม,6
KK10_CONST_หนองสองห้อง_ดอนดู่_M11_U11,4,นายวิระศักดิ์ สายทอง,0
KK10_CONST_หนองสองห้อง_ดอนดู่_M11_U11,5,นายพชรกร อรรณนพพร,71
KK10_CONST_หนองสองห้อง_ดอนดู่_M11_U11,6,นายประยูร เทียมทะนง,0
KK10_CONST_หนองสองห้อง_ดอนดู่_M12_U12,1,นายวันนิวัติ สมบูรณ์,61
KK10_CONST_หนองสองห้อง_ดอนดู่_M12_U12,2,ร.ต.ท.สงวน คมขาว,1
KK10_CONST_หนองสองห้อง_ดอนดู่_M12_U12,3,นายนิวัตร สระพรม,25
KK10_CONST_หนองสองห้อง_ดอนดู่_M12_U12,4,นายวิระศักดิ์ สายทอง,1
KK10_CONST_หนองสองห้อง_ดอนดู่_M12_U12,5,นายพชรกร อรรณนพพร,161
KK10_CONST_หนองสองห้อง_ดอนดู่_M12_U12,6,นายประยูร เทียมทะนง,2
KK10_CONST_หนองสองห้อง_ดอนดู่_M1_U1,1,นายวันนิวัติ สมบูรณ์,157
KK10_CONST_หนองสองห้อง_ดอนดู่_M1_U1,2,ร.ต.ท.สงวน คมขาว,1
KK10_CONST_หนองสองห้อง_ดอนดู่_M1_U1,3,นายนิวัตร สระพรม,27
KK10_CONST_หนองสองห้อง_ดอนดู่_M1_U1,4,นายวิระศักดิ์ สายทอง,0
KK10_CONST_หนองสองห้อง_ดอนดู่_M1_U1,5,นายพชรกร อรรณนพพร,239
KK10_CONST_หนองสองห้อง_ดอนดู่_M1_U1,6,นายประยูร เทียมทะนง,0
KK10_CONST_หนองสองห้อง_ดอนดู่_M2_U2,1,นายวันนิวัติ สมบูรณ์,225
KK10_CONST_หนองสองห้อง_ดอนดู่_M2_U2,2,ร.ต.ท.สงวน คมขาว,2
KK10_CONST_หนองสองห้อง_ดอนดู่_M2_U2,3,นายนิวัตร สระพรม,41
KK10_CONST_หนองสองห้อง_ดอนดู่_M2_U2,4,นายวิระศักดิ์ สายทอง,1
KK10_CONST_หนองสองห้อง_ดอนดู่_M2_U2,5,นายพชรกร อรรณนพพร,179
KK10_CONST_หนองสองห้อง_ดอนดู่_M2_U2,6,นายประยูร เทียมทะนง,1
KK10_CONST_หนองสองห้อง_ดอนดู่_M3_U3,1,นายวันนิวัติ สมบูรณ์,99
KK10_CONST_หนองสองห้อง_ดอนดู่_M3_U3,2,ร.ต.ท.สงวน คมขาว,1
KK10_CONST_หนองสองห้อง_ดอนดู่_M3_U3,3,นายนิวัตร สระพรม,24
KK10_CONST_หนองสองห้อง_ดอนดู่_M3_U3,4,นายวิระศักดิ์ สายทอง,0
KK10_CONST_หนองสองห้อง_ดอนดู่_M3_U3,5,นายพชรกร อรรณนพพร,216
KK10_CONST_หนองสองห้อง_ดอนดู่_M3_U3,6,นายประยูร เทียมทะนง,0
KK10_CONST_หนองสองห้อง_ดอนดู่_M4_U4,1,นายวันนิวัติ สมบูรณ์,163
KK10_CONST_หนองสองห้อง_ดอนดู่_M4_U4,2,ร.ต.ท.สงวน คมขาว,2
KK10_CONST_หนองสองห้อง_ดอนดู่_M4_U4,3,นายนิวัตร สระพรม,31
KK10_CONST_หนองสองห้อง_ดอนดู่_M4_U4,4,นายวิระศักดิ์ สายทอง,1
KK10_CONST_หนองสองห้อง_ดอนดู่_M4_U4,5,นายพชรกร อรรณนพพร,175
KK10_CONST_หนองสองห้อง_ดอนดู่_M4_U4,6,นายประยูร เทียมทะนง,1
KK10_CONST_หนองสองห้อง_ดอนดู่_M5_U5,1,นายวันนิวัติ สมบูรณ์,51
KK10_CONST_หนองสองห้อง_ดอนดู่_M5_U5,2,ร.ต.ท.สงวน คมขาว,2
KK10_CONST_หนองสองห้อง_ดอนดู่_M5_U5,3,นายนิวัตร สระพรม,27
KK10_CONST_หนองสองห้อง_ดอนดู่_M5_U5,4,นายวิระศักดิ์ สายทอง,0
KK10_CONST_หนองสองห้อง_ดอนดู่_M5_U5,5,นายพชรกร อรรณนพพร,168
KK10_CONST_หนองสองห้อง_ดอนดู่_M5_U5,6,นายประยูร เทียมทะนง,0
KK10_CONST_หนองสองห้อง_ดอนดู่_M6_U6,1,นายวันนิวัติ สมบูรณ์,107
KK10_CONST_หนองสองห้อง_ดอนดู่_M6_U6,2,ร.ต.ท.สงวน คมขาว,7
KK10_CONST_หนองสองห้อง_ดอนดู่_M6_U6,3,นายนิวัตร สระพรม,24
KK10_CONST_หนองสองห้อง_ดอนดู่_M6_U6,4,นายวิระศักดิ์ สายทอง,1
KK10_CONST_หนองสองห้อง_ดอนดู่_M6_U6,5,นายพชรกร อรรณนพพร,279
KK10_CONST_หนองสองห้อง_ดอนดู่_M6_U6,6,นายประยูร เทียมทะนง,0
KK10_CONST_หนองสองห้อง_ดอนดู่_M7_U7,1,นายวันนิวัติ สมบูรณ์,106
KK10_CONST_หนองสองห้อง_ดอนดู่_M7_U7,2,ร.ต.ท.สงวน คมขาว,1
KK10_CONST_หนองสองห้อง_ดอนดู่_M7_U7,3,นายนิวัตร สระพรม,11
KK10_CONST_หนองสองห้อง_ดอนดู่_M7_U7,4,นายวิระศักดิ์ สายทอง,0
KK10_CONST_หนองสองห้อง_ดอนดู่_M7_U7,5,นายพชรกร อรรณนพพร,84
KK10_CONST_หนองสองห้อง_ดอนดู่_M7_U7,6,นายประยูร เทียมทะนง,0
KK10_CONST_หนองสองห้อง_ดอนดู่_M8_U8,1,นายวันนิวัติ สมบูรณ์,124
KK10_CONST_หนองสองห้อง_ดอนดู่_M8_U8,2,ร.ต.ท.สงวน คมขาว,0
KK10_CONST_หนองสองห้อง_ดอนดู่_M8_U8,3,นายนิวัตร สระพรม,23
KK10_CONST_หนองสองห้อง_ดอนดู่_M8_U8,4,นายวิระศักดิ์ สายทอง,0
KK10_CONST_หนองสองห้อง_ดอนดู่_M8_U8,5,นายพชรกร อรรณนพพร,185
KK10_CONST_หนองสองห้อง_ดอนดู่_M8_U8,6,นายประยูร เทียมทะนง,0
KK10_CONST_หนองสองห้อง_ดอนดู่_M9_U9,1,นายวันนิวัติ สมบูรณ์,113
KK10_CONST_หนองสองห้อง_ดอนดู่_M9_U9,2,ร.ต.ท.สงวน คมขาว,4
KK10_CONST_หนองสองห้อง_ดอนดู่_M9_U9,3,นายนิวัตร สระพรม,20
KK10_CONST_หนองสองห้อง_ดอนดู่_M9_U9,4,นายวิระศักดิ์ สายทอง,1
KK10_CONST_หนองสองห้อง_ดอนดู่_M9_U9,5,นายพชรกร อรรณนพพร,187
KK10_CONST_หนองสองห้อง_ดอนดู่_M9_U9,6,นายประยูร เทียมทะนง,2
KK10_CONST_หนองสองห้อง_ตะกั่วป่า_M10_U10,1,นายวันนิวัติ สมบูรณ์,51
KK10_CONST_หนองสองห้อง_ตะกั่วป่า_M10_U10,2,ร.ต.ท.สงวน คมขาว,2
KK10_CONST_หนองสองห้อง_ตะกั่วป่า_M10_U10,3,นายนิวัตร สระพรม,6
KK10_CONST_หนองสองห้อง_ตะกั่วป่า_M10_U10,4,นายวิระศักดิ์ สายทอง,0
KK10_CONST_หนองสองห้อง_ตะกั่วป่า_M10_U10,5,นายพชรกร อรรณนพพร,50
KK10_CONST_หนองสองห้อง_ตะกั่วป่า_M10_U10,6,นายประยูร เทียมทะนง,1
KK10_CONST_หนองสองห้อง_ตะกั่วป่า_M1_U1,1,นายวันนิวัติ สมบูรณ์,164
KK10_CONST_หนองสองห้อง_ตะกั่วป่า_M1_U1,2,ร.ต.ท.สงวน คมขาว,1
KK10_CONST_หนองสองห้อง_ตะกั่วป่า_M1_U1,3,นายนิวัตร สระพรม,30
KK10_CONST_หนองสองห้อง_ตะกั่วป่า_M1_U1,4,นายวิระศักดิ์ สายทอง,4
KK10_CONST_หนองสองห้อง_ตะกั่วป่า_M1_U1,5,นายพชรกร อรรณนพพร,192
KK10_CONST_หนองสองห้อง_ตะกั่วป่า_M1_U1,6,นายประยูร เทียมทะนง,0
KK10_CONST_หนองสองห้อง_ตะกั่วป่า_M2_U2,1,นายวันนิวัติ สมบูรณ์,110
KK10_CONST_หนองสองห้อง_ตะกั่วป่า_M2_U2,2,ร.ต.ท.สงวน คมขาว,0
KK10_CONST_หนองสองห้อง_ตะกั่วป่า_M2_U2,3,นายนิวัตร สระพรม,4
KK10_CONST_หนองสองห้อง_ตะกั่วป่า_M2_U2,4,นายวิระศักดิ์ สายทอง,0
KK10_CONST_หนองสองห้อง_ตะกั่วป่า_M2_U2,5,นายพชรกร อรรณนพพร,88
KK10_CONST_หนองสองห้อง_ตะกั่วป่า_M2_U2,6,นายประยูร เทียมทะนง,0
KK10_CONST_หนองสองห้อง_ตะกั่วป่า_M3_U3,1,นายวันนิวัติ สมบูรณ์,146
KK10_CONST_หนองสองห้อง_ตะกั่วป่า_M3_U3,2,ร.ต.ท.สงวน คมขาว,4
KK10_CONST_หนองสองห้อง_ตะกั่วป่า_M3_U3,3,นายนิวัตร สระพรม,26
KK10_CONST_หนองสองห้อง_ตะกั่วป่า_M3_U3,4,นายวิระศักดิ์ สายทอง,0
KK10_CONST_หนองสองห้อง_ตะกั่วป่า_M3_U3,5,นายพชรกร อรรณนพพร,229
KK10_CONST_หนองสองห้อง_ตะกั่วป่า_M3_U3,6,นายประยูร เทียมทะนง,0
KK10_CONST_หนองสองห้อง_ตะกั่วป่า_M4_U4,1,นายวันนิวัติ สมบูรณ์,82
KK10_CONST_หนองสองห้อง_ตะกั่วป่า_M4_U4,2,ร.ต.ท.สงวน คมขาว,2
KK10_CONST_หนองสองห้อง_ตะกั่วป่า_M4_U4,3,นายนิวัตร สระพรม,6
KK10_CONST_หนองสองห้อง_ตะกั่วป่า_M4_U4,4,นายวิระศักดิ์ สายทอง,0
KK10_CONST_หนองสองห้อง_ตะกั่วป่า_M4_U4,5,นายพชรกร อรรณนพพร,37
KK10_CONST_หนองสองห้อง_ตะกั่วป่า_M4_U4,6,นายประยูร เทียมทะนง,0
KK10_CONST_หนองสองห้อง_ตะกั่วป่า_M5_U5,1,นายวันนิวัติ สมบูรณ์,136
KK10_CONST_หนองสองห้อง_ตะกั่วป่า_M5_U5,2,ร.ต.ท.สงวน คมขาว,4
KK10_CONST_หนองสองห้อง_ตะกั่วป่า_M5_U5,3,นายนิวัตร สระพรม,51
KK10_CONST_หนองสองห้อง_ตะกั่วป่า_M5_U5,4,นายวิระศักดิ์ สายทอง,4
KK10_CONST_หนองสองห้อง_ตะกั่วป่า_M5_U5,5,นายพชรกร อรรณนพพร,309
KK10_CONST_หนองสองห้อง_ตะกั่วป่า_M5_U5,6,นายประยูร เทียมทะนง,3
KK10_CONST_หนองสองห้อง_ตะกั่วป่า_M6_U6,1,นายวันนิวัติ สมบูรณ์,151
KK10_CONST_หนองสองห้อง_ตะกั่วป่า_M6_U6,2,ร.ต.ท.สงวน คมขาว,0
KK10_CONST_หนองสองห้อง_ตะกั่วป่า_M6_U6,3,นายนิวัตร สระพรม,15
KK10_CONST_หนองสองห้อง_ตะกั่วป่า_M6_U6,4,นายวิระศักดิ์ สายทอง,0
KK10_CONST_หนองสองห้อง_ตะกั่วป่า_M6_U6,5,นายพชรกร อรรณนพพร,110
KK10_CONST_หนองสองห้อง_ตะกั่วป่า_M6_U6,6,นายประยูร เทียมทะนง,1
KK10_CONST_หนองสองห้อง_ตะกั่วป่า_M7_U7,1,นายวันนิวัติ สมบูรณ์,113
KK10_CONST_หนองสองห้อง_ตะกั่วป่า_M7_U7,2,ร.ต.ท.สงวน คมขาว,1
KK10_CONST_หนองสองห้อง_ตะกั่วป่า_M7_U7,3,นายนิวัตร สระพรม,11
KK10_CONST_หนองสองห้อง_ตะกั่วป่า_M7_U7,4,นายวิระศักดิ์ สายทอง,0
KK10_CONST_หนองสองห้อง_ตะกั่วป่า_M7_U7,5,นายพชรกร อรรณนพพร,116
KK10_CONST_หนองสองห้อง_ตะกั่วป่า_M7_U7,6,นายประยูร เทียมทะนง,2
KK10_CONST_หนองสองห้อง_ตะกั่วป่า_M8_U8,1,นายวันนิวัติ สมบูรณ์,141
KK10_CONST_หนองสองห้อง_ตะกั่วป่า_M8_U8,2,ร.ต.ท.สงวน คมขาว,3
KK10_CONST_หนองสองห้อง_ตะกั่วป่า_M8_U8,3,นายนิวัตร สระพรม,27
KK10_CONST_หนองสองห้อง_ตะกั่วป่า_M8_U8,4,นายวิระศักดิ์ สายทอง,3
KK10_CONST_หนองสองห้อง_ตะกั่วป่า_M8_U8,5,นายพชรกร อรรณนพพร,195
KK10_CONST_หนองสองห้อง_ตะกั่วป่า_M8_U8,6,นายประยูร เทียมทะนง,3
KK10_CONST_หนองสองห้อง_ตะกั่วป่า_M9_U9,1,นายวันนิวัติ สมบูรณ์,59
KK10_CONST_หนองสองห้อง_ตะกั่วป่า_M9_U9,2,ร.ต.ท.สงวน คมขาว,2
KK10_CONST_หนองสองห้อง_ตะกั่วป่า_M9_U9,3,นายนิวัตร สระพรม,11
KK10_CONST_หนองสองห้อง_ตะกั่วป่า_M9_U9,4,นายวิระศักดิ์ สายทอง,0
KK10_CONST_หนองสองห้อง_ตะกั่วป่า_M9_U9,5,นายพชรกร อรรณนพพร,63
KK10_CONST_หนองสองห้อง_ตะกั่วป่า_M9_U9,6,นายประยูร เทียมทะนง,1
KK10_CONST_หนองสองห้อง_วังหิน_M1_U1,1,นายวันนิวัติ สมบูรณ์,110
KK10_CONST_หนองสองห้อง_วังหิน_M1_U1,2,ร.ต.ท.สงวน คมขาว,3
KK10_CONST_หนองสองห้อง_วังหิน_M1_U1,3,นายนิวัตร สระพรม,14
KK10_CONST_หนองสองห้อง_วังหิน_M1_U1,4,นายวิระศักดิ์ สายทอง,1
KK10_CONST_หนองสองห้อง_วังหิน_M1_U1,5,นายพชรกร อรรณนพพร,154
KK10_CONST_หนองสองห้อง_วังหิน_M1_U1,6,นายประยูร เทียมทะนง,0
KK10_CONST_หนองสองห้อง_วังหิน_M2_U2,1,นายวันนิวัติ สมบูรณ์,119
KK10_CONST_หนองสองห้อง_วังหิน_M2_U2,2,ร.ต.ท.สงวน คมขาว,3
KK10_CONST_หนองสองห้อง_วังหิน_M2_U2,3,นายนิวัตร สระพรม,29
KK10_CONST_หนองสองห้อง_วังหิน_M2_U2,4,นายวิระศักดิ์ สายทอง,4
KK10_CONST_หนองสองห้อง_วังหิน_M2_U2,5,นายพชรกร อรรณนพพร,184
KK10_CONST_หนองสองห้อง_วังหิน_M2_U2,6,นายประยูร เทียมทะนง,0
KK10_CONST_หนองสองห้อง_วังหิน_M3_U3,1,นายวันนิวัติ สมบูรณ์,184
KK10_CONST_หนองสองห้อง_วังหิน_M3_U3,2,ร.ต.ท.สงวน คมขาว,6
KK10_CONST_หนองสองห้อง_วังหิน_M3_U3,3,นายนิวัตร สระพรม,40
KK10_CONST_หนองสองห้อง_วังหิน_M3_U3,4,นายวิระศักดิ์ สายทอง,1
KK10_CONST_หนองสองห้อง_วังหิน_M3_U3,5,นายพชรกร อรรณนพพร,164
KK10_CONST_หนองสองห้อง_วังหิน_M3_U3,6,นายประยูร เทียมทะนง,1
KK10_CONST_หนองสองห้อง_วังหิน_M4_U4,1,นายวันนิวัติ สมบูรณ์,143
KK10_CONST_หนองสองห้อง_วังหิน_M4_U4,2,ร.ต.ท.สงวน คมขาว,3
KK10_CONST_หนองสองห้อง_วังหิน_M4_U4,3,นายนิวัตร สระพรม,11
KK10_CONST_หนองสองห้อง_วังหิน_M4_U4,4,นายวิระศักดิ์ สายทอง,0
KK10_CONST_หนองสองห้อง_วังหิน_M4_U4,5,นายพชรกร อรรณนพพร,62
KK10_CONST_หนองสองห้อง_วังหิน_M4_U4,6,นายประยูร เทียมทะนง,0
KK10_CONST_หนองสองห้อง_วังหิน_M5_U5,1,นายวันนิวัติ สมบูรณ์,109
KK10_CONST_หนองสองห้อง_วังหิน_M5_U5,2,ร.ต.ท.สงวน คมขาว,6
KK10_CONST_หนองสองห้อง_วังหิน_M5_U5,3,นายนิวัตร สระพรม,28
KK10_CONST_หนองสองห้อง_วังหิน_M5_U5,4,นายวิระศักดิ์ สายทอง,1
KK10_CONST_หนองสองห้อง_วังหิน_M5_U5,5,นายพชรกร อรรณนพพร,117
KK10_CONST_หนองสองห้อง_วังหิน_M5_U5,6,นายประยูร เทียมทะนง,1
KK10_CONST_หนองสองห้อง_วังหิน_M6_U6,1,นายวันนิวัติ สมบูรณ์,197
KK10_CONST_หนองสองห้อง_วังหิน_M6_U6,2,ร.ต.ท.สงวน คมขาว,7
KK10_CONST_หนองสองห้อง_วังหิน_M6_U6,3,นายนิวัตร สระพรม,26
KK10_CONST_หนองสองห้อง_วังหิน_M6_U6,4,นายวิระศักดิ์ สายทอง,2
KK10_CONST_หนองสองห้อง_วังหิน_M6_U6,5,นายพชรกร อรรณนพพร,191
KK10_CONST_หนองสองห้อง_วังหิน_M6_U6,6,นายประยูร เทียมทะนง,1
KK10_CONST_หนองสองห้อง_วังหิน_M7_U7,1,นายวันนิวัติ สมบูรณ์,106
KK10_CONST_หนองสองห้อง_วังหิน_M7_U7,2,ร.ต.ท.สงวน คมขาว,2
KK10_CONST_หนองสองห้อง_วังหิน_M7_U7,3,นายนิวัตร สระพรม,28
KK10_CONST_หนองสองห้อง_วังหิน_M7_U7,4,นายวิระศักดิ์ สายทอง,0
KK10_CONST_หนองสองห้อง_วังหิน_M7_U7,5,นายพชรกร อรรณนพพร,159
KK10_CONST_หนองสองห้อง_วังหิน_M7_U7,6,นายประยูร เทียมทะนง,0
KK10_CONST_หนองสองห้อง_วังหิน_M9_U8,1,นายวันนิวัติ สมบูรณ์,92
KK10_CONST_หนองสองห้อง_วังหิน_M9_U8,2,ร.ต.ท.สงวน คมขาว,1
KK10_CONST_หนองสองห้อง_วังหิน_M9_U8,3,นายนิวัตร สระพรม,10
KK10_CONST_หนองสองห้อง_วังหิน_M9_U8,4,นายวิระศักดิ์ สายทอง,0
KK10_CONST_หนองสองห้อง_วังหิน_M9_U8,5,นายพชรกร อรรณนพพร,58
KK10_CONST_หนองสองห้อง_วังหิน_M9_U8,6,นายประยูร เทียมทะนง,1
KK10_CONST_หนองสองห้อง_สำโรง_M1_U1,1,นายวันนิวัติ สมบูรณ์,184
KK10_CONST_หนองสองห้อง_สำโรง_M1_U1,2,ร.ต.ท.สงวน คมขาว,5
KK10_CONST_หนองสองห้อง_สำโรง_M1_U1,3,นายนิวัตร สระพรม,23
KK10_CONST_หนองสองห้อง_สำโรง_M1_U1,4,นายวิระศักดิ์ สายทอง,3
KK10_CONST_หนองสองห้อง_สำโรง_M1_U1,5,นายพชรกร อรรณนพพร,139
KK10_CONST_หนองสองห้อง_สำโรง_M1_U1,6,นายประยูร เทียมทะนง,2
KK10_CONST_หนองสองห้อง_สำโรง_M2_U2,1,นายวันนิวัติ สมบูรณ์,116
KK10_CONST_หนองสองห้อง_สำโรง_M2_U2,2,ร.ต.ท.สงวน คมขาว,5
KK10_CONST_หนองสองห้อง_สำโรง_M2_U2,3,นายนิวัตร สระพรม,15
KK10_CONST_หนองสองห้อง_สำโรง_M2_U2,4,นายวิระศักดิ์ สายทอง,2
KK10_CONST_หนองสองห้อง_สำโรง_M2_U2,5,นายพชรกร อรรณนพพร,149
KK10_CONST_หนองสองห้อง_สำโรง_M2_U2,6,นายประยูร เทียมทะนง,1
KK10_CONST_หนองสองห้อง_สำโรง_M3_U3,1,นายวันนิวัติ สมบูรณ์,111
KK10_CONST_หนองสองห้อง_สำโรง_M3_U3,2,ร.ต.ท.สงวน คมขาว,3
KK10_CONST_หนองสองห้อง_สำโรง_M3_U3,3,นายนิวัตร สระพรม,28
KK10_CONST_หนองสองห้อง_สำโรง_M3_U3,4,นายวิระศักดิ์ สายทอง,3
KK10_CONST_หนองสองห้อง_สำโรง_M3_U3,5,นายพชรกร อรรณนพพร,140
KK10_CONST_หนองสองห้อง_สำโรง_M3_U3,6,นายประยูร เทียมทะนง,0
KK10_CONST_หนองสองห้อง_สำโรง_M4_U4,1,นายวันนิวัติ สมบูรณ์,87
KK10_CONST_หนองสองห้อง_สำโรง_M4_U4,2,ร.ต.ท.สงวน คมขาว,1
KK10_CONST_หนองสองห้อง_สำโรง_M4_U4,3,นายนิวัตร สระพรม,10
KK10_CONST_หนองสองห้อง_สำโรง_M4_U4,4,นายวิระศักดิ์ สายทอง,0
KK10_CONST_หนองสองห้อง_สำโรง_M4_U4,5,นายพชรกร อรรณนพพร,55
KK10_CONST_หนองสองห้อง_สำโรง_M4_U4,6,นายประยูร เทียมทะนง,1
KK10_CONST_หนองสองห้อง_สำโรง_M5_U5,1,นายวันนิวัติ สมบูรณ์,112
KK10_CONST_หนองสองห้อง_สำโรง_M5_U5,2,ร.ต.ท.สงวน คมขาว,4
KK10_CONST_หนองสองห้อง_สำโรง_M5_U5,3,นายนิวัตร สระพรม,23
KK10_CONST_หนองสองห้อง_สำโรง_M5_U5,4,นายวิระศักดิ์ สายทอง,0
KK10_CONST_หนองสองห้อง_สำโรง_M5_U5,5,นายพชรกร อรรณนพพร,104
KK10_CONST_หนองสองห้อง_สำโรง_M5_U5,6,นายประยูร เทียมทะนง,2
KK10_CONST_หนองสองห้อง_สำโรง_M6_U6,1,นายวันนิวัติ สมบูรณ์,113
KK10_CONST_หนองสองห้อง_สำโรง_M6_U6,2,ร.ต.ท.สงวน คมขาว,4
KK10_CONST_หนองสองห้อง_สำโรง_M6_U6,3,นายนิวัตร สระพรม,20
KK10_CONST_หนองสองห้อง_สำโรง_M6_U6,4,นายวิระศักดิ์ สายทอง,1
KK10_CONST_หนองสองห้อง_สำโรง_M6_U6,5,นายพชรกร อรรณนพพร,193
KK10_CONST_หนองสองห้อง_สำโรง_M6_U6,6,นายประยูร เทียมทะนง,0
KK10_CONST_หนองสองห้อง_สำโรง_M7_U7,1,นายวันนิวัติ สมบูรณ์,153
KK10_CONST_หนองสองห้อง_สำโรง_M7_U7,2,ร.ต.ท.สงวน คมขาว,5
KK10_CONST_หนองสองห้อง_สำโรง_M7_U7,3,นายนิวัตร สระพรม,43
KK10_CONST_หนองสองห้อง_สำโรง_M7_U7,4,นายวิระศักดิ์ สายทอง,2
KK10_CONST_หนองสองห้อง_สำโรง_M7_U7,5,นายพชรกร อรรณนพพร,117
KK10_CONST_หนองสองห้อง_สำโรง_M7_U7,6,นายประยูร เทียมทะนง,2
KK10_CONST_หนองสองห้อง_สำโรง_M8_U8,1,นายวันนิวัติ สมบูรณ์,188
KK10_CONST_หนองสองห้อง_สำโรง_M8_U8,2,ร.ต.ท.สงวน คมขาว,9
KK10_CONST_หนองสองห้อง_สำโรง_M8_U8,3,นายนิวัตร สระพรม,49
KK10_CONST_หนองสองห้อง_สำโรง_M8_U8,4,นายวิระศักดิ์ สายทอง,0
KK10_CONST_หนองสองห้อง_สำโรง_M8_U8,5,นายพชรกร อรรณนพพร,126
KK10_CONST_หนองสองห้อง_สำโรง_M8_U8,6,นายประยูร เทียมทะนง,0
KK10_CONST_หนองสองห้อง_สำโรง_M9_U9,1,นายวันนิวัติ สมบูรณ์,105
KK10_CONST_หนองสองห้อง_สำโรง_M9_U9,2,ร.ต.ท.สงวน คมขาว,2
KK10_CONST_หนองสองห้อง_สำโรง_M9_U9,3,นายนิวัตร สระพรม,17
KK10_CONST_หนองสองห้อง_สำโรง_M9_U9,4,นายวิระศักดิ์ สายทอง,2
KK10_CONST_หนองสองห้อง_สำโรง_M9_U9,5,นายพชรกร อรรณนพพร,94
KK10_CONST_หนองสองห้อง_สำโรง_M9_U9,6,นายประยูร เทียมทะนง,1
KK10_CONST_หนองสองห้อง_หนองสองห้อง_M7_U10,1,นายวันนิวัติ สมบูรณ์,67
KK10_CONST_หนองสองห้อง_หนองสองห้อง_M7_U10,2,ร.ต.ท.สงวน คมขาว,2
KK10_CONST_หนองสองห้อง_หนองสองห้อง_M7_U10,3,นายนิวัตร สระพรม,17
KK10_CONST_หนองสองห้อง_หนองสองห้อง_M7_U10,4,นายวิระศักดิ์ สายทอง,0
KK10_CONST_หนองสองห้อง_หนองสองห้อง_M7_U10,5,นายพชรกร อรรณนพพร,88
KK10_CONST_หนองสองห้อง_หนองสองห้อง_M7_U10,6,นายประยูร เทียมทะนง,1
KK10_CONST_หนองสองห้อง_หนองสองห้อง_M8_U11,1,นายวันนิวัติ สมบูรณ์,128
KK10_CONST_หนองสองห้อง_หนองสองห้อง_M8_U11,2,ร.ต.ท.สงวน คมขาว,4
KK10_CONST_หนองสองห้อง_หนองสองห้อง_M8_U11,3,นายนิวัตร สระพรม,33
KK10_CONST_หนองสองห้อง_หนองสองห้อง_M8_U11,4,นายวิระศักดิ์ สายทอง,2
KK10_CONST_หนองสองห้อง_หนองสองห้อง_M8_U11,5,นายพชรกร อรรณนพพร,263
KK10_CONST_หนองสองห้อง_หนองสองห้อง_M8_U11,6,นายประยูร เทียมทะนง,1
KK10_CONST_หนองสองห้อง_หนองสองห้อง_M9_U12,1,นายวันนิวัติ สมบูรณ์,64
KK10_CONST_หนองสองห้อง_หนองสองห้อง_M9_U12,2,ร.ต.ท.สงวน คมขาว,0
KK10_CONST_หนองสองห้อง_หนองสองห้อง_M9_U12,3,นายนิวัตร สระพรม,13
KK10_CONST_หนองสองห้อง_หนองสองห้อง_M9_U12,4,นายวิระศักดิ์ สายทอง,0
KK10_CONST_หนองสองห้อง_หนองสองห้อง_M9_U12,5,นายพชรกร อรรณนพพร,116
KK10_CONST_หนองสองห้อง_หนองสองห้อง_M9_U12,6,นายประยูร เทียมทะนง,0
KK10_CONST_หนองสองห้อง_หนองสองห้อง_M10_U13,1,นายวันนิวัติ สมบูรณ์,71
KK10_CONST_หนองสองห้อง_หนองสองห้อง_M10_U13,2,ร.ต.ท.สงวน คมขาว,2
KK10_CONST_หนองสองห้อง_หนองสองห้อง_M10_U13,3,นายนิวัตร สระพรม,16
KK10_CONST_หนองสองห้อง_หนองสองห้อง_M10_U13,4,นายวิระศักดิ์ สายทอง,0
KK10_CONST_หนองสองห้อง_หนองสองห้อง_M10_U13,5,นายพชรกร อรรณนพพร,109
KK10_CONST_หนองสองห้อง_หนองสองห้อง_M10_U13,6,นายประยูร เทียมทะนง,1
KK10_CONST_หนองสองห้อง_หนองสองห้อง_M11_U14,1,นายวันนิวัติ สมบูรณ์,74
KK10_CONST_หนองสองห้อง_หนองสองห้อง_M11_U14,2,ร.ต.ท.สงวน คมขาว,1
KK10_CONST_หนองสองห้อง_หนองสองห้อง_M11_U14,3,นายนิวัตร สระพรม,17
KK10_CONST_หนองสองห้อง_หนองสองห้อง_M11_U14,4,นายวิระศักดิ์ สายทอง,0
KK10_CONST_หนองสองห้อง_หนองสองห้อง_M11_U14,5,นายพชรกร อรรณนพพร,153
KK10_CONST_หนองสองห้อง_หนองสองห้อง_M11_U14,6,นายประยูร เทียมทะนง,0
KK10_CONST_หนองสองห้อง_หนองสองห้อง_M12_U15,1,นายวันนิวัติ สมบูรณ์,79
KK10_CONST_หนองสองห้อง_หนองสองห้อง_M12_U15,2,ร.ต.ท.สงวน คมขาว,1
KK10_CONST_หนองสองห้อง_หนองสองห้อง_M12_U15,3,นายนิวัตร สระพรม,19
KK10_CONST_หนองสองห้อง_หนองสองห้อง_M12_U15,4,นายวิระศักดิ์ สายทอง,0
KK10_CONST_หนองสองห้อง_หนองสองห้อง_M12_U15,5,นายพชรกร อรรณนพพร,161
KK10_CONST_หนองสองห้อง_หนองสองห้อง_M12_U15,6,นายประยูร เทียมทะนง,4
KK10_CONST_หนองสองห้อง_หนองสองห้อง_M13_U16,1,นายวันนิวัติ สมบูรณ์,54
KK10_CONST_หนองสองห้อง_หนองสองห้อง_M13_U16,2,ร.ต.ท.สงวน คมขาว,1
KK10_CONST_หนองสองห้อง_หนองสองห้อง_M13_U16,3,นายนิวัตร สระพรม,8
KK10_CONST_หนองสองห้อง_หนองสองห้อง_M13_U16,4,นายวิระศักดิ์ สายทอง,0
KK10_CONST_หนองสองห้อง_หนองสองห้อง_M13_U16,5,นายพชรกร อรรณนพพร,92
KK10_CONST_หนองสองห้อง_หนองสองห้อง_M13_U16,6,นายประยูร เทียมทะนง,1
KK10_CONST_หนองสองห้อง_หนองสองห้อง_M14_U17,1,นายวันนิวัติ สมบูรณ์,75
KK10_CONST_หนองสองห้อง_หนองสองห้อง_M14_U17,2,ร.ต.ท.สงวน คมขาว,0
KK10_CONST_หนองสองห้อง_หนองสองห้อง_M14_U17,3,นายนิวัตร สระพรม,5
KK10_CONST_หนองสองห้อง_หนองสองห้อง_M14_U17,4,นายวิระศักดิ์ สายทอง,1
KK10_CONST_หนองสองห้อง_หนองสองห้อง_M14_U17,5,นายพชรกร อรรณนพพร,108
KK10_CONST_หนองสองห้อง_หนองสองห้อง_M14_U17,6,นายประยูร เทียมทะนง,0
KK10_CONST_หนองสองห้อง_หนองสองห้อง_M15_U18,1,นายวันนิวัติ สมบูรณ์,13
KK10_CONST_หนองสองห้อง_หนองสองห้อง_M15_U18,2,ร.ต.ท.สงวน คมขาว,1
KK10_CONST_หนองสองห้อง_หนองสองห้อง_M15_U18,3,นายนิวัตร สระพรม,1
KK10_CONST_หนองสองห้อง_หนองสองห้อง_M15_U18,4,นายวิระศักดิ์ สายทอง,0
KK10_CONST_หนองสองห้อง_หนองสองห้อง_M15_U18,5,นายพชรกร อรรณนพพร,28
KK10_CONST_หนองสองห้อง_หนองสองห้อง_M15_U18,6,นายประยูร เทียมทะนง,0
KK10_CONST_หนองสองห้อง_หนองสองห้อง_M1_U1,1,นายวันนิวัติ สมบูรณ์,167
KK10_CONST_หนองสองห้อง_หนองสองห้อง_M1_U1,2,ร.ต.ท.สงวน คมขาว,4
KK10_CONST_หนองสองห้อง_หนองสองห้อง_M1_U1,3,นายนิวัตร สระพรม,34
KK10_CONST_หนองสองห้อง_หนองสองห้อง_M1_U1,4,นายวิระศักดิ์ สายทอง,7
KK10_CONST_หนองสองห้อง_หนองสองห้อง_M1_U1,5,นายพชรกร อรรณนพพร,227
KK10_CONST_หนองสองห้อง_หนองสองห้อง_M1_U1,6,นายประยูร เทียมทะนง,7
KK10_CONST_หนองสองห้อง_หนองสองห้อง_M2_U2,1,นายวันนิวัติ สมบูรณ์,187
KK10_CONST_หนองสองห้อง_หนองสองห้อง_M2_U2,2,ร.ต.ท.สงวน คมขาว,2
KK10_CONST_หนองสองห้อง_หนองสองห้อง_M2_U2,3,นายนิวัตร สระพรม,24
KK10_CONST_หนองสองห้อง_หนองสองห้อง_M2_U2,4,นายวิระศักดิ์ สายทอง,1
KK10_CONST_หนองสองห้อง_หนองสองห้อง_M2_U2,5,นายพชรกร อรรณนพพร,247
KK10_CONST_หนองสองห้อง_หนองสองห้อง_M2_U2,6,นายประยูร เทียมทะนง,2
KK10_CONST_หนองสองห้อง_หนองสองห้อง_M3_U3,1,นายวันนิวัติ สมบูรณ์,159
KK10_CONST_หนองสองห้อง_หนองสองห้อง_M3_U3,2,ร.ต.ท.สงวน คมขาว,2
KK10_CONST_หนองสองห้อง_หนองสองห้อง_M3_U3,3,นายนิวัตร สระพรม,44
KK10_CONST_หนองสองห้อง_หนองสองห้อง_M3_U3,4,นายวิระศักดิ์ สายทอง,5
KK10_CONST_หนองสองห้อง_หนองสองห้อง_M3_U3,5,นายพชรกร อรรณนพพร,245
KK10_CONST_หนองสองห้อง_หนองสองห้อง_M3_U3,6,นายประยูร เทียมทะนง,0
KK10_CONST_หนองสองห้อง_หนองสองห้อง_M4_U4,1,นายวันนิวัติ สมบูรณ์,120
KK10_CONST_หนองสองห้อง_หนองสองห้อง_M4_U4,2,ร.ต.ท.สงวน คมขาว,1
KK10_CONST_หนองสองห้อง_หนองสองห้อง_M4_U4,3,นายนิวัตร สระพรม,21
KK10_CONST_หนองสองห้อง_หนองสองห้อง_M4_U4,4,นายวิระศักดิ์ สายทอง,1
KK10_CONST_หนองสองห้อง_หนองสองห้อง_M4_U4,5,นายพชรกร อรรณนพพร,147
KK10_CONST_หนองสองห้อง_หนองสองห้อง_M4_U4,6,นายประยูร เทียมทะนง,3
KK10_CONST_หนองสองห้อง_หนองสองห้อง_M3_U5,1,นายวันนิวัติ สมบูรณ์,159
KK10_CONST_หนองสองห้อง_หนองสองห้อง_M3_U5,2,ร.ต.ท.สงวน คมขาว,2
KK10_CONST_หนองสองห้อง_หนองสองห้อง_M3_U5,3,นายนิวัตร สระพรม,44
KK10_CONST_หนองสองห้อง_หนองสองห้อง_M3_U5,4,นายวิระศักดิ์ สายทอง,5
KK10_CONST_หนองสองห้อง_หนองสองห้อง_M3_U5,5,นายพชรกร อรรณนพพร,245
KK10_CONST_หนองสองห้อง_หนองสองห้อง_M3_U5,6,นายประยูร เทียมทะนง,0
KK10_CONST_หนองสองห้อง_หนองสองห้อง_M17_U6,1,นายวันนิวัติ สมบูรณ์,101
KK10_CONST_หนองสองห้อง_หนองสองห้อง_M17_U6,2,ร.ต.ท.สงวน คมขาว,1
KK10_CONST_หนองสองห้อง_หนองสองห้อง_M17_U6,3,นายนิวัตร สระพรม,33
KK10_CONST_หนองสองห้อง_หนองสองห้อง_M17_U6,4,นายวิระศักดิ์ สายทอง,1
KK10_CONST_หนองสองห้อง_หนองสองห้อง_M17_U6,5,นายพชรกร อรรณนพพร,281
KK10_CONST_หนองสองห้อง_หนองสองห้อง_M17_U6,6,นายประยูร เทียมทะนง,2
KK10_CONST_หนองสองห้อง_หนองสองห้อง_M18_U7,1,นายวันนิวัติ สมบูรณ์,240
KK10_CONST_หนองสองห้อง_หนองสองห้อง_M18_U7,2,ร.ต.ท.สงวน คมขาว,1
KK10_CONST_หนองสองห้อง_หนองสองห้อง_M18_U7,3,นายนิวัตร สระพรม,42
KK10_CONST_หนองสองห้อง_หนองสองห้อง_M18_U7,4,นายวิระศักดิ์ สายทอง,3
KK10_CONST_หนองสองห้อง_หนองสองห้อง_M18_U7,5,นายพชรกร อรรณนพพร,310
KK10_CONST_หนองสองห้อง_หนองสองห้อง_M18_U7,6,นายประยูร เทียมทะนง,5
KK10_CONST_หนองสองห้อง_หนองสองห้อง_M5_U8,1,นายวันนิวัติ สมบูรณ์,87
KK10_CONST_หนองสองห้อง_หนองสองห้อง_M5_U8,2,ร.ต.ท.สงวน คมขาว,2
KK10_CONST_หนองสองห้อง_หนองสองห้อง_M5_U8,3,นายนิวัตร สระพรม,22
KK10_CONST_หนองสองห้อง_หนองสองห้อง_M5_U8,4,นายวิระศักดิ์ สายทอง,1
KK10_CONST_หนองสองห้อง_หนองสองห้อง_M5_U8,5,นายพชรกร อรรณนพพร,100
KK10_CONST_หนองสองห้อง_หนองสองห้อง_M5_U8,6,นายประยูร เทียมทะนง,2
KK10_CONST_หนองสองห้อง_หนองสองห้อง_M6_U9,1,นายวันนิวัติ สมบูรณ์,160
KK10_CONST_หนองสองห้อง_หนองสองห้อง_M6_U9,2,ร.ต.ท.สงวน คมขาว,1
KK10_CONST_หนองสองห้อง_หนองสองห้อง_M6_U9,3,นายนิวัตร สระพรม,23
KK10_CONST_หนองสองห้อง_หนองสองห้อง_M6_U9,4,นายวิระศักดิ์ สายทอง,0
KK10_CONST_หนองสองห้อง_หนองสองห้อง_M6_U9,5,นายพชรกร อรรณนพพร,211
KK10_CONST_หนองสองห้อง_หนองสองห้อง_M6_U9,6,นายประยูร เทียมทะนง,0
KK10_CONST_หนองสองห้อง_หนองเม็ก_M8_U10,1,นายวันนิวัติ สมบูรณ์,144
KK10_CONST_หนองสองห้อง_หนองเม็ก_M8_U10,2,ร.ต.ท.สงวน คมขาว,1
KK10_CONST_หนองสองห้อง_หนองเม็ก_M8_U10,3,นายนิวัตร สระพรม,54
KK10_CONST_หนองสองห้อง_หนองเม็ก_M8_U10,4,นายวิระศักดิ์ สายทอง,0
KK10_CONST_หนองสองห้อง_หนองเม็ก_M8_U10,5,นายพชรกร อรรณนพพร,210
KK10_CONST_หนองสองห้อง_หนองเม็ก_M8_U10,6,นายประยูร เทียมทะนง,2
KK10_CONST_หนองสองห้อง_หนองเม็ก_M9_U11,1,นายวันนิวัติ สมบูรณ์,87
KK10_CONST_หนองสองห้อง_หนองเม็ก_M9_U11,2,ร.ต.ท.สงวน คมขาว,1
KK10_CONST_หนองสองห้อง_หนองเม็ก_M9_U11,3,นายนิวัตร สระพรม,12
KK10_CONST_หนองสองห้อง_หนองเม็ก_M9_U11,4,นายวิระศักดิ์ สายทอง,1
KK10_CONST_หนองสองห้อง_หนองเม็ก_M9_U11,5,นายพชรกร อรรณนพพร,109
KK10_CONST_หนองสองห้อง_หนองเม็ก_M9_U11,6,นายประยูร เทียมทะนง,1
KK10_CONST_หนองสองห้อง_หนองเม็ก_M10_U12,1,นายวันนิวัติ สมบูรณ์,85
KK10_CONST_หนองสองห้อง_หนองเม็ก_M10_U12,2,ร.ต.ท.สงวน คมขาว,0
KK10_CONST_หนองสองห้อง_หนองเม็ก_M10_U12,3,นายนิวัตร สระพรม,19
KK10_CONST_หนองสองห้อง_หนองเม็ก_M10_U12,4,นายวิระศักดิ์ สายทอง,0
KK10_CONST_หนองสองห้อง_หนองเม็ก_M10_U12,5,นายพชรกร อรรณนพพร,124
KK10_CONST_หนองสองห้อง_หนองเม็ก_M10_U12,6,นายประยูร เทียมทะนง,1
KK10_CONST_หนองสองห้อง_หนองเม็ก_M11_U13,1,นายวันนิวัติ สมบูรณ์,86
KK10_CONST_หนองสองห้อง_หนองเม็ก_M11_U13,2,ร.ต.ท.สงวน คมขาว,1
KK10_CONST_หนองสองห้อง_หนองเม็ก_M11_U13,3,นายนิวัตร สระพรม,29
KK10_CONST_หนองสองห้อง_หนองเม็ก_M11_U13,4,นายวิระศักดิ์ สายทอง,1
KK10_CONST_หนองสองห้อง_หนองเม็ก_M11_U13,5,นายพชรกร อรรณนพพร,40
KK10_CONST_หนองสองห้อง_หนองเม็ก_M11_U13,6,นายประยูร เทียมทะนง,0
KK10_CONST_หนองสองห้อง_หนองเม็ก_M12_U14,1,นายวันนิวัติ สมบูรณ์,117
KK10_CONST_หนองสองห้อง_หนองเม็ก_M12_U14,2,ร.ต.ท.สงวน คมขาว,1
KK10_CONST_หนองสองห้อง_หนองเม็ก_M12_U14,3,นายนิวัตร สระพรม,21
KK10_CONST_หนองสองห้อง_หนองเม็ก_M12_U14,4,นายวิระศักดิ์ สายทอง,3
KK10_CONST_หนองสองห้อง_หนองเม็ก_M12_U14,5,นายพชรกร อรรณนพพร,104
KK10_CONST_หนองสองห้อง_หนองเม็ก_M12_U14,6,นายประยูร เทียมทะนง,0
KK10_CONST_หนองสองห้อง_หนองเม็ก_M12_U15,1,นายวันนิวัติ สมบูรณ์,43
KK10_CONST_หนองสองห้อง_หนองเม็ก_M12_U15,2,ร.ต.ท.สงวน คมขาว,1
KK10_CONST_หนองสองห้อง_หนองเม็ก_M12_U15,3,นายนิวัตร สระพรม,6
KK10_CONST_หนองสองห้อง_หนองเม็ก_M12_U15,4,นายวิระศักดิ์ สายทอง,0
KK10_CONST_หนองสองห้อง_หนองเม็ก_M12_U15,5,นายพชรกร อรรณนพพร,61
KK10_CONST_หนองสองห้อง_หนองเม็ก_M12_U15,6,นายประยูร เทียมทะนง,0
KK10_CONST_หนองสองห้อง_หนองเม็ก_M14_U16,1,นายวันนิวัติ สมบูรณ์,23
KK10_CONST_หนองสองห้อง_หนองเม็ก_M14_U16,2,ร.ต.ท.สงวน คมขาว,2
KK10_CONST_หนองสองห้อง_หนองเม็ก_M14_U16,3,นายนิวัตร สระพรม,8
KK10_CONST_หนองสองห้อง_หนองเม็ก_M14_U16,4,นายวิระศักดิ์ สายทอง,0
KK10_CONST_หนองสองห้อง_หนองเม็ก_M14_U16,5,นายพชรกร อรรณนพพร,73
KK10_CONST_หนองสองห้อง_หนองเม็ก_M14_U16,6,นายประยูร เทียมทะนง,1
KK10_CONST_หนองสองห้อง_หนองเม็ก_M15_U17,1,นายวันนิวัติ สมบูรณ์,111
KK10_CONST_หนองสองห้อง_หนองเม็ก_M15_U17,2,ร.ต.ท.สงวน คมขาว,3
KK10_CONST_หนองสองห้อง_หนองเม็ก_M15_U17,3,นายนิวัตร สระพรม,23
KK10_CONST_หนองสองห้อง_หนองเม็ก_M15_U17,4,นายวิระศักดิ์ สายทอง,0
KK10_CONST_หนองสองห้อง_หนองเม็ก_M15_U17,5,นายพชรกร อรรณนพพร,160
KK10_CONST_หนองสองห้อง_หนองเม็ก_M15_U17,6,นายประยูร เทียมทะนง,0
KK10_CONST_หนองสองห้อง_หนองเม็ก_M2_U1,1,นายวันนิวัติ สมบูรณ์,89
KK10_CONST_หนองสองห้อง_หนองเม็ก_M2_U1,2,ร.ต.ท.สงวน คมขาว,3
KK10_CONST_หนองสองห้อง_หนองเม็ก_M2_U1,3,นายนิวัตร สระพรม,15
KK10_CONST_หนองสองห้อง_หนองเม็ก_M2_U1,4,นายวิระศักดิ์ สายทอง,1
KK10_CONST_หนองสองห้อง_หนองเม็ก_M2_U1,5,นายพชรกร อรรณนพพร,168
KK10_CONST_หนองสองห้อง_หนองเม็ก_M2_U1,6,นายประยูร เทียมทะนง,0
KK10_CONST_หนองสองห้อง_หนองเม็ก_M1_U2,1,นายวันนิวัติ สมบูรณ์,91
KK10_CONST_หนองสองห้อง_หนองเม็ก_M1_U2,2,ร.ต.ท.สงวน คมขาว,2
KK10_CONST_หนองสองห้อง_หนองเม็ก_M1_U2,3,นายนิวัตร สระพรม,24
KK10_CONST_หนองสองห้อง_หนองเม็ก_M1_U2,4,นายวิระศักดิ์ สายทอง,1
KK10_CONST_หนองสองห้อง_หนองเม็ก_M1_U2,5,นายพชรกร อรรณนพพร,163
KK10_CONST_หนองสองห้อง_หนองเม็ก_M1_U2,6,นายประยูร เทียมทะนง,1
KK10_CONST_หนองสองห้อง_หนองเม็ก_M2_U3,1,นายวันนิวัติ สมบูรณ์,107
KK10_CONST_หนองสองห้อง_หนองเม็ก_M2_U3,2,ร.ต.ท.สงวน คมขาว,0
KK10_CONST_หนองสองห้อง_หนองเม็ก_M2_U3,3,นายนิวัตร สระพรม,22
KK10_CONST_หนองสองห้อง_หนองเม็ก_M2_U3,4,นายวิระศักดิ์ สายทอง,0
KK10_CONST_หนองสองห้อง_หนองเม็ก_M2_U3,5,นายพชรกร อรรณนพพร,83
KK10_CONST_หนองสองห้อง_หนองเม็ก_M2_U3,6,นายประยูร เทียมทะนง,0
KK10_CONST_หนองสองห้อง_หนองเม็ก_M3_U4,1,นายวันนิวัติ สมบูรณ์,52
KK10_CONST_หนองสองห้อง_หนองเม็ก_M3_U4,2,ร.ต.ท.สงวน คมขาว,1
KK10_CONST_หนองสองห้อง_หนองเม็ก_M3_U4,3,นายนิวัตร สระพรม,6
KK10_CONST_หนองสองห้อง_หนองเม็ก_M3_U4,4,นายวิระศักดิ์ สายทอง,1
KK10_CONST_หนองสองห้อง_หนองเม็ก_M3_U4,5,นายพชรกร อรรณนพพร,116
KK10_CONST_หนองสองห้อง_หนองเม็ก_M3_U4,6,นายประยูร เทียมทะนง,0
KK10_CONST_หนองสองห้อง_หนองเม็ก_M4_U5,1,นายวันนิวัติ สมบูรณ์,103
KK10_CONST_หนองสองห้อง_หนองเม็ก_M4_U5,2,ร.ต.ท.สงวน คมขาว,3
KK10_CONST_หนองสองห้อง_หนองเม็ก_M4_U5,3,นายนิวัตร สระพรม,28
KK10_CONST_หนองสองห้อง_หนองเม็ก_M4_U5,4,นายวิระศักดิ์ สายทอง,0
KK10_CONST_หนองสองห้อง_หนองเม็ก_M4_U5,5,นายพชรกร อรรณนพพร,156
KK10_CONST_หนองสองห้อง_หนองเม็ก_M4_U5,6,นายประยูร เทียมทะนง,0
KK10_CONST_หนองสองห้อง_หนองเม็ก_M4_U6,1,นายวันนิวัติ สมบูรณ์,148
KK10_CONST_หนองสองห้อง_หนองเม็ก_M4_U6,2,ร.ต.ท.สงวน คมขาว,2
KK10_CONST_หนองสองห้อง_หนองเม็ก_M4_U6,3,นายนิวัตร สระพรม,20
KK10_CONST_หนองสองห้อง_หนองเม็ก_M4_U6,4,นายวิระศักดิ์ สายทอง,1
KK10_CONST_หนองสองห้อง_หนองเม็ก_M4_U6,5,นายพชรกร อรรณนพพร,167
KK10_CONST_หนองสองห้อง_หนองเม็ก_M4_U6,6,นายประยูร เทียมทะนง,1
KK10_CONST_หนองสองห้อง_หนองเม็ก_M5_U7,1,นายวันนิวัติ สมบูรณ์,129
KK10_CONST_หนองสองห้อง_หนองเม็ก_M5_U7,2,ร.ต.ท.สงวน คมขาว,5
KK10_CONST_หนองสองห้อง_หนองเม็ก_M5_U7,3,นายนิวัตร สระพรม,47
KK10_CONST_หนองสองห้อง_หนองเม็ก_M5_U7,4,นายวิระศักดิ์ สายทอง,1
KK10_CONST_หนองสองห้อง_หนองเม็ก_M5_U7,5,นายพชรกร อรรณนพพร,102
KK10_CONST_หนองสองห้อง_หนองเม็ก_M5_U7,6,นายประยูร เทียมทะนง,1
KK10_CONST_หนองสองห้อง_หนองเม็ก_M6_U8,1,นายวันนิวัติ สมบูรณ์,48
KK10_CONST_หนองสองห้อง_หนองเม็ก_M6_U8,2,ร.ต.ท.สงวน คมขาว,1
KK10_CONST_หนองสองห้อง_หนองเม็ก_M6_U8,3,นายนิวัตร สระพรม,16
KK10_CONST_หนองสองห้อง_หนองเม็ก_M6_U8,4,นายวิระศักดิ์ สายทอง,2
KK10_CONST_หนองสองห้อง_หนองเม็ก_M6_U8,5,นายพชรกร อรรณนพพร,103
KK10_CONST_หนองสองห้อง_หนองเม็ก_M6_U8,6,นายประยูร เทียมทะนง,0
KK10_CONST_หนองสองห้อง_หนองเม็ก_M7_U9,1,นายวันนิวัติ สมบูรณ์,72
KK10_CONST_หนองสองห้อง_หนองเม็ก_M7_U9,2,ร.ต.ท.สงวน คมขาว,3
KK10_CONST_หนองสองห้อง_หนองเม็ก_M7_U9,3,นายนิวัตร สระพรม,18
KK10_CONST_หนองสองห้อง_หนองเม็ก_M7_U9,4,นายวิระศักดิ์ สายทอง,3
KK10_CONST_หนองสองห้อง_หนองเม็ก_M7_U9,5,นายพชรกร อรรณนพพร,78
KK10_CONST_หนองสองห้อง_หนองเม็ก_M7_U9,6,นายประยูร เทียมทะนง,0
KK10_CONST_หนองสองห้อง_หนองไผ่ล้อม_M1_U1,1,นายวันนิวัติ สมบูรณ์,86
KK10_CONST_หนองสองห้อง_หนองไผ่ล้อม_M1_U1,2,ร.ต.ท.สงวน คมขาว,1
KK10_CONST_หนองสองห้อง_หนองไผ่ล้อม_M1_U1,3,นายนิวัตร สระพรม,16
KK10_CONST_หนองสองห้อง_หนองไผ่ล้อม_M1_U1,4,นายวิระศักดิ์ สายทอง,0
KK10_CONST_หนองสองห้อง_หนองไผ่ล้อม_M1_U1,5,นายพชรกร อรรณนพพร,156
KK10_CONST_หนองสองห้อง_หนองไผ่ล้อม_M1_U1,6,นายประยูร เทียมทะนง,1
KK10_CONST_หนองสองห้อง_หนองไผ่ล้อม_M2_U2,1,นายวันนิวัติ สมบูรณ์,94
KK10_CONST_หนองสองห้อง_หนองไผ่ล้อม_M2_U2,2,ร.ต.ท.สงวน คมขาว,0
KK10_CONST_หนองสองห้อง_หนองไผ่ล้อม_M2_U2,3,นายนิวัตร สระพรม,17
KK10_CONST_หนองสองห้อง_หนองไผ่ล้อม_M2_U2,4,นายวิระศักดิ์ สายทอง,0
KK10_CONST_หนองสองห้อง_หนองไผ่ล้อม_M2_U2,5,นายพชรกร อรรณนพพร,114
KK10_CONST_หนองสองห้อง_หนองไผ่ล้อม_M2_U2,6,นายประยูร เทียมทะนง,0
KK10_CONST_หนองสองห้อง_หนองไผ่ล้อม_M3_U3,1,นายวันนิวัติ สมบูรณ์,84
KK10_CONST_หนองสองห้อง_หนองไผ่ล้อม_M3_U3,2,ร.ต.ท.สงวน คมขาว,0
KK10_CONST_หนองสองห้อง_หนองไผ่ล้อม_M3_U3,3,นายนิวัตร สระพรม,27
KK10_CONST_หนองสองห้อง_หนองไผ่ล้อม_M3_U3,4,นายวิระศักดิ์ สายทอง,1
KK10_CONST_หนองสองห้อง_หนองไผ่ล้อม_M3_U3,5,นายพชรกร อรรณนพพร,137
KK10_CONST_หนองสองห้อง_หนองไผ่ล้อม_M3_U3,6,นายประยูร เทียมทะนง,7
KK10_CONST_หนองสองห้อง_หนองไผ่ล้อม_M4_U4,1,นายวันนิวัติ สมบูรณ์,167
KK10_CONST_หนองสองห้อง_หนองไผ่ล้อม_M4_U4,2,ร.ต.ท.สงวน คมขาว,2
KK10_CONST_หนองสองห้อง_หนองไผ่ล้อม_M4_U4,3,นายนิวัตร สระพรม,32
KK10_CONST_หนองสองห้อง_หนองไผ่ล้อม_M4_U4,4,นายวิระศักดิ์ สายทอง,3
KK10_CONST_หนองสองห้อง_หนองไผ่ล้อม_M4_U4,5,นายพชรกร อรรณนพพร,237
KK10_CONST_หนองสองห้อง_หนองไผ่ล้อม_M4_U4,6,นายประยูร เทียมทะนง,1
KK10_CONST_หนองสองห้อง_หนองไผ่ล้อม_M5_U5,1,นายวันนิวัติ สมบูรณ์,71
KK10_CONST_หนองสองห้อง_หนองไผ่ล้อม_M5_U5,2,ร.ต.ท.สงวน คมขาว,3
KK10_CONST_หนองสองห้อง_หนองไผ่ล้อม_M5_U5,3,นายนิวัตร สระพรม,10
KK10_CONST_หนองสองห้อง_หนองไผ่ล้อม_M5_U5,4,นายวิระศักดิ์ สายทอง,0
KK10_CONST_หนองสองห้อง_หนองไผ่ล้อม_M5_U5,5,นายพชรกร อรรณนพพร,115
KK10_CONST_หนองสองห้อง_หนองไผ่ล้อม_M5_U5,6,นายประยูร เทียมทะนง,1
KK10_CONST_หนองสองห้อง_หนองไผ่ล้อม_M6_U6,1,นายวันนิวัติ สมบูรณ์,59
KK10_CONST_หนองสองห้อง_หนองไผ่ล้อม_M6_U6,2,ร.ต.ท.สงวน คมขาว,0
KK10_CONST_หนองสองห้อง_หนองไผ่ล้อม_M6_U6,3,นายนิวัตร สระพรม,2
KK10_CONST_หนองสองห้อง_หนองไผ่ล้อม_M6_U6,4,นายวิระศักดิ์ สายทอง,0
KK10_CONST_หนองสองห้อง_หนองไผ่ล้อม_M6_U6,5,นายพชรกร อรรณนพพร,66
KK10_CONST_หนองสองห้อง_หนองไผ่ล้อม_M6_U6,6,นายประยูร เทียมทะนง,0
KK10_CONST_หนองสองห้อง_หนองไผ่ล้อม_M7_U7,1,นายวันนิวัติ สมบูรณ์,71
KK10_CONST_หนองสองห้อง_หนองไผ่ล้อม_M7_U7,2,ร.ต.ท.สงวน คมขาว,0
KK10_CONST_หนองสองห้อง_หนองไผ่ล้อม_M7_U7,3,นายนิวัตร สระพรม,11
KK10_CONST_หนองสองห้อง_หนองไผ่ล้อม_M7_U7,4,นายวิระศักดิ์ สายทอง,0
KK10_CONST_หนองสองห้อง_หนองไผ่ล้อม_M7_U7,5,นายพชรกร อรรณนพพร,54
KK10_CONST_หนองสองห้อง_หนองไผ่ล้อม_M7_U7,6,นายประยูร เทียมทะนง,0
KK10_CONST_หนองสองห้อง_หนองไผ่ล้อม_M8_U8,1,นายวันนิวัติ สมบูรณ์,120
KK10_CONST_หนองสองห้อง_หนองไผ่ล้อม_M8_U8,2,ร.ต.ท.สงวน คมขาว,0
KK10_CONST_หนองสองห้อง_หนองไผ่ล้อม_M8_U8,3,นายนิวัตร สระพรม,19
KK10_CONST_หนองสองห้อง_หนองไผ่ล้อม_M8_U8,4,นายวิระศักดิ์ สายทอง,1
KK10_CONST_หนองสองห้อง_หนองไผ่ล้อม_M8_U8,5,นายพชรกร อรรณนพพร,149
KK10_CONST_หนองสองห้อง_หนองไผ่ล้อม_M8_U8,6,นายประยูร เทียมทะนง,3
KK10_CONST_หนองสองห้อง_หนองไผ่ล้อม_M1_U9,1,นายวันนิวัติ สมบูรณ์,71
KK10_CONST_หนองสองห้อง_หนองไผ่ล้อม_M1_U9,2,ร.ต.ท.สงวน คมขาว,0
KK10_CONST_หนองสองห้อง_หนองไผ่ล้อม_M1_U9,3,นายนิวัตร สระพรม,18
KK10_CONST_หนองสองห้อง_หนองไผ่ล้อม_M1_U9,4,นายวิระศักดิ์ สายทอง,0
KK10_CONST_หนองสองห้อง_หนองไผ่ล้อม_M1_U9,5,นายพชรกร อรรณนพพร,143
KK10_CONST_หนองสองห้อง_หนองไผ่ล้อม_M1_U9,6,นายประยูร เทียมทะนง,0
KK10_CONST_หนองสองห้อง_หันโจด_M10_U10,1,นายวันนิวัติ สมบูรณ์,46
KK10_CONST_หนองสองห้อง_หันโจด_M10_U10,2,ร.ต.ท.สงวน คมขาว,2
KK10_CONST_หนองสองห้อง_หันโจด_M10_U10,3,นายนิวัตร สระพรม,5
KK10_CONST_หนองสองห้อง_หันโจด_M10_U10,4,นายวิระศักดิ์ สายทอง,0
KK10_CONST_หนองสองห้อง_หันโจด_M10_U10,5,นายพชรกร อรรณนพพร,20
KK10_CONST_หนองสองห้อง_หันโจด_M10_U10,6,นายประยูร เทียมทะนง,0
KK10_CONST_หนองสองห้อง_หันโจด_M11_U11,1,นายวันนิวัติ สมบูรณ์,54
KK10_CONST_หนองสองห้อง_หันโจด_M11_U11,2,ร.ต.ท.สงวน คมขาว,2
KK10_CONST_หนองสองห้อง_หันโจด_M11_U11,3,นายนิวัตร สระพรม,10
KK10_CONST_หนองสองห้อง_หันโจด_M11_U11,4,นายวิระศักดิ์ สายทอง,1
KK10_CONST_หนองสองห้อง_หันโจด_M11_U11,5,นายพชรกร อรรณนพพร,58
KK10_CONST_หนองสองห้อง_หันโจด_M11_U11,6,นายประยูร เทียมทะนง,0
KK10_CONST_หนองสองห้อง_หันโจด_M12_U12,1,นายวันนิวัติ สมบูรณ์,45
KK10_CONST_หนองสองห้อง_หันโจด_M12_U12,2,ร.ต.ท.สงวน คมขาว,0
KK10_CONST_หนองสองห้อง_หันโจด_M12_U12,3,นายนิวัตร สระพรม,4
KK10_CONST_หนองสองห้อง_หันโจด_M12_U12,4,นายวิระศักดิ์ สายทอง,0
KK10_CONST_หนองสองห้อง_หันโจด_M12_U12,5,นายพชรกร อรรณนพพร,56
KK10_CONST_หนองสองห้อง_หันโจด_M12_U12,6,นายประยูร เทียมทะนง,0
KK10_CONST_หนองสองห้อง_หันโจด_M1_U1,1,นายวันนิวัติ สมบูรณ์,80
KK10_CONST_หนองสองห้อง_หันโจด_M1_U1,2,ร.ต.ท.สงวน คมขาว,0
KK10_CONST_หนองสองห้อง_หันโจด_M1_U1,3,นายนิวัตร สระพรม,25
KK10_CONST_หนองสองห้อง_หันโจด_M1_U1,4,นายวิระศักดิ์ สายทอง,0
KK10_CONST_หนองสองห้อง_หันโจด_M1_U1,5,นายพชรกร อรรณนพพร,72
KK10_CONST_หนองสองห้อง_หันโจด_M1_U1,6,นายประยูร เทียมทะนง,2
KK10_CONST_หนองสองห้อง_หันโจด_M2_U2,1,นายวันนิวัติ สมบูรณ์,103
KK10_CONST_หนองสองห้อง_หันโจด_M2_U2,2,ร.ต.ท.สงวน คมขาว,1
KK10_CONST_หนองสองห้อง_หันโจด_M2_U2,3,นายนิวัตร สระพรม,28
KK10_CONST_หนองสองห้อง_หันโจด_M2_U2,4,นายวิระศักดิ์ สายทอง,0
KK10_CONST_หนองสองห้อง_หันโจด_M2_U2,5,นายพชรกร อรรณนพพร,125
KK10_CONST_หนองสองห้อง_หันโจด_M2_U2,6,นายประยูร เทียมทะนง,0
KK10_CONST_หนองสองห้อง_หันโจด_M3_U3,1,นายวันนิวัติ สมบูรณ์,23
KK10_CONST_หนองสองห้อง_หันโจด_M3_U3,2,ร.ต.ท.สงวน คมขาว,0
KK10_CONST_หนองสองห้อง_หันโจด_M3_U3,3,นายนิวัตร สระพรม,100
KK10_CONST_หนองสองห้อง_หันโจด_M3_U3,4,นายวิระศักดิ์ สายทอง,0
KK10_CONST_หนองสองห้อง_หันโจด_M3_U3,5,นายพชรกร อรรณนพพร,55
KK10_CONST_หนองสองห้อง_หันโจด_M3_U3,6,นายประยูร เทียมทะนง,0
KK10_CONST_หนองสองห้อง_หันโจด_M4_U4,1,นายวันนิวัติ สมบูรณ์,124
KK10_CONST_หนองสองห้อง_หันโจด_M4_U4,2,ร.ต.ท.สงวน คมขาว,0
KK10_CONST_หนองสองห้อง_หันโจด_M4_U4,3,นายนิวัตร สระพรม,11
KK10_CONST_หนองสองห้อง_หันโจด_M4_U4,4,นายวิระศักดิ์ สายทอง,0
KK10_CONST_หนองสองห้อง_หันโจด_M4_U4,5,นายพชรกร อรรณนพพร,24
KK10_CONST_หนองสองห้อง_หันโจด_M4_U4,6,นายประยูร เทียมทะนง,2
KK10_CONST_หนองสองห้อง_หันโจด_M5_U5,1,นายวันนิวัติ สมบูรณ์,62
KK10_CONST_หนองสองห้อง_หันโจด_M5_U5,2,ร.ต.ท.สงวน คมขาว,0
KK10_CONST_หนองสองห้อง_หันโจด_M5_U5,3,นายนิวัตร สระพรม,20
KK10_CONST_หนองสองห้อง_หันโจด_M5_U5,4,นายวิระศักดิ์ สายทอง,1
KK10_CONST_หนองสองห้อง_หันโจด_M5_U5,5,นายพชรกร อรรณนพพร,64
KK10_CONST_หนองสองห้อง_หันโจด_M5_U5,6,นายประยูร เทียมทะนง,0
KK10_CONST_หนองสองห้อง_หันโจด_M6_U6,1,นายวันนิวัติ สมบูรณ์,111
KK10_CONST_หนองสองห้อง_หันโจด_M6_U6,2,ร.ต.ท.สงวน คมขาว,3
KK10_CONST_หนองสองห้อง_หันโจด_M6_U6,3,นายนิวัตร สระพรม,31
KK10_CONST_หนองสองห้อง_หันโจด_M6_U6,4,นายวิระศักดิ์ สายทอง,0
KK10_CONST_หนองสองห้อง_หันโจด_M6_U6,5,นายพชรกร อรรณนพพร,77
KK10_CONST_หนองสองห้อง_หันโจด_M6_U6,6,นายประยูร เทียมทะนง,0
KK10_CONST_หนองสองห้อง_หันโจด_M7_U7,1,นายวันนิวัติ สมบูรณ์,98
KK10_CONST_หนองสองห้อง_หันโจด_M7_U7,2,ร.ต.ท.สงวน คมขาว,2
KK10_CONST_หนองสองห้อง_หันโจด_M7_U7,3,นายนิวัตร สระพรม,28
KK10_CONST_หนองสองห้อง_หันโจด_M7_U7,4,นายวิระศักดิ์ สายทอง,2
KK10_CONST_หนองสองห้อง_หันโจด_M7_U7,5,นายพชรกร อรรณนพพร,173
KK10_CONST_หนองสองห้อง_หันโจด_M7_U7,6,นายประยูร เทียมทะนง,0
KK10_CONST_หนองสองห้อง_หันโจด_M8_U8,1,นายวันนิวัติ สมบูรณ์,75
KK10_CONST_หนองสองห้อง_หันโจด_M8_U8,2,ร.ต.ท.สงวน คมขาว,1
KK10_CONST_หนองสองห้อง_หันโจด_M8_U8,3,นายนิวัตร สระพรม,3
KK10_CONST_หนองสองห้อง_หันโจด_M8_U8,4,นายวิระศักดิ์ สายทอง,0
KK10_CONST_หนองสองห้อง_หันโจด_M8_U8,5,นายพชรกร อรรณนพพร,47
KK10_CONST_หนองสองห้อง_หันโจด_M8_U8,6,นายประยูร เทียมทะนง,1
KK10_CONST_หนองสองห้อง_หันโจด_M9_U9,1,นายวันนิวัติ สมบูรณ์,67
KK10_CONST_หนองสองห้อง_หันโจด_M9_U9,2,ร.ต.ท.สงวน คมขาว,1
KK10_CONST_หนองสองห้อง_หันโจด_M9_U9,3,นายนิวัตร สระพรม,12
KK10_CONST_หนองสองห้อง_หันโจด_M9_U9,4,นายวิระศักดิ์ สายทอง,0
KK10_CONST_หนองสองห้อง_หันโจด_M9_U9,5,นายพชรกร อรรณนพพร,38
KK10_CONST_หนองสองห้อง_หันโจด_M9_U9,6,นายประยูร เทียมทะนง,0
KK10_CONST_หนองสองห้อง_โนนธาตุ_M10_U10,1,นายวันนิวัติ สมบูรณ์,165
KK10_CONST_หนองสองห้อง_โนนธาตุ_M10_U10,2,ร.ต.ท.สงวน คมขาว,1
KK10_CONST_หนองสองห้อง_โนนธาตุ_M10_U10,3,นายนิวัตร สระพรม,37
KK10_CONST_หนองสองห้อง_โนนธาตุ_M10_U10,4,นายวิระศักดิ์ สายทอง,0
KK10_CONST_หนองสองห้อง_โนนธาตุ_M10_U10,5,นายพชรกร อรรณนพพร,115
KK10_CONST_หนองสองห้อง_โนนธาตุ_M10_U10,6,นายประยูร เทียมทะนง,0
KK10_CONST_หนองสองห้อง_โนนธาตุ_M11_U11,1,นายวันนิวัติ สมบูรณ์,53
KK10_CONST_หนองสองห้อง_โนนธาตุ_M11_U11,2,ร.ต.ท.สงวน คมขาว,0
KK10_CONST_หนองสองห้อง_โนนธาตุ_M11_U11,3,นายนิวัตร สระพรม,17
KK10_CONST_หนองสองห้อง_โนนธาตุ_M11_U11,4,นายวิระศักดิ์ สายทอง,0
KK10_CONST_หนองสองห้อง_โนนธาตุ_M11_U11,5,นายพชรกร อรรณนพพร,41
KK10_CONST_หนองสองห้อง_โนนธาตุ_M11_U11,6,นายประยูร เทียมทะนง,0
KK10_CONST_หนองสองห้อง_โนนธาตุ_M1_U1,1,นายวันนิวัติ สมบูรณ์,59
KK10_CONST_หนองสองห้อง_โนนธาตุ_M1_U1,2,ร.ต.ท.สงวน คมขาว,3
KK10_CONST_หนองสองห้อง_โนนธาตุ_M1_U1,3,นายนิวัตร สระพรม,10
KK10_CONST_หนองสองห้อง_โนนธาตุ_M1_U1,4,นายวิระศักดิ์ สายทอง,0
KK10_CONST_หนองสองห้อง_โนนธาตุ_M1_U1,5,นายพชรกร อรรณนพพร,74
KK10_CONST_หนองสองห้อง_โนนธาตุ_M1_U1,6,นายประยูร เทียมทะนง,0
KK10_CONST_หนองสองห้อง_โนนธาตุ_M2_U2,1,นายวันนิวัติ สมบูรณ์,67
KK10_CONST_หนองสองห้อง_โนนธาตุ_M2_U2,2,ร.ต.ท.สงวน คมขาว,2
KK10_CONST_หนองสองห้อง_โนนธาตุ_M2_U2,3,นายนิวัตร สระพรม,17
KK10_CONST_หนองสองห้อง_โนนธาตุ_M2_U2,4,นายวิระศักดิ์ สายทอง,40
KK10_CONST_หนองสองห้อง_โนนธาตุ_M2_U2,5,นายพชรกร อรรณนพพร,42
KK10_CONST_หนองสองห้อง_โนนธาตุ_M2_U2,6,นายประยูร เทียมทะนง,1
KK10_CONST_หนองสองห้อง_โนนธาตุ_M3_U3,1,นายวันนิวัติ สมบูรณ์,101
KK10_CONST_หนองสองห้อง_โนนธาตุ_M3_U3,2,ร.ต.ท.สงวน คมขาว,0
KK10_CONST_หนองสองห้อง_โนนธาตุ_M3_U3,3,นายนิวัตร สระพรม,19
KK10_CONST_หนองสองห้อง_โนนธาตุ_M3_U3,4,นายวิระศักดิ์ สายทอง,0
KK10_CONST_หนองสองห้อง_โนนธาตุ_M3_U3,5,นายพชรกร อรรณนพพร,55
KK10_CONST_หนองสองห้อง_โนนธาตุ_M3_U3,6,นายประยูร เทียมทะนง,0
KK10_CONST_หนองสองห้อง_โนนธาตุ_M4_U4,1,นายวันนิวัติ สมบูรณ์,177
KK10_CONST_หนองสองห้อง_โนนธาตุ_M4_U4,2,ร.ต.ท.สงวน คมขาว,2
KK10_CONST_หนองสองห้อง_โนนธาตุ_M4_U4,3,นายนิวัตร สระพรม,24
KK10_CONST_หนองสองห้อง_โนนธาตุ_M4_U4,4,นายวิระศักดิ์ สายทอง,1
KK10_CONST_หนองสองห้อง_โนนธาตุ_M4_U4,5,นายพชรกร อรรณนพพร,143
KK10_CONST_หนองสองห้อง_โนนธาตุ_M4_U4,6,นายประยูร เทียมทะนง,0
KK10_CONST_หนองสองห้อง_โนนธาตุ_M5_U5,1,นายวันนิวัติ สมบูรณ์,103
KK10_CONST_หนองสองห้อง_โนนธาตุ_M5_U5,2,ร.ต.ท.สงวน คมขาว,0
KK10_CONST_หนองสองห้อง_โนนธาตุ_M5_U5,3,นายนิวัตร สระพรม,36
KK10_CONST_หนองสองห้อง_โนนธาตุ_M5_U5,4,นายวิระศักดิ์ สายทอง,1
KK10_CONST_หนองสองห้อง_โนนธาตุ_M5_U5,5,นายพชรกร อรรณนพพร,175
KK10_CONST_หนองสองห้อง_โนนธาตุ_M5_U5,6,นายประยูร เทียมทะนง,3
KK10_CONST_หนองสองห้อง_โนนธาตุ_M6_U6,1,นายวันนิวัติ สมบูรณ์,185
KK10_CONST_หนองสองห้อง_โนนธาตุ_M6_U6,2,ร.ต.ท.สงวน คมขาว,3
KK10_CONST_หนองสองห้อง_โนนธาตุ_M6_U6,3,นายนิวัตร สระพรม,19
KK10_CONST_หนองสองห้อง_โนนธาตุ_M6_U6,4,นายวิระศักดิ์ สายทอง,0
KK10_CONST_หนองสองห้อง_โนนธาตุ_M6_U6,5,นายพชรกร อรรณนพพร,154
KK10_CONST_หนองสองห้อง_โนนธาตุ_M6_U6,6,นายประยูร เทียมทะนง,0
KK10_CONST_หนองสองห้อง_โนนธาตุ_M7_U7,1,นายวันนิวัติ สมบูรณ์,73
KK10_CONST_หนองสองห้อง_โนนธาตุ_M7_U7,2,ร.ต.ท.สงวน คมขาว,1
KK10_CONST_หนองสองห้อง_โนนธาตุ_M7_U7,3,นายนิวัตร สระพรม,11
KK10_CONST_หนองสองห้อง_โนนธาตุ_M7_U7,4,นายวิระศักดิ์ สายทอง,0
KK10_CONST_หนองสองห้อง_โนนธาตุ_M7_U7,5,นายพชรกร อรรณนพพร,50
KK10_CONST_หนองสองห้อง_โนนธาตุ_M7_U7,6,นายประยูร เทียมทะนง,0
KK10_CONST_หนองสองห้อง_โนนธาตุ_M8_U8,1,นายวันนิวัติ สมบูรณ์,98
KK10_CONST_หนองสองห้อง_โนนธาตุ_M8_U8,2,ร.ต.ท.สงวน คมขาว,0
KK10_CONST_หนองสองห้อง_โนนธาตุ_M8_U8,3,นายนิวัตร สระพรม,4
KK10_CONST_หนองสองห้อง_โนนธาตุ_M8_U8,4,นายวิระศักดิ์ สายทอง,0
KK10_CONST_หนองสองห้อง_โนนธาตุ_M8_U8,5,นายพชรกร อรรณนพพร,83
KK10_CONST_หนองสองห้อง_โนนธาตุ_M8_U8,6,นายประยูร เทียมทะนง,1
KK10_CONST_หนองสองห้อง_โนนธาตุ_M9_U9,1,นายวันนิวัติ สมบูรณ์,92
KK10_CONST_หนองสองห้อง_โนนธาตุ_M9_U9,2,ร.ต.ท.สงวน คมขาว,1
KK10_CONST_หนองสองห้อง_โนนธาตุ_M9_U9,3,นายนิวัตร สระพรม,14
KK10_CONST_หนองสองห้อง_โนนธาตุ_M9_U9,4,นายวิระศักดิ์ สายทอง,1
KK10_CONST_หนองสองห้อง_โนนธาตุ_M9_U9,5,นายพชรกร อรรณนพพร,99
KK10_CONST_หนองสองห้อง_โนนธาตุ_M9_U9,6,นายประยูร เทียมทะนง,0
KK10_CONST_หนองสองห้อง_ในนอกนอกราช_M_U,1,นายวันนิวัติ สมบูรณ์,8
KK10_CONST_หนองสองห้อง_ในนอกนอกราช_M_U,2,ร.ต.ท.สงวน คมขาว,0
KK10_CONST_หนองสองห้อง_ในนอกนอกราช_M_U,3,นายนิวัตร สระพรม,2
KK10_CONST_หนองสองห้อง_ในนอกนอกราช_M_U,4,นายวิระศักดิ์ สายทอง,0
KK10_CONST_หนองสองห้อง_ในนอกนอกราช_M_U,5,นายพชรกร อรรณนพพร,1
KK10_CONST_หนองสองห้อง_ในนอกนอกราช_M_U,6,นายประยูร เทียมทะนง,0
KK10_CONST_หนองสองห้อง_ในนอกนอกราช_M_U,1,นายวันนิวัติ สมบูรณ์,167
KK10_CONST_หนองสองห้อง_ในนอกนอกราช_M_U,2,ร.ต.ท.สงวน คมขาว,7
KK10_CONST_หนองสองห้อง_ในนอกนอกราช_M_U,3,นายนิวัตร สระพรม,396
KK10_CONST_หนองสองห้อง_ในนอกนอกราช_M_U,4,นายวิระศักดิ์ สายทอง,13
KK10_CONST_หนองสองห้อง_ในนอกนอกราช_M_U,5,นายพชรกร อรรณนพพร,116
KK10_CONST_หนองสองห้อง_ในนอกนอกราช_M_U,6,นายประยูร เทียมทะนง,9
KK10_CONST_หนองสองห้อง_ในนอกนอกราช_M_U,1,นายวันนิวัติ สมบูรณ์,182
KK10_CONST_หนองสองห้อง_ในนอกนอกราช_M_U,2,ร.ต.ท.สงวน คมขาว,9
KK10_CONST_หนองสองห้อง_ในนอกนอกราช_M_U,3,นายนิวัตร สระพรม,378
KK10_CONST_หนองสองห้อง_ในนอกนอกราช_M_U,4,นายวิระศักดิ์ สายทอง,13
KK10_CONST_หนองสองห้อง_ในนอกนอกราช_M_U,5,นายพชรกร อรรณนพพร,111
KK10_CONST_หนองสองห้อง_ในนอกนอกราช_M_U,6,นายประยูร เทียมทะนง,11
KK10_CONST_หนองสองห้อง_ในนอกนอกราช_M_U,1,นายวันนิวัติ สมบูรณ์,178
KK10_CONST_หนองสองห้อง_ในนอกนอกราช_M_U,2,ร.ต.ท.สงวน คมขาว,9
KK10_CONST_หนองสองห้อง_ในนอกนอกราช_M_U,3,นายนิวัตร สระพรม,374
KK10_CONST_หนองสองห้อง_ในนอกนอกราช_M_U,4,นายวิระศักดิ์ สายทอง,11
KK10_CONST_หนองสองห้อง_ในนอกนอกราช_M_U,5,นายพชรกร อรรณนพพร,127
KK10_CONST_หนองสองห้อง_ในนอกนอกราช_M_U,6,นายประยูร เทียมทะนง,5
KK10_CONST_หนองสองห้อง_ในนอกนอกราช_M_U,1,นายวันนิวัติ สมบูรณ์,167
KK10_CONST_หนองสองห้อง_ในนอกนอกราช_M_U,2,ร.ต.ท.สงวน คมขาว,13
KK10_CONST_หนองสองห้อง_ในนอกนอกราช_M_U,3,นายนิวัตร สระพรม,374
KK10_CONST_หนองสองห้อง_ในนอกนอกราช_M_U,4,นายวิระศักดิ์ สายทอง,19
KK10_CONST_หนองสองห้อง_ในนอกนอกราช_M_U,5,นายพชรกร อรรณนพพร,124
KK10_CONST_หนองสองห้อง_ในนอกนอกราช_M_U,6,นายประยูร เทียมทะนง,5
KK10_CONST_หนองสองห้อง_ในนอกนอกราช_M_U,1,นายวันนิวัติ สมบูรณ์,182
KK10_CONST_หนองสองห้อง_ในนอกนอกราช_M_U,2,ร.ต.ท.สงวน คมขาว,11
KK10_CONST_หนองสองห้อง_ในนอกนอกราช_M_U,3,นายนิวัตร สระพรม,345
KK10_CONST_หนองสองห้อง_ในนอกนอกราช_M_U,4,นายวิระศักดิ์ สายทอง,18
KK10_CONST_หนองสองห้อง_ในนอกนอกราช_M_U,5,นายพชรกร อรรณนพพร,145
KK10_CONST_หนองสองห้อง_ในนอกนอกราช_M_U,6,นายประยูร เทียมทะนง,6
KK10_CONST_หนองสองห้อง_ในนอกนอกราช_M_U,1,นายวันนิวัติ สมบูรณ์,703
KK10_CONST_หนองสองห้อง_ในนอกนอกราช_M_U,2,ร.ต.ท.สงวน คมขาว,0
KK10_CONST_หนองสองห้อง_ในนอกนอกราช_M_U,3,นายนิวัตร สระพรม,0
KK10_CONST_หนองสองห้อง_ในนอกนอกราช_M_U,4,นายวิระศักดิ์ สายทอง,0
KK10_CONST_หนองสองห้อง_ในนอกนอกราช_M_U,5,นายพชรกร อรรณนพพร,0
KK10_CONST_หนองสองห้อง_ในนอกนอกราช_M_U,6,นายประยูร เทียมทะนง,0
KK10_CONST_หนองสองห้อง_ในนอกนอกราช_M_U,1,นายวันนิวัติ สมบูรณ์,129
KK10_CONST_หนองสองห้อง_ในนอกนอกราช_M_U,2,ร.ต.ท.สงวน คมขาว,4
KK10_CONST_หนองสองห้อง_ในนอกนอกราช_M_U,3,นายนิวัตร สระพรม,262
KK10_CONST_หนองสองห้อง_ในนอกนอกราช_M_U,4,นายวิระศักดิ์ สายทอง,9
KK10_CONST_หนองสองห้อง_ในนอกนอกราช_M_U,5,นายพชรกร อรรณนพพร,100
KK10_CONST_หนองสองห้อง_ในนอกนอกราช_M_U,6,นายประยูร เทียมทะนง,7
KK10_CONST_หนองสองห้อง_ในนอกนอกราช_M_U,1,นายวันนิวัติ สมบูรณ์,116
KK10_CONST_หนองสองห้อง_ในนอกนอกราช_M_U,2,ร.ต.ท.สงวน คมขาว,12
KK10_CONST_หนองสองห้อง_ในนอกนอกราช_M_U,3,นายนิวัตร สระพรม,215
KK10_CONST_หนองสองห้อง_ในนอกนอกราช_M_U,4,นายวิระศักดิ์ สายทอง,7
KK10_CONST_หนองสองห้อง_ในนอกนอกราช_M_U,5,นายพชรกร อรรณนพพร,83
KK10_CONST_หนองสองห้อง_ในนอกนอกราช_M_U,6,นายประยูร เทียมทะนง,5
KK10_CONST_หนองสองห้อง_ในนอกนอกราช_M_U,1,นายวันนิวัติ สมบูรณ์,54
KK10_CONST_หนองสองห้อง_ในนอกนอกราช_M_U,2,ร.ต.ท.สงวน คมขาว,5
KK10_CONST_หนองสองห้อง_ในนอกนอกราช_M_U,3,นายนิวัตร สระพรม,129
KK10_CONST_หนองสองห้อง_ในนอกนอกราช_M_U,4,นายวิระศักดิ์ สายทอง,2
KK10_CONST_หนองสองห้อง_ในนอกนอกราช_M_U,5,นายพชรกร อรรณนพพร,50
KK10_CONST_หนองสองห้อง_ในนอกนอกราช_M_U,6,นายประยูร เทียมทะนง,3
KK10_CONST_ชนบท_ปอแดง_M10_U10,1,นายวันนิวัติ สมบูรณ์,77
KK10_CONST_ชนบท_ปอแดง_M10_U10,2,ร.ต.ท.สงวน คมขาว,1
KK10_CONST_ชนบท_ปอแดง_M10_U10,3,นายนิวัตร สระพรม,19
KK10_CONST_ชนบท_ปอแดง_M10_U10,4,นายวิระศักดิ์ สายทอง,1
KK10_CONST_ชนบท_ปอแดง_M10_U10,5,นายพชรกร อรรณนพพร,132
KK10_CONST_ชนบท_ปอแดง_M10_U10,6,นายประยูร เทียมทะนง,2
KK10_CONST_ชนบท_ปอแดง_M1_U1,1,นายวันนิวัติ สมบูรณ์,109
KK10_CONST_ชนบท_ปอแดง_M1_U1,2,ร.ต.ท.สงวน คมขาว,2
KK10_CONST_ชนบท_ปอแดง_M1_U1,3,นายนิวัตร สระพรม,19
KK10_CONST_ชนบท_ปอแดง_M1_U1,4,นายวิระศักดิ์ สายทอง,2
KK10_CONST_ชนบท_ปอแดง_M1_U1,5,นายพชรกร อรรณนพพร,156
KK10_CONST_ชนบท_ปอแดง_M1_U1,6,นายประยูร เทียมทะนง,1
KK10_CONST_ชนบท_ปอแดง_M2_U2,1,นายวันนิวัติ สมบูรณ์,214
KK10_CONST_ชนบท_ปอแดง_M2_U2,2,ร.ต.ท.สงวน คมขาว,3
KK10_CONST_ชนบท_ปอแดง_M2_U2,3,นายนิวัตร สระพรม,44
KK10_CONST_ชนบท_ปอแดง_M2_U2,4,นายวิระศักดิ์ สายทอง,0
KK10_CONST_ชนบท_ปอแดง_M2_U2,5,นายพชรกร อรรณนพพร,212
KK10_CONST_ชนบท_ปอแดง_M2_U2,6,นายประยูร เทียมทะนง,8
KK10_CONST_ชนบท_ปอแดง_M3_U3,1,นายวันนิวัติ สมบูรณ์,82
KK10_CONST_ชนบท_ปอแดง_M3_U3,2,ร.ต.ท.สงวน คมขาว,2
KK10_CONST_ชนบท_ปอแดง_M3_U3,3,นายนิวัตร สระพรม,10
KK10_CONST_ชนบท_ปอแดง_M3_U3,4,นายวิระศักดิ์ สายทอง,0
KK10_CONST_ชนบท_ปอแดง_M3_U3,5,นายพชรกร อรรณนพพร,65
KK10_CONST_ชนบท_ปอแดง_M3_U3,6,นายประยูร เทียมทะนง,0
KK10_CONST_ชนบท_ปอแดง_M4_U4,1,นายวันนิวัติ สมบูรณ์,36
KK10_CONST_ชนบท_ปอแดง_M4_U4,2,ร.ต.ท.สงวน คมขาว,1
KK10_CONST_ชนบท_ปอแดง_M4_U4,3,นายนิวัตร สระพรม,10
KK10_CONST_ชนบท_ปอแดง_M4_U4,4,นายวิระศักดิ์ สายทอง,0
KK10_CONST_ชนบท_ปอแดง_M4_U4,5,นายพชรกร อรรณนพพร,130
KK10_CONST_ชนบท_ปอแดง_M4_U4,6,นายประยูร เทียมทะนง,0
KK10_CONST_ชนบท_ปอแดง_M5_U5,1,นายวันนิวัติ สมบูรณ์,142
KK10_CONST_ชนบท_ปอแดง_M5_U5,2,ร.ต.ท.สงวน คมขาว,3
KK10_CONST_ชนบท_ปอแดง_M5_U5,3,นายนิวัตร สระพรม,36
KK10_CONST_ชนบท_ปอแดง_M5_U5,4,นายวิระศักดิ์ สายทอง,5
KK10_CONST_ชนบท_ปอแดง_M5_U5,5,นายพชรกร อรรณนพพร,127
KK10_CONST_ชนบท_ปอแดง_M5_U5,6,นายประยูร เทียมทะนง,1
KK10_CONST_ชนบท_ปอแดง_M6_U6,1,นายวันนิวัติ สมบูรณ์,50
KK10_CONST_ชนบท_ปอแดง_M6_U6,2,ร.ต.ท.สงวน คมขาว,1
KK10_CONST_ชนบท_ปอแดง_M6_U6,3,นายนิวัตร สระพรม,26
KK10_CONST_ชนบท_ปอแดง_M6_U6,4,นายวิระศักดิ์ สายทอง,0
KK10_CONST_ชนบท_ปอแดง_M6_U6,5,นายพชรกร อรรณนพพร,75
KK10_CONST_ชนบท_ปอแดง_M6_U6,6,นายประยูร เทียมทะนง,0
KK10_CONST_ชนบท_ปอแดง_M7_U7,1,นายวันนิวัติ สมบูรณ์,65
KK10_CONST_ชนบท_ปอแดง_M7_U7,2,ร.ต.ท.สงวน คมขาว,1
KK10_CONST_ชนบท_ปอแดง_M7_U7,3,นายนิวัตร สระพรม,19
KK10_CONST_ชนบท_ปอแดง_M7_U7,4,นายวิระศักดิ์ สายทอง,2
KK10_CONST_ชนบท_ปอแดง_M7_U7,5,นายพชรกร อรรณนพพร,41
KK10_CONST_ชนบท_ปอแดง_M7_U7,6,นายประยูร เทียมทะนง,1
KK10_CONST_ชนบท_ปอแดง_M8_U8,1,นายวันนิวัติ สมบูรณ์,77
KK10_CONST_ชนบท_ปอแดง_M8_U8,2,ร.ต.ท.สงวน คมขาว,2
KK10_CONST_ชนบท_ปอแดง_M8_U8,3,นายนิวัตร สระพรม,16
KK10_CONST_ชนบท_ปอแดง_M8_U8,4,นายวิระศักดิ์ สายทอง,0
KK10_CONST_ชนบท_ปอแดง_M8_U8,5,นายพชรกร อรรณนพพร,85
KK10_CONST_ชนบท_ปอแดง_M8_U8,6,นายประยูร เทียมทะนง,0
KK10_CONST_ชนบท_ปอแดง_M9_U9,1,นายวันนิวัติ สมบูรณ์,49
KK10_CONST_ชนบท_ปอแดง_M9_U9,2,ร.ต.ท.สงวน คมขาว,0
KK10_CONST_ชนบท_ปอแดง_M9_U9,3,นายนิวัตร สระพรม,19
KK10_CONST_ชนบท_ปอแดง_M9_U9,4,นายวิระศักดิ์ สายทอง,0
KK10_CONST_ชนบท_ปอแดง_M9_U9,5,นายพชรกร อรรณนพพร,53
KK10_CONST_ชนบท_ปอแดง_M9_U9,6,นายประยูร เทียมทะนง,1
KK10_CONST_ชนบท_วังแสง_M10_U10,1,นายวันนิวัติ สมบูรณ์,116
KK10_CONST_ชนบท_วังแสง_M10_U10,2,ร.ต.ท.สงวน คมขาว,2
KK10_CONST_ชนบท_วังแสง_M10_U10,3,นายนิวัตร สระพรม,33
KK10_CONST_ชนบท_วังแสง_M10_U10,4,นายวิระศักดิ์ สายทอง,0
KK10_CONST_ชนบท_วังแสง_M10_U10,5,นายพชรกร อรรณนพพร,112
KK10_CONST_ชนบท_วังแสง_M10_U10,6,นายประยูร เทียมทะนง,0
KK10_CONST_ชนบท_วังแสง_M11_U11,1,นายวันนิวัติ สมบูรณ์,80
KK10_CONST_ชนบท_วังแสง_M11_U11,2,ร.ต.ท.สงวน คมขาว,4
KK10_CONST_ชนบท_วังแสง_M11_U11,3,นายนิวัตร สระพรม,25
KK10_CONST_ชนบท_วังแสง_M11_U11,4,นายวิระศักดิ์ สายทอง,0
KK10_CONST_ชนบท_วังแสง_M11_U11,5,นายพชรกร อรรณนพพร,181
KK10_CONST_ชนบท_วังแสง_M11_U11,6,นายประยูร เทียมทะนง,1
KK10_CONST_ชนบท_วังแสง_M1_U1,1,นายวันนิวัติ สมบูรณ์,102
KK10_CONST_ชนบท_วังแสง_M1_U1,2,ร.ต.ท.สงวน คมขาว,1
KK10_CONST_ชนบท_วังแสง_M1_U1,3,นายนิวัตร สระพรม,22
KK10_CONST_ชนบท_วังแสง_M1_U1,4,นายวิระศักดิ์ สายทอง,11
KK10_CONST_ชนบท_วังแสง_M1_U1,5,นายพชรกร อรรณนพพร,125
KK10_CONST_ชนบท_วังแสง_M1_U1,6,นายประยูร เทียมทะนง,2
KK10_CONST_ชนบท_วังแสง_M2_U2,1,นายวันนิวัติ สมบูรณ์,153
KK10_CONST_ชนบท_วังแสง_M2_U2,2,ร.ต.ท.สงวน คมขาว,2
KK10_CONST_ชนบท_วังแสง_M2_U2,3,นายนิวัตร สระพรม,27
KK10_CONST_ชนบท_วังแสง_M2_U2,4,นายวิระศักดิ์ สายทอง,5
KK10_CONST_ชนบท_วังแสง_M2_U2,5,นายพชรกร อรรณนพพร,122
KK10_CONST_ชนบท_วังแสง_M2_U2,6,นายประยูร เทียมทะนง,0
KK10_CONST_ชนบท_วังแสง_M3_U3,1,นายวันนิวัติ สมบูรณ์,138
KK10_CONST_ชนบท_วังแสง_M3_U3,2,ร.ต.ท.สงวน คมขาว,2
KK10_CONST_ชนบท_วังแสง_M3_U3,3,นายนิวัตร สระพรม,34
KK10_CONST_ชนบท_วังแสง_M3_U3,4,นายวิระศักดิ์ สายทอง,2
KK10_CONST_ชนบท_วังแสง_M3_U3,5,นายพชรกร อรรณนพพร,220
KK10_CONST_ชนบท_วังแสง_M3_U3,6,นายประยูร เทียมทะนง,3
KK10_CONST_ชนบท_วังแสง_M4_U4,1,นายวันนิวัติ สมบูรณ์,88
KK10_CONST_ชนบท_วังแสง_M4_U4,2,ร.ต.ท.สงวน คมขาว,0
KK10_CONST_ชนบท_วังแสง_M4_U4,3,นายนิวัตร สระพรม,17
KK10_CONST_ชนบท_วังแสง_M4_U4,4,นายวิระศักดิ์ สายทอง,2
KK10_CONST_ชนบท_วังแสง_M4_U4,5,นายพชรกร อรรณนพพร,198
KK10_CONST_ชนบท_วังแสง_M4_U4,6,นายประยูร เทียมทะนง,1
KK10_CONST_ชนบท_วังแสง_M5_U5,1,นายวันนิวัติ สมบูรณ์,54
KK10_CONST_ชนบท_วังแสง_M5_U5,2,ร.ต.ท.สงวน คมขาว,1
KK10_CONST_ชนบท_วังแสง_M5_U5,3,นายนิวัตร สระพรม,7
KK10_CONST_ชนบท_วังแสง_M5_U5,4,นายวิระศักดิ์ สายทอง,0
KK10_CONST_ชนบท_วังแสง_M5_U5,5,นายพชรกร อรรณนพพร,71
KK10_CONST_ชนบท_วังแสง_M5_U5,6,นายประยูร เทียมทะนง,2
KK10_CONST_ชนบท_วังแสง_M6_U6,1,นายวันนิวัติ สมบูรณ์,107
KK10_CONST_ชนบท_วังแสง_M6_U6,2,ร.ต.ท.สงวน คมขาว,1
KK10_CONST_ชนบท_วังแสง_M6_U6,3,นายนิวัตร สระพรม,39
KK10_CONST_ชนบท_วังแสง_M6_U6,4,นายวิระศักดิ์ สายทอง,0
KK10_CONST_ชนบท_วังแสง_M6_U6,5,นายพชรกร อรรณนพพร,159
KK10_CONST_ชนบท_วังแสง_M6_U6,6,นายประยูร เทียมทะนง,0
KK10_CONST_ชนบท_วังแสง_M7_U7,1,นายวันนิวัติ สมบูรณ์,94
KK10_CONST_ชนบท_วังแสง_M7_U7,2,ร.ต.ท.สงวน คมขาว,7
KK10_CONST_ชนบท_วังแสง_M7_U7,3,นายนิวัตร สระพรม,56
KK10_CONST_ชนบท_วังแสง_M7_U7,4,นายวิระศักดิ์ สายทอง,5
KK10_CONST_ชนบท_วังแสง_M7_U7,5,นายพชรกร อรรณนพพร,208
KK10_CONST_ชนบท_วังแสง_M7_U7,6,นายประยูร เทียมทะนง,0
KK10_CONST_ชนบท_วังแสง_M8_U8,1,นายวันนิวัติ สมบูรณ์,112
KK10_CONST_ชนบท_วังแสง_M8_U8,2,ร.ต.ท.สงวน คมขาว,2
KK10_CONST_ชนบท_วังแสง_M8_U8,3,นายนิวัตร สระพรม,28
KK10_CONST_ชนบท_วังแสง_M8_U8,4,นายวิระศักดิ์ สายทอง,3
KK10_CONST_ชนบท_วังแสง_M8_U8,5,นายพชรกร อรรณนพพร,154
KK10_CONST_ชนบท_วังแสง_M8_U8,6,นายประยูร เทียมทะนง,1
KK10_CONST_ชนบท_วังแสง_M9_U9,1,นายวันนิวัติ สมบูรณ์,70
KK10_CONST_ชนบท_วังแสง_M9_U9,2,ร.ต.ท.สงวน คมขาว,0
KK10_CONST_ชนบท_วังแสง_M9_U9,3,นายนิวัตร สระพรม,15
KK10_CONST_ชนบท_วังแสง_M9_U9,4,นายวิระศักดิ์ สายทอง,0
KK10_CONST_ชนบท_วังแสง_M9_U9,5,นายพชรกร อรรณนพพร,84
KK10_CONST_ชนบท_วังแสง_M9_U9,6,นายประยูร เทียมทะนง,1
KK10_CONST_ชนบท_ห้วยแก_M1_U1,1,นายวันนิวัติ สมบูรณ์,154
KK10_CONST_ชนบท_ห้วยแก_M1_U1,2,ร.ต.ท.สงวน คมขาว,3
KK10_CONST_ชนบท_ห้วยแก_M1_U1,3,นายนิวัตร สระพรม,34
KK10_CONST_ชนบท_ห้วยแก_M1_U1,4,นายวิระศักดิ์ สายทอง,3
KK10_CONST_ชนบท_ห้วยแก_M1_U1,5,นายพชรกร อรรณนพพร,305
KK10_CONST_ชนบท_ห้วยแก_M1_U1,6,นายประยูร เทียมทะนง,2
KK10_CONST_ชนบท_ห้วยแก_M2_U2,1,นายวันนิวัติ สมบูรณ์,143
KK10_CONST_ชนบท_ห้วยแก_M2_U2,2,ร.ต.ท.สงวน คมขาว,15
KK10_CONST_ชนบท_ห้วยแก_M2_U2,3,นายนิวัตร สระพรม,57
KK10_CONST_ชนบท_ห้วยแก_M2_U2,4,นายวิระศักดิ์ สายทอง,1
KK10_CONST_ชนบท_ห้วยแก_M2_U2,5,นายพชรกร อรรณนพพร,204
KK10_CONST_ชนบท_ห้วยแก_M2_U2,6,นายประยูร เทียมทะนง,2
KK10_CONST_ชนบท_ห้วยแก_M3_U3,1,นายวันนิวัติ สมบูรณ์,117
KK10_CONST_ชนบท_ห้วยแก_M3_U3,2,ร.ต.ท.สงวน คมขาว,1
KK10_CONST_ชนบท_ห้วยแก_M3_U3,3,นายนิวัตร สระพรม,15
KK10_CONST_ชนบท_ห้วยแก_M3_U3,4,นายวิระศักดิ์ สายทอง,2
KK10_CONST_ชนบท_ห้วยแก_M3_U3,5,นายพชรกร อรรณนพพร,117
KK10_CONST_ชนบท_ห้วยแก_M3_U3,6,นายประยูร เทียมทะนง,1
KK10_CONST_ชนบท_ห้วยแก_M4_U4,1,นายวันนิวัติ สมบูรณ์,231
KK10_CONST_ชนบท_ห้วยแก_M4_U4,2,ร.ต.ท.สงวน คมขาว,1
KK10_CONST_ชนบท_ห้วยแก_M4_U4,3,นายนิวัตร สระพรม,35
KK10_CONST_ชนบท_ห้วยแก_M4_U4,4,นายวิระศักดิ์ สายทอง,2
KK10_CONST_ชนบท_ห้วยแก_M4_U4,5,นายพชรกร อรรณนพพร,180
KK10_CONST_ชนบท_ห้วยแก_M4_U4,6,นายประยูร เทียมทะนง,3
KK10_CONST_ชนบท_ห้วยแก_M5_U5,1,นายวันนิวัติ สมบูรณ์,87
KK10_CONST_ชนบท_ห้วยแก_M5_U5,2,ร.ต.ท.สงวน คมขาว,6
KK10_CONST_ชนบท_ห้วยแก_M5_U5,3,นายนิวัตร สระพรม,17
KK10_CONST_ชนบท_ห้วยแก_M5_U5,4,นายวิระศักดิ์ สายทอง,0
KK10_CONST_ชนบท_ห้วยแก_M5_U5,5,นายพชรกร อรรณนพพร,52
KK10_CONST_ชนบท_ห้วยแก_M5_U5,6,นายประยูร เทียมทะนง,0
KK10_CONST_ชนบท_ห้วยแก_M6_U6,1,นายวันนิวัติ สมบูรณ์,157
KK10_CONST_ชนบท_ห้วยแก_M6_U6,2,ร.ต.ท.สงวน คมขาว,2
KK10_CONST_ชนบท_ห้วยแก_M6_U6,3,นายนิวัตร สระพรม,33
KK10_CONST_ชนบท_ห้วยแก_M6_U6,4,นายวิระศักดิ์ สายทอง,2
KK10_CONST_ชนบท_ห้วยแก_M6_U6,5,นายพชรกร อรรณนพพร,160
KK10_CONST_ชนบท_ห้วยแก_M6_U6,6,นายประยูร เทียมทะนง,1
KK10_CONST_ชนบท_ห้วยแก_M7_U7,1,นายวันนิวัติ สมบูรณ์,133
KK10_CONST_ชนบท_ห้วยแก_M7_U7,2,ร.ต.ท.สงวน คมขาว,0
KK10_CONST_ชนบท_ห้วยแก_M7_U7,3,นายนิวัตร สระพรม,19
KK10_CONST_ชนบท_ห้วยแก_M7_U7,4,นายวิระศักดิ์ สายทอง,0
KK10_CONST_ชนบท_ห้วยแก_M7_U7,5,นายพชรกร อรรณนพพร,36
KK10_CONST_ชนบท_ห้วยแก_M7_U7,6,นายประยูร เทียมทะนง,0
KK10_CONST_ชนบท_ห้วยแก_M8_U8,1,นายวันนิวัติ สมบูรณ์,112
KK10_CONST_ชนบท_ห้วยแก_M8_U8,2,ร.ต.ท.สงวน คมขาว,2
KK10_CONST_ชนบท_ห้วยแก_M8_U8,3,นายนิวัตร สระพรม,28
KK10_CONST_ชนบท_ห้วยแก_M8_U8,4,นายวิระศักดิ์ สายทอง,3
KK10_CONST_ชนบท_ห้วยแก_M8_U8,5,นายพชรกร อรรณนพพร,154
KK10_CONST_ชนบท_ห้วยแก_M8_U8,6,นายประยูร เทียมทะนง,1
KK10_CONST_ชนบท_ห้วยแก_M9_U9,1,นายวันนิวัติ สมบูรณ์,38
KK10_CONST_ชนบท_ห้วยแก_M9_U9,2,ร.ต.ท.สงวน คมขาว,2
KK10_CONST_ชนบท_ห้วยแก_M9_U9,3,นายนิวัตร สระพรม,6
KK10_CONST_ชนบท_ห้วยแก_M9_U9,4,นายวิระศักดิ์ สายทอง,1
KK10_CONST_ชนบท_ห้วยแก_M9_U9,5,นายพชรกร อรรณนพพร,131
KK10_CONST_ชนบท_ห้วยแก_M9_U9,6,นายประยูร เทียมทะนง,0
